INSERT INTO auth.users (instance_id,id,aud,role,email,encrypted_password,email_confirmed_at,invited_at,confirmation_token,confirmation_sent_at,recovery_token,recovery_sent_at,email_change_token_new,email_change,email_change_sent_at,last_sign_in_at,raw_app_meta_data,raw_user_meta_data,is_super_admin,created_at,updated_at,phone,phone_confirmed_at,phone_change,phone_change_token,phone_change_sent_at,email_change_token_current,email_change_confirm_status,banned_until,reauthentication_token,reauthentication_sent_at,is_sso_user,deleted_at,is_anonymous) VALUES ('3dcce8b2-d93e-5155-9a50-a529057e4a9a', '0f5d546a-dd80-5406-a005-a4f3061b9fb4', 'user1:letmein', 'CommunityHelper', 'Alec.Bahringer49059@project-wave.net', '$2a$10$B5A4C3D2E1F6G', '2020-02-10T13:34:50.000Z', '2020-03-07T03:00:57.000Z', 'f71ecf95-7766-52eb-9128-7f41ba94a019', '2020-12-28T11:35:00.000Z', '0911f256-347e-5563-a9fc-69f423a36eab', '2020-01-09T00:49:11.000Z', '9f126563-dfc1-5d22-acf4-882145eb1257', 'false', '2020-10-02T09:19:38.000Z', '2020-08-16T19:13:05.000Z', '{"Dolorum":"Inor placet si"}', '{"avatar_url":"https://picsum.photos/200?random=0"}', 't', '2020-06-06T05:41:47.000Z', '2020-03-11T02:10:13.000Z', DEFAULT, '2020-03-11T02:53:19.000Z', DEFAULT, DEFAULT, '2020-12-24T11:30:02.000Z', DEFAULT, DEFAULT, '2020-06-10T05:08:46.000Z', DEFAULT, '2020-06-26T17:49:35.000Z', DEFAULT, '2020-03-23T14:25:27.000Z', DEFAULT), ('6e9ec33d-2e0a-5b02-8e2d-f0d1c5040b5f', '5fef9e7c-116a-5504-a6ae-d16f4442d448', 'user10:hellokitty', 'ContentReviewer', 'Annamarie_Brakus10291@tattoobell.com', 'PBKDF2$H$9$M8L7K6J5I4H3G', '2020-02-26T13:38:22.000Z', '2020-03-23T14:40:28.000Z', '125814ea-e205-5ab0-b3ad-a5495eae6164', '2020-10-18T22:13:30.000Z', 'a822594c-6232-5b8c-8c4b-426764390c47', '2020-09-25T08:22:24.000Z', '32f44ed3-52e3-5b33-9a2c-cd7f7a2b61fd', 'false', '2020-06-18T17:21:57.000Z', '2020-03-27T14:58:22.000Z', '{"Ali":"Tentiae est"}', '{"avatar_url":"https://picsum.photos/200?random=1"}', 't', '2020-01-17T12:52:35.000Z', '2020-05-25T17:01:44.000Z', DEFAULT, '2020-07-19T18:13:25.000Z', DEFAULT, DEFAULT, '2020-06-22T05:10:29.000Z', DEFAULT, DEFAULT, '2020-04-04T15:27:18.000Z', DEFAULT, '2020-06-06T17:32:29.000Z', DEFAULT, '2020-08-12T20:00:19.000Z', DEFAULT), ('493e0e3d-0db0-5675-8b80-e9aee6e49834', '5ac46069-d153-5b50-a0be-8a017d379243', 'user8:mybirthday', 'ClubOwner', 'Leanna_Quigley96822@attain-thermals.com', '$2b$10$G6F5E4D3C2B1A', '2020-03-19T03:03:29.000Z', '2020-03-19T14:02:18.000Z', '6d7474ea-84f2-5ef3-8596-ce306ce75939', '2020-07-19T18:34:10.000Z', 'e4b7ff38-fae0-5350-bd75-2ec0909433ec', '2020-08-04T19:41:54.000Z', '0cf25506-6426-55de-9e64-a60ec2e6efc6', 'true', '2020-05-13T16:18:40.000Z', '2020-06-06T17:45:25.000Z', '{"Quid":"Graeca defuitatem"}', '{"avatar_url":"https://picsum.photos/200?random=2"}', 't', '2020-02-26T13:44:11.000Z', '2020-03-15T14:17:38.000Z', DEFAULT, '2020-04-24T15:47:54.000Z', DEFAULT, DEFAULT, '2020-05-09T04:17:32.000Z', DEFAULT, DEFAULT, '2020-02-02T01:18:30.000Z', DEFAULT, '2020-06-18T06:02:16.000Z', DEFAULT, '2020-03-23T14:10:39.000Z', DEFAULT), ('69e449b5-11f0-513e-8bc4-f52a33b36510', '5f2c632c-1003-5d3e-94f5-6085899aa359', 'user11:mynameis', 'ClubCoOwner', 'Christop.Sawayn48595@popularmobility.net', '$2a$10$E4D3C2B1A6F5G7H8I', '2020-12-12T11:31:28.000Z', '2020-08-16T07:57:21.000Z', 'a8fc76ac-b264-5807-9bde-d896c3807634', '2020-08-12T08:00:54.000Z', '337f94b5-1a80-50eb-a4e9-98224cd420ff', '2020-09-13T20:37:41.000Z', '2773c7f9-3d43-56ee-a22d-abe5b80ff305', 'false', '2020-11-23T23:08:38.000Z', '2020-06-06T05:48:26.000Z', '{"Enimi":"Idem fieri"}', '{"avatar_url":"https://picsum.photos/200?random=3"}', 'f', '2020-10-14T21:49:12.000Z', '2020-11-03T10:50:29.000Z', DEFAULT, '2020-01-13T12:12:47.000Z', DEFAULT, DEFAULT, '2020-10-02T21:18:35.000Z', DEFAULT, DEFAULT, '2020-04-20T04:00:32.000Z', DEFAULT, '2020-10-18T09:33:18.000Z', DEFAULT, '2020-04-08T15:48:48.000Z', DEFAULT), ('6e299974-a424-5920-be37-6644fdaa15c1', '71c8f57c-aae5-5ac8-8fc0-a1ff399b17b8', 'user15:ihavefun', 'ClubCreator', 'Mozelle_Boyer81623@spectacularsweat.net', '$2a$10$F7E6D5C4B3A2', '2020-02-26T02:02:43.000Z', '2020-05-05T04:59:53.000Z', 'e2801d2c-130a-5a72-a069-c02fc5b725f5', '2020-08-04T08:02:31.000Z', '0fc01aab-1462-5db8-9374-0c3ad067ee16', '2020-07-27T18:37:54.000Z', '35eb5c8f-642f-5d3b-ae8f-32a07040a69e', 'true', '2020-01-09T12:27:31.000Z', '2020-10-22T21:30:27.000Z', '{"Diuturo":"Quasi metu tur"}', '{"avatar_url":"https://picsum.photos/200?random=4"}', 't', '2020-02-06T01:36:17.000Z', '2020-01-05T00:01:49.000Z', DEFAULT, '2020-11-03T10:49:18.000Z', DEFAULT, DEFAULT, '2020-11-27T11:02:39.000Z', DEFAULT, DEFAULT, '2020-04-08T03:42:16.000Z', DEFAULT, '2020-03-07T15:04:13.000Z', DEFAULT, '2020-06-06T17:55:18.000Z', DEFAULT), ('2da56712-0c82-57cd-8866-6c110db961bf', '815c84a1-9088-5e6f-b1ab-0853285c0e5d', 'user38:myboyfriend', 'DiscussionModerator', 'Julien.Kerluke72913@decent-sneeze.com', '$2a$10$D7E6F5G4H3I2', '2020-07-23T07:09:25.000Z', '2020-09-13T09:00:10.000Z', 'dbf92acc-c507-5eca-87fc-59480087903a', '2020-05-01T16:10:46.000Z', '304afb96-347e-536b-bc59-effeff8bb084', '2020-02-14T13:56:13.000Z', '01e6f04b-3847-53ca-97c7-9ac698e14184', 'false', '2020-01-05T12:24:54.000Z', '2020-01-01T00:14:07.000Z', '{"Pertinendus":"Quae nam malistius"}', '{"avatar_url":"https://picsum.photos/200?random=5"}', 't', '2020-01-05T12:52:58.000Z', '2020-11-19T22:46:53.000Z', DEFAULT, '2020-10-18T09:33:25.000Z', DEFAULT, DEFAULT, '2020-03-07T02:35:19.000Z', DEFAULT, DEFAULT, '2020-12-28T23:32:47.000Z', DEFAULT, '2020-07-07T18:28:57.000Z', DEFAULT, '2020-08-04T07:35:09.000Z', DEFAULT), ('c073ab93-1744-5490-9639-0339a0a2041f', 'f14ee7a7-b3f9-561d-8cf7-983293f0008f', 'user32:myphone', 'Reviewer', 'Amelie.McLaughlin4801@squigglypeacoat.info', '$2a$10$D7E6F5G4H3I2', '2020-03-11T02:08:14.000Z', '2020-02-18T01:28:20.000Z', '97bb601f-668b-51f2-b9c9-2767e2c31d65', '2020-09-09T08:18:31.000Z', 'c9f77e90-d3b7-54fb-b02f-aaa300ffdfcf', '2020-05-17T04:56:15.000Z', '1d34041a-fa09-529e-9316-ca5ffc1caf51', 'true', '2020-04-20T03:24:46.000Z', '2020-03-07T14:27:45.000Z', '{"Stoicos":"Ut despicatio sunt"}', '{"avatar_url":"https://picsum.photos/200?random=6"}', 'f', '2020-12-21T00:09:21.000Z', '2020-09-09T21:05:14.000Z', DEFAULT, '2020-05-09T16:33:02.000Z', DEFAULT, DEFAULT, '2020-10-26T09:56:23.000Z', DEFAULT, DEFAULT, '2020-12-24T11:28:38.000Z', DEFAULT, '2020-11-11T22:20:54.000Z', DEFAULT, '2020-05-09T04:26:45.000Z', DEFAULT), ('55b67276-434e-5c2e-9260-6e1009fa264a', 'e4153ca5-d012-5995-bad4-086731587974', 'user19:myhouse', 'CommunityManager', 'Vada_Nicolas46208@say-mean.net', '$2a$11$43MK$9vHVqfNbX.4eI', '2020-11-23T10:14:34.000Z', '2020-05-05T04:51:58.000Z', '7909b720-b731-57bd-bd73-23cdbb712bfa', '2020-11-19T10:37:35.000Z', '3966e100-3bff-5ca8-ad4b-8f35d89e7a99', '2020-12-12T11:38:55.000Z', '7eec18e3-90f7-5b16-ac22-1718e4311fa1', 'false', '2020-01-01T00:39:45.000Z', '2020-09-13T21:07:17.000Z', '{"Cibo":"Sibi si"}', '{"avatar_url":"https://picsum.photos/200?random=7"}', 't', '2020-01-21T00:16:40.000Z', '2020-10-10T21:24:39.000Z', DEFAULT, '2020-10-14T09:47:47.000Z', DEFAULT, DEFAULT, '2020-01-01T00:10:09.000Z', DEFAULT, DEFAULT, '2020-04-08T03:51:22.000Z', DEFAULT, '2020-08-08T19:19:01.000Z', DEFAULT, '2020-12-24T23:37:57.000Z', DEFAULT), ('dbb1dad3-0e55-5854-ac4a-5853ba42b0ed', '8bb5337a-4ae8-5fe9-834c-d09e97c220b7', 'user12:johnwick', 'Reader', 'Princess_Mills19974@disbarvestment.info', '$2y$10$A8B7C6D5E4F3G2H1I0J9K8L7M6N5O4', '2020-07-07T06:26:51.000Z', '2020-07-07T18:21:23.000Z', '108bd49d-8a58-5136-a44b-7180d54ffd7b', '2020-06-14T17:52:11.000Z', '6865ce34-4ba6-5ea9-bd01-a96ce9a4bead', '2020-11-23T10:22:36.000Z', 'b36058c2-7f4a-5d0a-a143-d33a159f96c9', 'false', '2020-05-13T16:42:33.000Z', '2020-10-26T09:10:21.000Z', '{"Aut":"Moda ad multoque"}', '{"avatar_url":"https://picsum.photos/200?random=8"}', 't', '2020-02-02T14:01:58.000Z', '2020-04-28T15:17:26.000Z', DEFAULT, '2020-08-16T07:50:43.000Z', DEFAULT, DEFAULT, '2020-04-24T03:42:26.000Z', DEFAULT, DEFAULT, '2020-01-09T12:37:53.000Z', DEFAULT, '2020-03-15T14:52:20.000Z', DEFAULT, '2020-08-16T19:40:49.000Z', DEFAULT), ('956ce2d6-50f6-5a40-9f45-d6a6ebe53493', 'b36ab93a-34cf-5d2f-8309-1f65466da6f0', 'user35:myjob', 'ContentWriter', 'Arthur.Little41425@highlightstroke.info', '$2b$11$C9D8E7F6G5H4I', '2020-09-01T08:16:45.000Z', '2020-08-04T20:09:45.000Z', '22cb9fc6-58a3-55f5-9f12-06e2d21cd400', '2020-06-14T17:42:02.000Z', '90ae1d0f-7420-5e65-8ac3-5605a0fd1ff1', '2020-05-01T04:54:34.000Z', 'f6c2a780-3786-56f2-a5ef-6808e5cb5c96', 'false', '2020-10-10T21:54:36.000Z', '2020-12-13T00:03:16.000Z', '{"Quibus":"Geomete minimper cum"}', '{"avatar_url":"https://picsum.photos/200?random=9"}', 'f', '2020-01-01T12:56:38.000Z', '2020-06-14T05:43:06.000Z', DEFAULT, '2020-04-20T15:38:38.000Z', DEFAULT, DEFAULT, '2020-10-06T09:34:30.000Z', DEFAULT, DEFAULT, '2020-01-17T12:48:09.000Z', DEFAULT, '2020-05-05T16:59:25.000Z', DEFAULT, '2020-12-08T11:56:27.000Z', DEFAULT), ('07a278f3-bf45-5e25-824d-e1411e981100', '44315cac-0a3d-513e-ae25-923183abdce2', 'user13:iamhappy', 'ClubOwner', 'Shanna.Boyle39480@creative-lute.info', '$2y$10$J5I4H3G2F1E6', '2020-12-16T23:31:46.000Z', '2020-09-05T20:26:15.000Z', 'd8fccc86-0c38-5fe7-8ef8-afebc221508c', '2020-03-23T02:50:09.000Z', 'c8358687-b653-5ca0-9ff9-f44da22d275c', '2020-03-19T02:43:05.000Z', '05bb5786-ae6c-53da-9c72-9e0f830b8cf5', 'true', '2020-12-24T11:33:04.000Z', '2020-07-15T06:45:10.000Z', '{"Caret":"Omnem poetis"}', '{"avatar_url":"https://picsum.photos/200?random=10"}', 'f', '2020-10-10T22:07:18.000Z', '2020-08-20T19:15:43.000Z', DEFAULT, '2020-05-09T04:20:13.000Z', DEFAULT, DEFAULT, '2020-07-07T06:29:32.000Z', DEFAULT, DEFAULT, '2020-03-23T03:06:14.000Z', DEFAULT, '2020-08-20T07:59:39.000Z', DEFAULT, '2020-07-19T07:03:38.000Z', DEFAULT), ('7b9bfa04-6690-5169-b61c-0c5a2850ca05', 'bc6c992f-6177-5b38-a99d-4c1f8bf2d0e3', 'root:toor', 'DiscussionHost', 'Nigel.Bailey70616@immaculatevolatility.biz', '$2b$10$91a2b3c4d5e6f7g8h', '2020-06-14T17:51:36.000Z', '2020-12-20T23:39:17.000Z', '3f65655a-6961-5cf5-b048-696d56c6947e', '2020-11-11T22:48:38.000Z', 'bca2274b-589a-5c19-a96f-af41952843c7', '2020-10-18T09:55:40.000Z', 'ba2e3d67-0765-5360-9e40-e75b2db86b69', 'true', '2020-01-05T01:03:21.000Z', '2020-03-27T14:30:25.000Z', '{"Res":"A quicquam intellegat"}', '{"avatar_url":"https://picsum.photos/200?random=11"}', 'f', '2020-03-11T02:41:20.000Z', '2020-11-15T10:24:13.000Z', DEFAULT, '2020-10-18T09:51:07.000Z', DEFAULT, DEFAULT, '2020-02-26T13:52:06.000Z', DEFAULT, DEFAULT, '2020-06-02T06:08:46.000Z', DEFAULT, '2020-09-21T09:00:18.000Z', DEFAULT, '2020-12-28T12:02:02.000Z', DEFAULT), ('881472a8-265f-57f8-b4fd-82cf0687c589', '5ca75a8e-3605-5166-aa74-4e2e2fc0beef', 'user9:ilovemusic', 'ClubCreator', 'Carolyn_Weimann23421@grippingcondominium.info', '$2a$10$A3B2C1D4E5F6', '2020-11-11T22:25:34.000Z', '2020-04-12T15:32:19.000Z', 'd35dc686-4bbc-5c0e-b308-2bb961871d01', '2020-02-26T13:51:18.000Z', '23642e6e-9088-5fd1-84f2-127b6454df3d', '2020-07-03T18:43:33.000Z', '38602006-9884-54d1-b01c-4bab6551fcf1', 'false', '2020-11-07T10:39:42.000Z', '2020-01-05T00:36:47.000Z', '{"Voluptas":"Faciam quamquamvis"}', '{"avatar_url":"https://picsum.photos/200?random=12"}', 'f', '2020-06-14T17:48:55.000Z', '2020-03-03T02:49:56.000Z', DEFAULT, '2020-05-09T16:16:36.000Z', DEFAULT, DEFAULT, '2020-07-03T06:59:45.000Z', DEFAULT, DEFAULT, '2020-12-20T12:14:43.000Z', DEFAULT, '2020-08-12T19:33:18.000Z', DEFAULT, '2020-09-21T08:27:20.000Z', DEFAULT), ('5577ca7e-874d-5faf-92a9-3d5aed92d738', '12b3f6e4-8e09-5767-b1ce-9d45589acea2', 'user13:iamhappy', 'ForumModerator', 'Neil_Pollich55903@creamy-scenario.com', 'PBKDF2$H$9$A8B7C6D5E4F', '2020-07-23T18:20:49.000Z', '2020-11-03T22:56:25.000Z', 'dce4dd4a-a01f-55c8-bdae-7a5b43752930', '2020-07-15T18:42:07.000Z', 'fcf29619-1f80-565c-9e2c-cae86a211915', '2020-04-12T15:29:03.000Z', '087d59c4-6324-58a2-b886-46e0ca9073a4', 'true', '2020-04-16T15:43:14.000Z', '2020-03-15T14:02:07.000Z', '{"Omnino":"Etiam quis"}', '{"avatar_url":"https://picsum.photos/200?random=13"}', 'f', '2020-10-22T21:38:50.000Z', '2020-08-24T19:55:37.000Z', DEFAULT, '2020-10-26T09:37:10.000Z', DEFAULT, DEFAULT, '2020-01-01T00:24:36.000Z', DEFAULT, DEFAULT, '2020-10-10T21:19:53.000Z', DEFAULT, '2020-03-15T02:26:50.000Z', DEFAULT, '2020-10-18T10:04:38.000Z', DEFAULT), ('e9db4923-f5e7-5041-a8ca-b4b4a20eed11', '461f046b-b8af-5c8e-95dd-0f9194531ecb', 'user27:mycity', 'ContentReviewer', 'Ollie.Kulas48928@suppurateemotion.com', '$2y$10$C2A1B3D4E5F6G7H8I', '2020-12-28T11:16:28.000Z', '2020-03-07T02:28:54.000Z', 'ec3d00e1-afac-5227-b338-1dd190272b5c', '2020-03-11T02:23:58.000Z', '4b0f9500-8c60-52b5-ac9b-9d91cb9d9fc5', '2020-01-13T00:06:44.000Z', '9a14be8c-2933-59c4-af88-700fc59c3fe4', 'false', '2020-07-07T06:14:23.000Z', '2020-07-23T06:28:24.000Z', '{"Ere":"Afferat aut epicosop"}', '{"avatar_url":"https://picsum.photos/200?random=14"}', 't', '2020-07-11T18:19:49.000Z', '2020-02-26T01:17:30.000Z', DEFAULT, '2020-04-04T15:42:48.000Z', DEFAULT, DEFAULT, '2020-09-25T08:08:31.000Z', DEFAULT, DEFAULT, '2020-04-08T15:55:33.000Z', DEFAULT, '2020-07-07T07:07:45.000Z', DEFAULT, '2020-04-20T15:07:24.000Z', DEFAULT), ('8781879c-5a57-5586-9b0e-c3e432941888', 'dce623ef-801d-54b0-a2df-9358c082e29e', 'user3:hellohello', 'ContentCreator', 'Talia_Lynch40694@unrealisticdirector.biz', 'PBKDF2$H$9$4F3E2D1C6B5A', '2020-12-24T23:27:14.000Z', '2020-05-17T16:43:54.000Z', 'd8b83192-c22e-59b1-9332-054667c77fa5', '2020-08-08T19:31:21.000Z', 'b26c5b79-35d0-5732-80b2-9fb4129e4bd1', '2020-07-27T06:26:57.000Z', '3100cd69-23a8-50ea-8562-4984fb8b86a9', 'false', '2020-07-23T19:05:34.000Z', '2020-11-27T22:34:41.000Z', '{"Im":"Quos tam facil"}', '{"avatar_url":"https://picsum.photos/200?random=15"}', 't', '2020-06-26T17:42:22.000Z', '2020-08-12T07:35:44.000Z', DEFAULT, '2020-02-10T01:28:11.000Z', DEFAULT, DEFAULT, '2020-10-22T21:34:38.000Z', DEFAULT, DEFAULT, '2020-06-22T17:19:00.000Z', DEFAULT, '2020-07-19T07:07:36.000Z', DEFAULT, '2020-11-19T11:01:56.000Z', DEFAULT), ('6ef55e39-a225-5b82-be62-b880c209176a', '82d62e5d-3a42-5fcc-8eba-42d842fea91a', 'user31:myhobby', 'BookClubMember', 'Erick.Considine81131@spur-oats.biz', '$2b$10$F1E2D3C4B5A6G7', '2020-06-14T05:29:21.000Z', '2020-12-04T23:25:02.000Z', '298e9058-c870-53af-bf12-a1c619d8abf5', '2020-03-11T14:40:24.000Z', '65a520af-b62e-5cc2-be21-20ff7c234207', '2020-08-16T19:21:57.000Z', '14428140-3449-585a-be2b-087162f8a0bf', 'true', '2020-11-19T23:00:11.000Z', '2020-05-05T04:48:21.000Z', '{"Verum":"Quia omnia"}', '{"avatar_url":"https://picsum.photos/200?random=16"}', 'f', '2020-12-16T11:59:44.000Z', '2020-02-10T01:21:33.000Z', DEFAULT, '2020-07-23T06:51:21.000Z', DEFAULT, DEFAULT, '2020-10-26T09:10:21.000Z', DEFAULT, DEFAULT, '2020-06-02T05:43:21.000Z', DEFAULT, '2020-09-17T08:37:24.000Z', DEFAULT, '2020-05-25T16:20:30.000Z', DEFAULT), ('17d84372-828b-5792-a02b-f3402781a5f0', '4906cefc-1eec-5209-9bcc-28e8cf7c862a', 'user36:ilovebooks', 'ClubCoOwner', 'Aniyah_Waelchi44677@generatetimbale.info', 'PBKDF2$H$9$K9J8H7G6F5E', '2020-11-03T22:44:53.000Z', '2020-04-20T15:45:30.000Z', '8cdd027a-ce6f-5506-a316-7822f1353797', '2020-12-20T11:22:03.000Z', '455e0053-a7dc-5d41-a11b-3da489f2421d', '2020-08-04T07:45:31.000Z', 'd3916960-02c7-5a24-a383-d86396d00f3d', 'true', '2020-08-20T20:02:05.000Z', '2020-02-02T01:22:42.000Z', '{"In":"Etiam ea morte"}', '{"avatar_url":"https://picsum.photos/200?random=17"}', 't', '2020-06-14T17:25:58.000Z', '2020-07-23T18:55:40.000Z', DEFAULT, '2020-06-26T05:43:03.000Z', DEFAULT, DEFAULT, '2020-09-05T20:12:23.000Z', DEFAULT, DEFAULT, '2020-10-14T21:16:41.000Z', DEFAULT, '2020-08-16T19:24:37.000Z', DEFAULT, '2020-06-02T17:42:40.000Z', DEFAULT), ('9e676382-8549-5610-b859-aacd62166db8', 'c9ea0237-6687-557a-b9a6-7641ce93392e', 'user20:mycomputer', 'BookDiscussionLeader', 'Conner_Feest37814@hollow-raise.info', '$2a$10$E4D3C2B1A6F5G7H8I', '2020-02-18T13:25:53.000Z', '2020-01-17T00:42:06.000Z', '0e683ca7-20f9-5a5a-9e1f-46b4b6c372cb', '2020-02-26T13:39:31.000Z', 'feb7b4bd-afdc-5d20-ae2a-7fd9eec81b10', '2020-10-18T09:51:35.000Z', '5ad2bb96-c81d-5bbc-b9a6-53fe546ccb22', 'true', '2020-09-05T09:01:33.000Z', '2020-01-25T00:57:09.000Z', '{"Finitudo":"Quo doleam"}', '{"avatar_url":"https://picsum.photos/200?random=18"}', 'f', '2020-08-28T07:32:10.000Z', '2020-10-26T09:42:17.000Z', DEFAULT, '2020-10-10T09:22:26.000Z', DEFAULT, DEFAULT, '2020-12-04T11:26:34.000Z', DEFAULT, DEFAULT, '2020-07-11T06:37:17.000Z', DEFAULT, '2020-05-05T04:20:17.000Z', DEFAULT, '2020-11-27T10:59:58.000Z', DEFAULT), ('45d297a6-0fe7-5771-90a3-092faa6f6de8', '698b6e50-7060-5752-b30f-c3c5d2ee3400', 'user26:myname', 'CommunityHelper', 'Marvin.Corwin74662@bubblycharlatan.org', '$2y$10$J8K7L6M5N4O3P2Q1R9S8', '2020-12-04T11:14:05.000Z', '2020-08-24T19:34:11.000Z', 'f0be1a98-8c7d-5bb0-b20f-279de28f7280', '2020-04-20T03:10:54.000Z', 'ba01c93c-b4e5-5596-843d-0ef5bf24a95d', '2020-05-05T16:43:48.000Z', 'ec833d7d-89e5-5c56-abb0-ea6740f2d93d', 'true', '2020-12-16T11:29:05.000Z', '2020-09-17T08:18:11.000Z', '{"Ate":"Satisse parte"}', '{"avatar_url":"https://picsum.photos/200?random=19"}', 't', '2020-05-13T04:53:36.000Z', '2020-05-05T05:01:45.000Z', DEFAULT, '2020-09-25T08:22:02.000Z', DEFAULT, DEFAULT, '2020-08-20T07:26:19.000Z', DEFAULT, DEFAULT, '2020-10-26T21:49:51.000Z', DEFAULT, '2020-12-28T11:31:16.000Z', DEFAULT, '2020-04-16T15:46:43.000Z', DEFAULT), ('22486593-fa1f-57e6-b81c-ac242f356e80', 'f50300db-d620-587a-a6c0-46d7f9ace912', 'user37:mygirlfriend', 'Reader', 'Marlee_Cummerata76784@grotesquebrass.net', '$2a$10$N6M5L4K3J2H1G', '2020-11-03T10:50:00.000Z', '2020-01-01T12:42:39.000Z', '5e141a97-563a-5b94-9611-5bea78ec4aec', '2020-12-20T23:27:24.000Z', '278603e9-16d5-5812-8a1b-481d109d286c', '2020-11-27T10:26:38.000Z', '435fb74e-df80-5ad6-95c6-73e488bd7c61', 'true', '2020-10-22T09:58:10.000Z', '2020-06-10T05:12:09.000Z', '{"Natur":"Suscepi et"}', '{"avatar_url":"https://picsum.photos/200?random=20"}', 'f', '2020-10-02T10:10:19.000Z', '2020-12-29T00:03:18.000Z', DEFAULT, '2020-12-20T23:29:37.000Z', DEFAULT, DEFAULT, '2020-03-23T02:04:56.000Z', DEFAULT, DEFAULT, '2020-01-01T12:24:35.000Z', DEFAULT, '2020-12-24T23:48:20.000Z', DEFAULT, '2020-08-16T07:39:53.000Z', DEFAULT), ('78c74432-a7fd-5fe5-8693-81e38c402025', '05eee4fe-379a-5426-9023-edc77e045168', 'user36:ilovebooks', 'BookClubAssistant', 'Darren.Monahan56206@hairy-vicinity.org', '$2y$10$G8F7E6D5C4B3A2', '2020-05-01T04:28:49.000Z', '2020-01-17T12:46:18.000Z', 'dae43083-bf29-54d4-b4d8-56f4ab7c3b2a', '2020-09-09T20:22:56.000Z', '3b72488b-69d0-5a00-bedb-d2a64aae9b57', '2020-04-28T03:51:55.000Z', 'c7012a1b-ce8d-513c-ba73-08e4dc60de7c', 'true', '2020-04-16T03:45:26.000Z', '2020-01-13T12:39:28.000Z', '{"Vero":"Ad rogatu"}', '{"avatar_url":"https://picsum.photos/200?random=21"}', 'f', '2020-08-28T19:47:39.000Z', '2020-04-12T03:11:21.000Z', DEFAULT, '2020-11-27T22:23:50.000Z', DEFAULT, DEFAULT, '2020-02-22T01:19:11.000Z', DEFAULT, DEFAULT, '2020-05-13T04:28:13.000Z', DEFAULT, '2020-03-27T02:40:39.000Z', DEFAULT, '2020-06-06T17:17:33.000Z', DEFAULT);
INSERT INTO public.profiles (id,created_at,name,theme,first_name,last_name,user_id) VALUES (12, DEFAULT, 'Julian Martin', DEFAULT, 'Anthony', 'Adams', NULL), (13, DEFAULT, 'Jackson Lee', DEFAULT, 'Evelyn', 'Taylor', NULL), (14, DEFAULT, 'Logan Thompson', DEFAULT, 'Daniel', 'Green', NULL), (15, DEFAULT, 'Lily Tran', DEFAULT, 'Alexander', 'Clark', NULL), (16, DEFAULT, 'Jackson Lee', DEFAULT, 'Harper', 'Walker', NULL), (17, DEFAULT, 'Gabriel Thompson', DEFAULT, 'Noah', 'Hall', NULL), (18, DEFAULT, 'Oliver Brown', DEFAULT, 'Andrew', 'Miller', NULL), (19, DEFAULT, 'Mia White', DEFAULT, 'Avery', 'Martinez', NULL), (20, DEFAULT, 'Emily Tran', DEFAULT, 'Gabriel', 'Brown', NULL), (21, DEFAULT, 'Julian White', DEFAULT, 'Ava', 'Williams', NULL), (22, DEFAULT, 'Logan Thompson', DEFAULT, 'Mia', 'Carter', NULL);
UPDATE public.profiles SET user_id = '44315cac-0a3d-513e-ae25-923183abdce2' WHERE id = 12;
UPDATE public.profiles SET user_id = '0f5d546a-dd80-5406-a005-a4f3061b9fb4' WHERE id = 13;
UPDATE public.profiles SET user_id = '461f046b-b8af-5c8e-95dd-0f9194531ecb' WHERE id = 14;
UPDATE public.profiles SET user_id = '698b6e50-7060-5752-b30f-c3c5d2ee3400' WHERE id = 15;
UPDATE public.profiles SET user_id = '5ca75a8e-3605-5166-aa74-4e2e2fc0beef' WHERE id = 16;
UPDATE public.profiles SET user_id = '8bb5337a-4ae8-5fe9-834c-d09e97c220b7' WHERE id = 17;
UPDATE public.profiles SET user_id = '5fef9e7c-116a-5504-a6ae-d16f4442d448' WHERE id = 18;
UPDATE public.profiles SET user_id = '12b3f6e4-8e09-5767-b1ce-9d45589acea2' WHERE id = 19;
UPDATE public.profiles SET user_id = 'c9ea0237-6687-557a-b9a6-7641ce93392e' WHERE id = 20;
UPDATE public.profiles SET user_id = 'f50300db-d620-587a-a6c0-46d7f9ace912' WHERE id = 21;
UPDATE public.profiles SET user_id = 'b36ab93a-34cf-5d2f-8309-1f65466da6f0' WHERE id = 22;
SELECT setval('"public"."profiles_id_seq"'::regclass, (SELECT MAX("id") FROM "public"."profiles"));
INSERT INTO auth.users (instance_id,id,aud,role,email,encrypted_password,email_confirmed_at,invited_at,confirmation_token,confirmation_sent_at,recovery_token,recovery_sent_at,email_change_token_new,email_change,email_change_sent_at,last_sign_in_at,raw_app_meta_data,raw_user_meta_data,is_super_admin,created_at,updated_at,phone,phone_confirmed_at,phone_change,phone_change_token,phone_change_sent_at,email_change_token_current,email_change_confirm_status,banned_until,reauthentication_token,reauthentication_sent_at,is_sso_user,deleted_at,is_anonymous) VALUES ('ff214cab-521f-58d7-a71d-468c803784b1', 'd7a9b119-b1f8-56c9-b595-e5505ba8ee60', 'user28:ilovefood', 'BookClubMember', 'Javier.Funk81436@fill-discussion.info', 'PBKDF2$H$9$K8L7M6N5O4P3', '2020-04-16T03:09:05.000Z', '2020-10-10T09:57:16.000Z', 'e302b613-70fc-5d7b-9436-e7c7e01514a1', '2020-03-23T14:15:39.000Z', '55ea2c97-a155-50fd-9406-bcf4da714140', '2020-03-07T02:49:46.000Z', '36f1d0e9-bf1e-56cc-a539-423497579f4a', 'false', '2020-01-17T00:16:21.000Z', '2020-08-08T20:08:53.000Z', '{"Tamenime":"Sed voluptate"}', '{"Iisque":"Chaere prohibus est"}', 't', '2020-12-08T23:49:07.000Z', '2020-01-25T12:13:35.000Z', DEFAULT, '2020-08-24T19:14:16.000Z', DEFAULT, DEFAULT, '2020-09-05T08:20:25.000Z', DEFAULT, DEFAULT, '2020-06-22T17:36:28.000Z', DEFAULT, '2020-12-08T12:14:24.000Z', DEFAULT, '2020-11-03T10:58:02.000Z', DEFAULT), ('f9dcda29-500c-5c78-ad4f-435fcf606b47', 'dc538c70-e77b-5188-a3bb-81a74926020a', 'user31:myhobby', 'BookDiscussionAssistant', 'Alysa_Walsh24000@firm-seaside.net', '$2y$10$E5F4D3C2B1A9', '2020-12-20T12:01:32.000Z', '2020-03-11T14:38:03.000Z', 'badf0604-bac3-5e47-8bd4-ce6df136a7fe', '2020-09-01T08:52:17.000Z', 'fe303828-66d6-568b-9738-7682254d2cf2', '2020-12-24T12:13:02.000Z', '9a1da05f-48ce-5e71-b4d4-d086b7ea2237', 'true', '2020-02-10T01:02:12.000Z', '2020-03-27T02:47:25.000Z', '{"Nec":"Ferre chorus institio"}', '{"Neque":"Est omnium modo"}', 't', '2020-05-21T04:53:51.000Z', '2020-09-13T20:28:36.000Z', DEFAULT, '2020-12-25T00:01:43.000Z', DEFAULT, DEFAULT, '2020-04-20T15:31:45.000Z', DEFAULT, DEFAULT, '2020-12-28T12:12:03.000Z', DEFAULT, '2020-11-03T22:58:51.000Z', DEFAULT, '2020-05-25T04:40:10.000Z', DEFAULT), ('341252f9-b17f-5842-ae24-a98151ebace1', '25ecc46e-600f-5b8c-8dc3-b19687318db1', 'user4:qwertyuiop', 'BookSuggester', 'Lura.Johnson21576@sparpass.biz', '$2b$11$C9D8E7F6G5H4I', '2020-07-23T18:57:32.000Z', '2020-08-20T07:30:03.000Z', 'b9cf9d71-99fb-5abe-a297-7724a20205ff', '2020-01-05T00:38:17.000Z', '1d0c6f48-92ac-5633-a551-6d49fd557cb9', '2020-02-18T01:08:45.000Z', 'f7d0c19e-ae49-5c05-9cb2-f3025e16c10e', 'false', '2020-03-19T02:17:21.000Z', '2020-02-10T01:06:10.000Z', '{"Natur":"Et etricestat nisi"}', '{"Hortatis":"Cognominiuc tueri aiebati"}', 't', '2020-03-15T14:56:32.000Z', '2020-02-14T01:15:20.000Z', DEFAULT, '2020-07-03T18:34:36.000Z', DEFAULT, DEFAULT, '2020-02-14T13:28:43.000Z', DEFAULT, DEFAULT, '2020-08-28T19:11:39.000Z', DEFAULT, '2020-02-22T01:39:14.000Z', DEFAULT, '2020-08-20T19:37:51.000Z', DEFAULT), ('7e4eb25c-3721-59c6-bc23-8f89208bcdbf', '71eec793-0914-581e-99b7-ecd7762d59ec', 'user11:mynameis', 'ContentApproverAssistant', 'Velva_Casper67601@mechanisemillimeter.com', 'PBKDF2$H$9$N7M6L5K4J3H', '2020-06-14T05:19:33.000Z', '2020-11-07T23:03:28.000Z', '827e87f0-3bda-5b82-a59a-126061f647e7', '2020-12-12T23:59:54.000Z', '3a3fe6b3-e8bd-537c-8956-547bdb8f0368', '2020-11-11T22:38:22.000Z', '27b5d305-86b5-5d2a-8f5b-4c9bcc163746', 'true', '2020-08-08T07:56:45.000Z', '2020-07-27T19:07:16.000Z', '{"Natur":"Reprehensa dubitura"}', '{"Non":"Se videt qua"}', 't', '2020-03-11T14:46:41.000Z', '2020-05-01T16:58:39.000Z', DEFAULT, '2020-04-24T03:45:27.000Z', DEFAULT, DEFAULT, '2020-01-25T00:51:20.000Z', DEFAULT, DEFAULT, '2020-05-17T04:18:08.000Z', DEFAULT, '2020-03-11T02:41:48.000Z', DEFAULT, '2020-06-10T17:45:42.000Z', DEFAULT), ('4bf00ddb-8326-551b-bbee-1052d8382c64', 'b598ee10-d90f-57d1-ad10-5fb6c6ec3ab2', 'user37:mygirlfriend', 'ClubModeratorAssistant', 'Estel.Miller66797@brisk-crayfish.com', '$2y$10$C2A1B3D4E5F6G7H8I', '2020-05-25T04:20:50.000Z', '2020-10-18T21:48:34.000Z', 'b3daa588-03cb-557c-be39-a8b9d2124e9b', '2020-09-21T08:35:37.000Z', 'd8197138-12d8-572a-9aa0-5f6cc86aeb1a', '2020-01-17T00:47:49.000Z', '5154309d-60d4-57ce-9a08-7666343c1228', 'false', '2020-02-06T01:52:28.000Z', '2020-07-11T18:19:07.000Z', '{"Quam":"Inum nos"}', '{"Ut":"Se voluptas"}', 't', '2020-02-14T01:53:53.000Z', '2020-04-28T15:40:45.000Z', DEFAULT, '2020-12-17T00:02:10.000Z', DEFAULT, DEFAULT, '2020-12-12T23:26:35.000Z', DEFAULT, DEFAULT, '2020-03-23T02:19:44.000Z', DEFAULT, '2020-01-05T00:16:24.000Z', DEFAULT, '2020-03-15T14:22:03.000Z', DEFAULT);
INSERT INTO public.clubs (id,created_at,name,description,creator_id) VALUES (6, DEFAULT, 'The Reading Rebels', 'The Literary Lions Club is dedicated to exploring the world of classic literature. Meetings are held bi-monthly on the 1st Friday of the month.', 'd7a9b119-b1f8-56c9-b595-e5505ba8ee60'), (7, DEFAULT, 'The Novel Network', 'The Memoir Masters Club is dedicated to exploring the world of memoirs. Meetings are held bi-monthly on the 1st Saturday of the month.', 'dc538c70-e77b-5188-a3bb-81a74926020a'), (8, DEFAULT, 'The Book Club Cafe', 'Get ready to explore the world of self-help books with the Mindful Minds Club! Meetings are held bi-monthly on the 2nd Saturday of the month.', '25ecc46e-600f-5b8c-8dc3-b19687318db1'), (9, DEFAULT, 'The Bookworm Brigade', 'Join the Mystery Solvers Club for a thrilling discussion on the latest whodunits! Meetings are held every 3rd Friday of the month at 6 PM.', '71eec793-0914-581e-99b7-ecd7762d59ec'), (10, DEFAULT, 'The Fiction Fellowship', 'The Memoir Masters Club is dedicated to exploring the world of memoirs. Meetings are held quarterly on the last Friday of the month.', 'b598ee10-d90f-57d1-ad10-5fb6c6ec3ab2');
SELECT setval('"public"."clubs_id_seq"'::regclass, (SELECT MAX("id") FROM "public"."clubs"));
INSERT INTO public.members (id,created_at,user_id,club_id,favorite,reading_tab_index) VALUES (37, DEFAULT, '71c8f57c-aae5-5ac8-8fc0-a1ff399b17b8', 9, DEFAULT, DEFAULT), (38, DEFAULT, '8bb5337a-4ae8-5fe9-834c-d09e97c220b7', 9, DEFAULT, DEFAULT), (39, DEFAULT, '5f2c632c-1003-5d3e-94f5-6085899aa359', 7, DEFAULT, DEFAULT), (40, DEFAULT, 'dce623ef-801d-54b0-a2df-9358c082e29e', 10, DEFAULT, DEFAULT), (41, DEFAULT, '71c8f57c-aae5-5ac8-8fc0-a1ff399b17b8', 8, DEFAULT, DEFAULT), (42, DEFAULT, '05eee4fe-379a-5426-9023-edc77e045168', 10, DEFAULT, DEFAULT), (43, DEFAULT, '5f2c632c-1003-5d3e-94f5-6085899aa359', 6, DEFAULT, DEFAULT), (44, DEFAULT, '698b6e50-7060-5752-b30f-c3c5d2ee3400', 9, DEFAULT, DEFAULT), (45, DEFAULT, '698b6e50-7060-5752-b30f-c3c5d2ee3400', 9, DEFAULT, DEFAULT), (46, DEFAULT, '82d62e5d-3a42-5fcc-8eba-42d842fea91a', 10, DEFAULT, DEFAULT), (47, DEFAULT, '5f2c632c-1003-5d3e-94f5-6085899aa359', 6, DEFAULT, DEFAULT), (48, DEFAULT, 'b36ab93a-34cf-5d2f-8309-1f65466da6f0', 7, DEFAULT, DEFAULT), (49, DEFAULT, 'c9ea0237-6687-557a-b9a6-7641ce93392e', 9, DEFAULT, DEFAULT), (50, DEFAULT, '0f5d546a-dd80-5406-a005-a4f3061b9fb4', 7, DEFAULT, DEFAULT), (51, DEFAULT, '5ac46069-d153-5b50-a0be-8a017d379243', 10, DEFAULT, DEFAULT), (52, DEFAULT, '815c84a1-9088-5e6f-b1ab-0853285c0e5d', 7, DEFAULT, DEFAULT), (53, DEFAULT, 'bc6c992f-6177-5b38-a99d-4c1f8bf2d0e3', 6, DEFAULT, DEFAULT), (54, DEFAULT, '71c8f57c-aae5-5ac8-8fc0-a1ff399b17b8', 7, DEFAULT, DEFAULT), (55, DEFAULT, '05eee4fe-379a-5426-9023-edc77e045168', 9, DEFAULT, DEFAULT), (56, DEFAULT, '5f2c632c-1003-5d3e-94f5-6085899aa359', 6, DEFAULT, DEFAULT), (57, DEFAULT, '5fef9e7c-116a-5504-a6ae-d16f4442d448', 9, DEFAULT, DEFAULT), (58, DEFAULT, '5f2c632c-1003-5d3e-94f5-6085899aa359', 10, DEFAULT, DEFAULT), (59, DEFAULT, '815c84a1-9088-5e6f-b1ab-0853285c0e5d', 9, DEFAULT, DEFAULT), (60, DEFAULT, '815c84a1-9088-5e6f-b1ab-0853285c0e5d', 6, DEFAULT, DEFAULT), (61, DEFAULT, '4906cefc-1eec-5209-9bcc-28e8cf7c862a', 7, DEFAULT, DEFAULT), (62, DEFAULT, '5f2c632c-1003-5d3e-94f5-6085899aa359', 9, DEFAULT, DEFAULT), (63, DEFAULT, 'b36ab93a-34cf-5d2f-8309-1f65466da6f0', 10, DEFAULT, DEFAULT), (64, DEFAULT, '5fef9e7c-116a-5504-a6ae-d16f4442d448', 8, DEFAULT, DEFAULT), (65, DEFAULT, '8bb5337a-4ae8-5fe9-834c-d09e97c220b7', 7, DEFAULT, DEFAULT), (66, DEFAULT, '815c84a1-9088-5e6f-b1ab-0853285c0e5d', 10, DEFAULT, DEFAULT), (67, DEFAULT, '815c84a1-9088-5e6f-b1ab-0853285c0e5d', 9, DEFAULT, DEFAULT), (68, DEFAULT, '0f5d546a-dd80-5406-a005-a4f3061b9fb4', 10, DEFAULT, DEFAULT), (69, DEFAULT, '12b3f6e4-8e09-5767-b1ce-9d45589acea2', 6, DEFAULT, DEFAULT), (70, DEFAULT, '44315cac-0a3d-513e-ae25-923183abdce2', 9, DEFAULT, DEFAULT), (71, DEFAULT, '698b6e50-7060-5752-b30f-c3c5d2ee3400', 10, DEFAULT, DEFAULT), (72, DEFAULT, 'f50300db-d620-587a-a6c0-46d7f9ace912', 10, DEFAULT, DEFAULT);
SELECT setval('"public"."members_id_seq"'::regclass, (SELECT MAX("id") FROM "public"."members"));
INSERT INTO auth.users (instance_id,id,aud,role,email,encrypted_password,email_confirmed_at,invited_at,confirmation_token,confirmation_sent_at,recovery_token,recovery_sent_at,email_change_token_new,email_change,email_change_sent_at,last_sign_in_at,raw_app_meta_data,raw_user_meta_data,is_super_admin,created_at,updated_at,phone,phone_confirmed_at,phone_change,phone_change_token,phone_change_sent_at,email_change_token_current,email_change_confirm_status,banned_until,reauthentication_token,reauthentication_sent_at,is_sso_user,deleted_at,is_anonymous) VALUES ('a8df0c19-3782-505d-beb7-d0d52ceca7e2', '02b194e1-278f-5552-90e1-d1dfb5c09d88', 'root:toor', 'BookReviewerAssistant', 'Elinore.Kessler82975@mushymayor.info', 'PBKDF2$H$9$K9J8H7G6F5E4D3C', '2020-05-01T04:55:52.000Z', '2020-10-26T21:10:21.000Z', '943d98ec-05fe-56e1-b23d-89c4a3b426a8', '2020-12-16T11:22:34.000Z', 'b61ca20c-adac-5fb9-ae45-9c8ad8024088', '2020-10-02T21:48:39.000Z', '0d8905a0-6f47-5f06-a9a9-4767d0774284', 'false', '2020-03-27T03:01:17.000Z', '2020-03-19T02:24:34.000Z', '{"Haberitus":"Se commodo dixis"}', '{"Atus":"Legunt privamicit"}', 'f', '2020-12-24T11:25:57.000Z', '2020-04-28T15:42:43.000Z', DEFAULT, '2020-08-24T07:28:08.000Z', DEFAULT, DEFAULT, '2020-02-18T01:51:52.000Z', DEFAULT, DEFAULT, '2020-05-21T16:53:38.000Z', DEFAULT, '2020-07-23T18:47:02.000Z', DEFAULT, '2020-03-07T14:07:35.000Z', DEFAULT), ('4d81bb23-2856-5922-a66e-a5d0fdddff12', '9621de38-0b86-5166-a478-705fb3d0ae2c', 'user22:ilovejava', 'ContentApproverAssistant', 'Gudrun.Kilback70242@bestride-forage.com', '$2a$10$B5A4C3D2E1F6G', '2020-05-17T17:02:04.000Z', '2020-07-23T06:23:51.000Z', '8cdbdc50-0e17-5ff9-b9ca-7f6d15aed996', '2020-08-16T07:55:58.000Z', 'c9f84a9c-3f1a-50ee-b2f6-516170fb00d5', '2020-02-22T01:49:08.000Z', 'a228c6bd-d682-5e8e-a06b-73f126ab9e1c', 'false', '2020-12-12T11:50:56.000Z', '2020-05-21T16:42:26.000Z', '{"Iucunum":"Vocet sciscat quia"}', '{"A":"Iri epta"}', 'f', '2020-08-04T07:07:31.000Z', '2020-06-10T05:11:13.000Z', DEFAULT, '2020-02-06T13:35:00.000Z', DEFAULT, DEFAULT, '2020-04-08T03:30:31.000Z', DEFAULT, DEFAULT, '2020-04-24T15:50:28.000Z', DEFAULT, '2020-11-11T10:21:22.000Z', DEFAULT, '2020-11-15T11:12:49.000Z', DEFAULT), ('c99e836c-0868-5b4b-929e-8df5bc9c97d4', '626ab41b-a8f8-5691-98db-34d2bb1b4398', 'user19:myhouse', 'ContentWriter', 'Emie.Sanford78991@degradecapitulation.biz', '$2b$10$G6F5E4D3C2B1A', '2020-07-23T06:55:19.000Z', '2020-02-26T02:00:30.000Z', 'af52c4f5-eed3-5a64-8aa4-17bb5bc839fd', '2020-09-13T08:18:00.000Z', 'fbc054d2-bb56-552d-acbd-eb671b798bc4', '2020-11-15T22:45:47.000Z', '37b9bf49-0281-5c34-b89c-5b238c363a03', 'true', '2020-03-15T14:05:37.000Z', '2020-01-05T00:31:46.000Z', '{"Satisque":"Iuria dolorest transferrem"}', '{"Consiliis":"Obliganim eliae"}', 'f', '2020-07-07T18:17:11.000Z', '2020-01-25T00:14:52.000Z', DEFAULT, '2020-08-16T07:50:50.000Z', DEFAULT, DEFAULT, '2020-09-09T21:10:29.000Z', DEFAULT, DEFAULT, '2020-03-03T02:54:00.000Z', DEFAULT, '2020-11-03T10:26:49.000Z', DEFAULT, '2020-11-11T10:13:33.000Z', DEFAULT), ('ca713f06-e5f6-5dc8-b4d2-6028b06b2756', 'cff10324-f930-5c36-9f72-c533d25e82ad', 'user26:myname', 'ContentApprover', 'Jan.Leannon43264@adjustacquaintance.com', '$2a$10$A3B2C1D4E5F6', '2020-03-15T02:14:28.000Z', '2020-11-07T10:38:04.000Z', 'bf220de0-7e7f-5039-8f59-ffdf4a8003b8', '2020-02-06T01:21:57.000Z', 'c4423738-7908-5b90-a463-30f3c4b0ea2c', '2020-03-23T02:38:01.000Z', '803beb76-9093-5ee5-b926-eab9ac86f267', 'true', '2020-08-08T20:09:00.000Z', '2020-10-26T21:36:00.000Z', '{"Aut":"Necest nostris"}', '{"Cum":"Sic accusat"}', 't', '2020-10-18T09:35:58.000Z', '2020-06-18T18:00:31.000Z', DEFAULT, '2020-04-12T15:28:00.000Z', DEFAULT, DEFAULT, '2020-12-17T00:00:25.000Z', DEFAULT, DEFAULT, '2020-11-11T22:24:24.000Z', DEFAULT, '2020-09-05T21:05:59.000Z', DEFAULT, '2020-02-14T13:29:53.000Z', DEFAULT), ('12681115-5fd4-59ff-83c0-654bdefb28b3', '3dfdb53a-b096-5f16-9453-e28d111d9dc6', 'user28:ilovefood', 'BookReviewerAssistant', 'Grayce_Bogisich37677@foreshortentide.biz', 'PBKDF2$H$9$4F3E2D1C6B5A', '2020-12-20T23:24:37.000Z', '2020-12-12T12:03:38.000Z', '24f4a96c-1d80-551c-987f-e22ab187720d', '2020-03-15T14:03:03.000Z', 'e7198e27-688f-5b84-8cef-cf073aa5385e', '2020-05-01T04:16:15.000Z', '562d62eb-0c49-55f1-9236-d07847654a4c', 'true', '2020-04-24T15:36:01.000Z', '2020-04-12T03:18:14.000Z', '{"Abducem":"Eis eturamic venis"}', '{"Sed":"Adest alterisque et"}', 'f', '2020-02-26T02:02:36.000Z', '2020-07-15T19:07:32.000Z', DEFAULT, '2020-12-12T23:24:28.000Z', DEFAULT, DEFAULT, '2020-07-19T18:45:55.000Z', DEFAULT, DEFAULT, '2020-09-05T20:25:05.000Z', DEFAULT, '2020-07-23T06:28:45.000Z', DEFAULT, '2020-01-01T01:03:38.000Z', DEFAULT), ('2731b21c-b871-5d5b-a1a3-d14cf84e412d', '5689d85f-8ac9-5f4c-ba01-dbd134c35159', 'user2:ilovepython', 'ContentReviewer', 'Dayana.Daugherty5425@sophisticated-flan.org', '$2b$12$e09xW5yF7tTlL5gM4eJ3kI2hG1fE1dC2bA3a4', '2020-10-18T21:28:03.000Z', '2020-10-18T10:00:55.000Z', '0a51e52c-f098-517d-9424-a8ca4ba77f86', '2020-01-17T12:18:48.000Z', '3d298cc9-d18c-5be2-8a94-c0434938c3bb', '2020-06-02T05:57:48.000Z', 'c6b0bb37-ba5f-55f2-964e-3d7d1712187f', 'true', '2020-10-10T09:27:55.000Z', '2020-09-09T20:23:18.000Z', '{"Corriger":"Conquis reque modo"}', '{"Gratiam":"Ipsi hoc ratio"}', 't', '2020-11-07T11:03:00.000Z', '2020-06-02T05:17:44.000Z', DEFAULT, '2020-08-24T20:00:24.000Z', DEFAULT, DEFAULT, '2020-11-07T10:46:42.000Z', DEFAULT, DEFAULT, '2020-08-16T19:45:28.000Z', DEFAULT, '2020-07-11T18:22:09.000Z', DEFAULT, '2020-09-05T20:32:33.000Z', DEFAULT), ('05418f3a-d184-503e-9e92-4da027cb8ae5', 'a6807fda-341f-5183-ab99-8feea6327e0f', 'user14:myemail', 'Reviewer', 'Vena.Leuschke90495@youngbrunch.net', 'PBKDF2$H$9$M9L8K7J6I5H', '2020-06-02T05:26:42.000Z', '2020-08-24T07:11:21.000Z', 'c7dbfa2e-7ab2-51fe-93cf-d89d113059f3', '2020-04-08T16:05:35.000Z', '5701d19a-c259-5d4d-bc04-733f4fecbc9d', '2020-04-24T03:19:42.000Z', '379b11ae-8e6f-5195-85c0-5c94bbdf38cd', 'false', '2020-09-21T20:48:39.000Z', '2020-01-21T00:16:32.000Z', '{"Cum":"Sit ideniuntque ipsa"}', '{"Quodsi":"Quanta doloration male"}', 'f', '2020-04-04T03:48:23.000Z', '2020-03-15T02:33:56.000Z', DEFAULT, '2020-07-07T18:48:03.000Z', DEFAULT, DEFAULT, '2020-01-13T00:22:07.000Z', DEFAULT, DEFAULT, '2020-07-07T06:56:20.000Z', DEFAULT, '2020-01-01T00:37:04.000Z', DEFAULT, '2020-01-09T12:20:18.000Z', DEFAULT), ('038f192e-602a-5625-bff3-c0f178487a32', '0006642d-7d5b-5dc9-84b1-09a12299076a', 'user6:baseball', 'Reader', 'Josh_Gutkowski1339@finesse-deduce.info', '$2a$10$B5A4C3D2E1F6G', '2020-12-04T11:11:45.000Z', '2020-05-13T04:54:04.000Z', 'd52a1040-cae8-5cd6-835c-a6b418833f5b', '2020-08-08T08:08:25.000Z', 'b7cc3f44-2d5a-56e3-b5d3-3a9dd6e0cbb9', '2020-11-03T10:57:56.000Z', '0c363926-8622-5ffb-a3db-7c9ee6595301', 'true', '2020-12-08T23:21:16.000Z', '2020-03-23T14:56:19.000Z', '{"Epico":"Earum esse"}', '{"Am":"Afferri ut"}', 't', '2020-03-07T02:13:25.000Z', '2020-12-05T00:10:50.000Z', DEFAULT, '2020-11-27T22:32:14.000Z', DEFAULT, DEFAULT, '2020-09-21T09:10:41.000Z', DEFAULT, DEFAULT, '2020-08-08T20:02:42.000Z', DEFAULT, '2020-11-15T23:03:15.000Z', DEFAULT, '2020-05-21T04:07:29.000Z', DEFAULT), ('26c98151-643a-504c-ae31-a30eb07778d5', 'c374d0d0-2207-5c8c-9c76-9bab375ffc72', 'user22:ilovejava', 'ContentCreator', 'Christian_Rath38052@uniformrecall.info', '$2b$11$GFEDCBA9876', '2020-10-14T21:58:52.000Z', '2020-04-28T15:13:36.000Z', '2b15cbc7-2ac3-51ff-b0ce-bee3dcce2d24', '2020-05-01T04:28:43.000Z', 'f4aa6935-2fa8-5f1a-9891-e714fdb51129', '2020-11-19T11:00:38.000Z', 'c44ca3ef-7397-5e59-a36e-952bb4fc0c08', 'false', '2020-07-03T18:39:15.000Z', '2020-04-20T04:00:11.000Z', '{"Innumquidem":"Quoniam omittantop"}', '{"Igi":"Potes haec"}', 'f', '2020-04-28T03:04:30.000Z', '2020-04-04T15:28:14.000Z', DEFAULT, '2020-04-12T15:14:30.000Z', DEFAULT, DEFAULT, '2020-05-13T17:06:33.000Z', DEFAULT, DEFAULT, '2020-11-23T22:54:18.000Z', DEFAULT, '2020-06-22T05:30:39.000Z', DEFAULT, '2020-06-14T17:07:33.000Z', DEFAULT), ('3e7a15ae-73b8-574f-9ee9-794987acc50c', '02bdbf24-a054-5616-9065-9453a9bf3e44', 'user31:myhobby', 'DiscussionModerator', 'Sarah_Goyette26470@dashtemp.info', 'PBKDF2$H$9$M9L8K7J6I5H', '2020-12-28T11:57:08.000Z', '2020-09-25T20:17:37.000Z', '9eaf48d8-7f17-5a45-83e7-cb2df47c9f7d', '2020-05-25T16:05:06.000Z', 'cecb6988-edd7-5b6e-99b4-1ed1d91d30bb', '2020-12-25T00:03:42.000Z', '676a4ac7-3903-56bb-96fb-50779be5185a', 'true', '2020-12-16T23:24:18.000Z', '2020-07-03T06:21:40.000Z', '{"Ego":"Inantiqua iam habeat"}', '{"Unt":"Ingenerius qui putat"}', 'f', '2020-09-05T20:59:07.000Z', '2020-09-17T08:13:24.000Z', DEFAULT, '2020-11-11T22:29:24.000Z', DEFAULT, DEFAULT, '2020-06-18T05:16:29.000Z', DEFAULT, DEFAULT, '2020-01-21T12:29:00.000Z', DEFAULT, '2020-11-11T23:04:42.000Z', DEFAULT, '2020-04-04T16:03:32.000Z', DEFAULT);
INSERT INTO public.books (id,created_at,title,authors,page_count,image_url,image_width,image_height,open_library_id,creator_id) VALUES (11, DEFAULT, 'The Mistborn Series', '{"John le Carre"}', 635, 'https://picsum.photos/200/300?random=0', 200, 300, 'c61e6f6e-6828-5f2c-97a6-98147e03fd8b', '02b194e1-278f-5552-90e1-d1dfb5c09d88'), (12, DEFAULT, 'The Girl with the Dragon Tattoo', '{"Johann Wolfgang Goethe"}', 360, 'https://picsum.photos/200/300?random=1', 200, 300, '65c285f4-f8ff-5cfc-86c1-f45c5c579484', '9621de38-0b86-5166-a478-705fb3d0ae2c'), (13, DEFAULT, 'The Princess Bride', '{"Boris Pasternak"}', 998, 'https://picsum.photos/200/300?random=2', 200, 300, '171a5445-58ce-5590-9d41-32a81be0cd9c', '626ab41b-a8f8-5691-98db-34d2bb1b4398'), (14, DEFAULT, 'The Princess Bride', '{"Charles Dickens"}', 987, 'https://picsum.photos/200/300?random=3', 200, 300, 'd2a20164-1d81-5dcb-8440-f49312a31e5b', 'cff10324-f930-5c36-9f72-c533d25e82ad'), (15, DEFAULT, 'The Mistborn Series', '{"Emily Bronte"}', 900, 'https://picsum.photos/200/300?random=4', 200, 300, 'aa8c23a9-cc7f-518c-b0ad-b64b30b482a1', '3dfdb53a-b096-5f16-9453-e28d111d9dc6'), (16, DEFAULT, 'Pride and Prejudice', '{"Michael Crichton"}', 614, 'https://picsum.photos/200/300?random=5', 200, 300, 'a682f91c-56ad-51cc-9764-1b2d57d536c7', '5689d85f-8ac9-5f4c-ba01-dbd134c35159'), (17, DEFAULT, 'The Nightingale', '{"Philip K Dick"}', 904, 'https://picsum.photos/200/300?random=6', 200, 300, 'b07006d3-065b-5846-a425-ec4c18bdb499', 'a6807fda-341f-5183-ab99-8feea6327e0f'), (18, DEFAULT, 'The Lies of Locke Lamora', '{"Robert Harris"}', 315, 'https://picsum.photos/200/300?random=7', 200, 300, '71c3ffe6-3c2d-5543-bd48-72f6618850d8', '0006642d-7d5b-5dc9-84b1-09a12299076a'), (19, DEFAULT, 'The First Law Trilogy', '{"Richard Llewellyn"}', 731, 'https://picsum.photos/200/300?random=8', 200, 300, 'd61e934d-32e6-5b82-ae6d-ed55fb8d9d80', 'c374d0d0-2207-5c8c-9c76-9bab375ffc72'), (20, DEFAULT, 'The Handmaid''s Tale', '{"Richard Llewellyn"}', 245, 'https://picsum.photos/200/300?random=9', 200, 300, '7a1251c4-523c-51cd-b5af-5646d26b0482', '02bdbf24-a054-5616-9065-9453a9bf3e44');
SELECT setval('"public"."books_id_seq"'::regclass, (SELECT MAX("id") FROM "public"."books"));
INSERT INTO auth.users (instance_id,id,aud,role,email,encrypted_password,email_confirmed_at,invited_at,confirmation_token,confirmation_sent_at,recovery_token,recovery_sent_at,email_change_token_new,email_change,email_change_sent_at,last_sign_in_at,raw_app_meta_data,raw_user_meta_data,is_super_admin,created_at,updated_at,phone,phone_confirmed_at,phone_change,phone_change_token,phone_change_sent_at,email_change_token_current,email_change_confirm_status,banned_until,reauthentication_token,reauthentication_sent_at,is_sso_user,deleted_at,is_anonymous) VALUES ('14846750-f0f7-5727-a3cb-541bf925cf18', '5b01a902-35df-577d-bbe3-3a1d57058ad7', 'user21:mybirthday', 'CommunityAssistant', 'Camylle_Heller95601@opulent-fairness.com', '$2y$10$C2A1B3D4E5F6G7H8I', '2020-11-11T10:31:51.000Z', '2020-02-14T01:14:37.000Z', '98fb41f2-0e75-54b5-863e-b9739ac4cf64', '2020-07-07T18:20:34.000Z', 'b082de96-f37f-57fe-947f-c897670a7b94', '2020-01-13T01:03:36.000Z', 'a4fd0cf1-3b51-51ea-806c-4a8312a7aaf4', 'false', '2020-07-07T18:18:06.000Z', '2020-12-28T23:23:48.000Z', '{"Inmenant":"Sempercipian virtute aut"}', '{"Et":"Fuissentior etur"}', 'f', '2020-06-02T17:56:52.000Z', '2020-11-23T10:15:37.000Z', DEFAULT, '2020-09-09T08:31:20.000Z', DEFAULT, DEFAULT, '2020-03-03T14:54:07.000Z', DEFAULT, DEFAULT, '2020-06-26T05:59:01.000Z', DEFAULT, '2020-05-05T16:58:36.000Z', DEFAULT, '2020-08-28T19:35:12.000Z', DEFAULT), ('272482c0-f5c1-5f6c-8660-ddf926063fef', 'ff996ddc-c824-51c6-b826-6a40cdf8f46f', 'user36:ilovebooks', 'BookLover', 'Markus_Hackett15923@boringsandal.net', '$2y$10$E5F4D3C2B1A9', '2020-11-27T11:02:39.000Z', '2020-09-17T08:20:30.000Z', 'ffc5de8c-72e6-56d3-a4a7-0d826056825c', '2020-02-22T13:34:27.000Z', '06510f21-3810-5482-ace1-59e27893e080', '2020-02-26T01:18:47.000Z', '4661a4d7-ae28-5fc6-aa9a-23ee167e6bc1', 'true', '2020-05-17T16:55:26.000Z', '2020-05-09T04:54:08.000Z', '{"Quo":"Totelecta ad maxim"}', '{"Proposopin":"Proborsuspic omneminiur suavit"}', 'f', '2020-09-21T21:00:04.000Z', '2020-06-10T05:44:46.000Z', DEFAULT, '2020-05-01T04:17:45.000Z', DEFAULT, DEFAULT, '2020-03-27T14:17:29.000Z', DEFAULT, DEFAULT, '2020-05-01T04:52:15.000Z', DEFAULT, '2020-03-07T14:38:49.000Z', DEFAULT, '2020-12-24T23:39:42.000Z', DEFAULT), ('9162443e-b5e6-54f7-afba-326ed13d8e06', '4baef5a1-12cc-567d-8b37-59eb4ae2fab7', 'user18:mycar', 'ContentCreator', 'Zane.Medhurst83708@stokebow.org', '$2b$10$91a2b3c4d5e6f7g8h', '2020-06-06T05:15:28.000Z', '2020-03-07T02:45:34.000Z', 'f22e9438-8f30-547a-a693-3a2ca6583cf5', '2020-12-12T11:50:21.000Z', 'd881dd7f-553f-5f34-a0df-ba3208591998', '2020-12-28T23:20:40.000Z', '934705a3-b9c1-5ded-b671-19a577f24412', 'false', '2020-02-18T01:51:31.000Z', '2020-05-17T04:49:15.000Z', '{"Sentio":"Statue res eadem"}', '{"Quaerentianus":"Nihillum quid"}', 'f', '2020-04-16T16:04:05.000Z', '2020-02-26T01:28:48.000Z', DEFAULT, '2020-01-17T12:48:44.000Z', DEFAULT, DEFAULT, '2020-09-05T08:08:53.000Z', DEFAULT, DEFAULT, '2020-02-10T01:39:50.000Z', DEFAULT, '2020-04-28T03:45:31.000Z', DEFAULT, '2020-03-07T14:26:28.000Z', DEFAULT), ('4f092152-e566-5182-97d4-53d5fe297d5a', '258d0904-b5be-50d0-90a4-b801604ba245', 'user38:myboyfriend', 'Editor', 'Eileen_Nicolas52537@welltodofairy.net', '$2b$11$D8E7F6G5H4I3', '2020-10-26T21:55:13.000Z', '2020-12-21T00:09:35.000Z', '97036dcd-8fee-513c-aea3-57200c88b7d2', '2020-03-27T02:58:50.000Z', '4d6c702b-2d1a-5456-a6d1-40e7189ab534', '2020-01-01T00:36:50.000Z', '92f72eac-b5cd-57ec-8294-0ea580679436', 'false', '2020-11-07T22:43:05.000Z', '2020-12-20T23:12:36.000Z', '{"Nobis":"Et desid ne"}', '{"Locus":"Quid intellegum"}', 'f', '2020-12-12T11:39:24.000Z', '2020-11-03T22:25:46.000Z', DEFAULT, '2020-05-13T04:09:41.000Z', DEFAULT, DEFAULT, '2020-01-17T00:15:25.000Z', DEFAULT, DEFAULT, '2020-04-16T15:36:35.000Z', DEFAULT, '2020-03-19T14:51:07.000Z', DEFAULT, '2020-09-09T21:02:54.000Z', DEFAULT), ('0e2a465b-65d9-5445-b489-776560b95c7e', 'a732da7e-61e1-5ba6-a36c-fafe5c73af81', 'user5:dragonball', 'BookClubMember', 'Aglae_O_Keefe40659@tingeelk.org', '$2y$10$C2A1B3D4E5F6G7H8I', '2020-09-13T08:16:36.000Z', '2020-07-03T18:18:58.000Z', 'e46c3199-8ef8-53c5-b66b-ef99a119fcdc', '2020-01-13T00:13:29.000Z', '1c2bfa90-b697-5e44-a11a-d0c1253c653f', '2020-08-08T07:58:24.000Z', 'e6fdb079-ffd7-5980-b602-5c98bdd3b97f', 'true', '2020-07-19T07:02:56.000Z', '2020-12-04T12:09:26.000Z', '{"Sentire":"Ut sed"}', '{"Cetere":"Inter quis non"}', 't', '2020-10-14T21:59:47.000Z', '2020-05-09T05:05:33.000Z', DEFAULT, '2020-02-10T13:58:15.000Z', DEFAULT, DEFAULT, '2020-05-13T16:41:23.000Z', DEFAULT, DEFAULT, '2020-01-09T00:20:04.000Z', DEFAULT, '2020-02-02T01:28:04.000Z', DEFAULT, '2020-06-02T17:12:15.000Z', DEFAULT), ('7c22b508-b8de-5b01-9d90-1d79a9cfa0c5', '01fe4646-c770-5176-824a-3e09597baa13', 'user32:myphone', 'ClubCoOwner', 'Kitty.Towne72265@infantilizearchaeology.com', '$2a$11$43MK$9vHVqfNbX.4eI', '2020-12-12T23:48:14.000Z', '2020-04-20T15:08:34.000Z', '2c0c0e90-b279-53ac-8230-6f5a2b5d496c', '2020-04-12T03:27:04.000Z', '4f0c60f1-4187-59ac-8eca-ce772ea16725', '2020-07-27T18:40:07.000Z', '4be59601-89e7-5556-a8d6-65614ca4f553', 'false', '2020-08-12T20:02:04.000Z', '2020-07-15T18:44:35.000Z', '{"Quibus":"Voluptatis vituptate es"}', '{"Reprehen":"Mihi splendidicor quibus"}', 't', '2020-03-07T02:34:02.000Z', '2020-02-14T13:35:01.000Z', DEFAULT, '2020-09-05T08:33:56.000Z', DEFAULT, DEFAULT, '2020-04-12T03:28:50.000Z', DEFAULT, DEFAULT, '2020-09-09T08:33:54.000Z', DEFAULT, '2020-07-11T18:48:28.000Z', DEFAULT, '2020-06-18T05:29:10.000Z', DEFAULT), ('b9fcc6f0-ca9b-5a56-96fa-8c6a56bc4906', 'dd3529a5-6b22-5be8-83ad-8401af4291e9', 'user25:mygame', 'Reviewer', 'Susanna.Ward49960@chaffdisk.biz', '$2b$10$G9H8I7J6K5L4', '2020-05-05T04:32:02.000Z', '2020-07-03T18:13:30.000Z', '69f66ab8-ea9f-5bae-8eb9-fce4c9d810ce', '2020-05-13T04:30:33.000Z', '0f65f3d1-4d72-5006-a1ea-3d777cc1e7f7', '2020-02-06T01:16:35.000Z', '39f6f524-4e00-507d-8f11-00830d2dd8bd', 'false', '2020-05-17T04:59:51.000Z', '2020-09-25T20:27:24.000Z', '{"Quisquis":"Dicundum nec cotid"}', '{"Fortibus":"Autem tam"}', 'f', '2020-01-13T00:35:59.000Z', '2020-10-06T10:11:40.000Z', DEFAULT, '2020-10-18T21:29:06.000Z', DEFAULT, DEFAULT, '2020-01-05T00:52:38.000Z', DEFAULT, DEFAULT, '2020-09-05T08:29:31.000Z', DEFAULT, '2020-04-08T03:51:15.000Z', DEFAULT, '2020-12-08T23:38:02.000Z', DEFAULT), ('7ccc6e59-25ed-5348-aeb5-cdba3d06e5fc', '2917eb06-795f-5af9-826f-4d694b9e0e09', 'john.doe:helloWorld', 'Reviewer', 'Floy_Lynch62111@limesmog.org', 'PBKDF2$H$9$L9M8K7J6I5H', '2020-03-27T02:20:09.000Z', '2020-05-17T16:49:50.000Z', '17aecec6-3a45-5ef2-9847-077ed581646c', '2020-08-04T07:33:24.000Z', 'ba1c05a0-8ac2-53f0-b83c-cad985bf34bc', '2020-09-21T09:04:51.000Z', '1d375cea-768c-549a-9014-185f0bb6bac9', 'true', '2020-04-20T03:26:59.000Z', '2020-03-23T02:46:25.000Z', '{"Scipio":"Choro et"}', '{"Per":"Reici nec manendi"}', 'f', '2020-10-14T22:05:58.000Z', '2020-05-17T04:22:20.000Z', DEFAULT, '2020-12-24T11:47:38.000Z', DEFAULT, DEFAULT, '2020-07-11T19:01:17.000Z', DEFAULT, DEFAULT, '2020-06-26T17:30:42.000Z', DEFAULT, '2020-04-16T16:03:51.000Z', DEFAULT, '2020-07-03T18:25:37.000Z', DEFAULT), ('abeb10fb-35aa-52a5-8077-fecd7653ca4f', '3cb222cd-bfed-5486-80dc-f5228b0221f0', 'john.doe:helloWorld', 'ClubOwner', 'Bernadette.Welch68134@suffocate-implementation.org', 'PBKDF2$H$9$M8L7K6J5I4H3G', '2020-06-14T17:41:27.000Z', '2020-08-04T08:01:21.000Z', 'b37feb55-cb4b-53a9-97fd-7971884e114f', '2020-10-14T21:46:16.000Z', '369e499d-6530-53b7-8ed3-10df4fc3e6fb', '2020-06-02T17:19:36.000Z', '679eb843-f2f0-5827-aa72-159f6a799292', 'false', '2020-11-03T22:57:14.000Z', '2020-11-27T22:51:41.000Z', '{"Primum":"Cordiae quia utrumque"}', '{"Praesida":"Et ine virtutem"}', 't', '2020-04-28T03:29:55.000Z', '2020-05-21T16:54:20.000Z', DEFAULT, '2020-01-09T00:28:34.000Z', DEFAULT, DEFAULT, '2020-11-19T22:23:29.000Z', DEFAULT, DEFAULT, '2020-02-10T01:10:29.000Z', DEFAULT, '2020-06-22T17:22:57.000Z', DEFAULT, '2020-09-05T20:15:32.000Z', DEFAULT), ('1146b72a-5618-5c12-8ab5-9a9feda41b36', '3527b2e5-7302-515f-8764-4f9293b46859', 'user13:iamhappy', 'ContentValidator', 'Monica.Stiedemann32736@wilted-overnighter.net', '$2y$10$J8K7L6M5N4O3P2Q1R9S8', '2020-03-23T02:40:49.000Z', '2020-12-28T11:48:52.000Z', '7157d7d3-ebf9-519e-b1ea-266c30507630', '2020-07-19T06:07:49.000Z', '5fda91d2-467f-5a7d-b704-eb725e44a566', '2020-04-12T03:52:15.000Z', '0ec2c0eb-1645-5efd-b58b-efdf5b253b64', 'false', '2020-01-21T12:56:58.000Z', '2020-12-24T11:52:17.000Z', '{"Et":"Duris se"}', '{"Et":"Clamati poetis scriptorquate"}', 't', '2020-10-18T21:18:58.000Z', '2020-08-16T19:15:53.000Z', DEFAULT, '2020-06-06T17:38:46.000Z', DEFAULT, DEFAULT, '2020-01-17T01:04:15.000Z', DEFAULT, DEFAULT, '2020-03-07T02:41:36.000Z', DEFAULT, '2020-04-12T16:04:15.000Z', DEFAULT, '2020-10-06T21:47:19.000Z', DEFAULT), ('ab11a8b8-a6d4-51ae-8d36-0291f250a6dd', '778398a0-b206-56fb-ae35-f036c6e36dbc', 'user38:myboyfriend', 'ClubModerator', 'Shanie_Legros69618@notable-snowmobiling.info', '$2b$10$91a2b3c4d5e6f7g8h', '2020-07-03T06:20:09.000Z', '2020-10-26T21:29:56.000Z', '06b1fc59-a24b-572e-937a-e103840cb459', '2020-09-17T20:52:54.000Z', '0a442c58-f106-5081-9bec-ff6f5c3aa658', '2020-01-05T00:01:42.000Z', '3a25acb9-f185-524c-a55f-8f6615a1be2b', 'false', '2020-03-03T14:28:58.000Z', '2020-04-28T15:10:55.000Z', '{"Ad":"Uten num"}', '{"Sensibi":"Aeque sine endum"}', 't', '2020-07-23T18:10:48.000Z', '2020-09-21T08:47:30.000Z', DEFAULT, '2020-08-20T07:19:20.000Z', DEFAULT, DEFAULT, '2020-12-04T11:13:37.000Z', DEFAULT, DEFAULT, '2020-05-25T16:48:27.000Z', DEFAULT, '2020-01-17T12:24:45.000Z', DEFAULT, '2020-03-07T02:04:47.000Z', DEFAULT);
INSERT INTO public.readings (id,created_at,club_id,book_id,current_page,is_finished,is_current,interval_start_date,interval_days,interval_pages,interval_type,creator_id) VALUES (12, DEFAULT, 10, 18, 131, DEFAULT, 't', DEFAULT, DEFAULT, DEFAULT, 'SCHEDULED', '5b01a902-35df-577d-bbe3-3a1d57058ad7'), (13, DEFAULT, 9, 14, 116, DEFAULT, 't', DEFAULT, DEFAULT, DEFAULT, 'SCHEDULED', 'ff996ddc-c824-51c6-b826-6a40cdf8f46f'), (14, DEFAULT, 6, 19, 180, DEFAULT, 't', DEFAULT, DEFAULT, DEFAULT, 'SCHEDULED', '4baef5a1-12cc-567d-8b37-59eb4ae2fab7'), (15, DEFAULT, 9, 18, 103, DEFAULT, 't', DEFAULT, DEFAULT, DEFAULT, 'BY_MEMBER', '258d0904-b5be-50d0-90a4-b801604ba245'), (16, DEFAULT, 10, 12, 190, DEFAULT, 'f', DEFAULT, DEFAULT, DEFAULT, 'SCHEDULED', 'a732da7e-61e1-5ba6-a36c-fafe5c73af81'), (17, DEFAULT, 10, 18, 182, DEFAULT, 't', DEFAULT, DEFAULT, DEFAULT, 'BY_MEMBER', '01fe4646-c770-5176-824a-3e09597baa13'), (18, DEFAULT, 10, 16, 103, DEFAULT, 't', DEFAULT, DEFAULT, DEFAULT, 'BY_MEMBER', 'dd3529a5-6b22-5be8-83ad-8401af4291e9'), (19, DEFAULT, 8, 15, 122, DEFAULT, 't', DEFAULT, DEFAULT, DEFAULT, 'BY_MEMBER', '2917eb06-795f-5af9-826f-4d694b9e0e09'), (20, DEFAULT, 8, 14, 142, DEFAULT, 't', DEFAULT, DEFAULT, DEFAULT, 'BY_MEMBER', '3cb222cd-bfed-5486-80dc-f5228b0221f0'), (21, DEFAULT, 7, 13, 146, DEFAULT, 't', DEFAULT, DEFAULT, DEFAULT, 'SCHEDULED', '3527b2e5-7302-515f-8764-4f9293b46859'), (22, DEFAULT, 8, 15, 196, DEFAULT, 't', DEFAULT, DEFAULT, DEFAULT, 'BY_MEMBER', '778398a0-b206-56fb-ae35-f036c6e36dbc');
SELECT setval('"public"."readings_id_seq"'::regclass, (SELECT MAX("id") FROM "public"."readings"));
INSERT INTO public.intervals (id,created_at,updated_at,member_id,reading_id,is_completed,is_current) VALUES (53, DEFAULT, DEFAULT, 46, 17, 't', 't'), (54, DEFAULT, DEFAULT, 40, 18, 'f', 't'), (55, DEFAULT, DEFAULT, 62, 14, 't', 't'), (56, DEFAULT, DEFAULT, 65, 17, 't', 't'), (57, DEFAULT, DEFAULT, 39, 20, 'f', 't'), (58, DEFAULT, DEFAULT, 60, 22, 'f', 'f'), (59, DEFAULT, DEFAULT, 39, 21, 'f', 'f'), (60, DEFAULT, DEFAULT, 66, 21, 'f', 'f'), (61, DEFAULT, DEFAULT, 49, 21, 't', 'f'), (62, DEFAULT, DEFAULT, 40, 22, 'f', 't'), (63, DEFAULT, DEFAULT, 64, 12, 't', 't'), (64, DEFAULT, DEFAULT, 39, 14, 'f', 't'), (65, DEFAULT, DEFAULT, 66, 13, 'f', 't'), (66, DEFAULT, DEFAULT, 56, 15, 'f', 'f'), (67, DEFAULT, DEFAULT, 56, 12, 'f', 't'), (68, DEFAULT, DEFAULT, 56, 22, 'f', 't'), (69, DEFAULT, DEFAULT, 55, 19, 't', 't'), (70, DEFAULT, DEFAULT, 60, 14, 'f', 'f'), (71, DEFAULT, DEFAULT, 45, 19, 'f', 't'), (72, DEFAULT, DEFAULT, 50, 19, 'f', 'f'), (73, DEFAULT, DEFAULT, 63, 18, 'f', 't'), (74, DEFAULT, DEFAULT, 41, 17, 't', 't'), (75, DEFAULT, DEFAULT, 56, 14, 'f', 't'), (76, DEFAULT, DEFAULT, 38, 16, 'f', 't'), (77, DEFAULT, DEFAULT, 53, 18, 't', 't'), (78, DEFAULT, DEFAULT, 46, 15, 'f', 'f'), (79, DEFAULT, DEFAULT, 66, 13, 'f', 'f'), (80, DEFAULT, DEFAULT, 66, 22, 't', 't'), (81, DEFAULT, DEFAULT, 43, 16, 'f', 't'), (82, DEFAULT, DEFAULT, 66, 19, 'f', 'f'), (83, DEFAULT, DEFAULT, 69, 16, 'f', 'f'), (84, DEFAULT, DEFAULT, 46, 17, 'f', 'f'), (85, DEFAULT, DEFAULT, 41, 12, 'f', 'f'), (86, DEFAULT, DEFAULT, 42, 16, 't', 'f'), (87, DEFAULT, DEFAULT, 50, 19, 'f', 't'), (88, DEFAULT, DEFAULT, 42, 14, 'f', 't'), (89, DEFAULT, DEFAULT, 39, 18, 'f', 'f'), (90, DEFAULT, DEFAULT, 41, 17, 'f', 't'), (91, DEFAULT, DEFAULT, 49, 17, 'f', 't'), (92, DEFAULT, DEFAULT, 60, 15, 'f', 'f'), (93, DEFAULT, DEFAULT, 69, 21, 'f', 't'), (94, DEFAULT, DEFAULT, 61, 18, 'f', 't'), (95, DEFAULT, DEFAULT, 49, 17, 'f', 't'), (96, DEFAULT, DEFAULT, 50, 13, 'f', 'f'), (97, DEFAULT, DEFAULT, 72, 16, 't', 't'), (98, DEFAULT, DEFAULT, 42, 15, 'f', 'f'), (99, DEFAULT, DEFAULT, 50, 17, 'f', 't'), (100, DEFAULT, DEFAULT, 60, 19, 'f', 'f'), (101, DEFAULT, DEFAULT, 43, 19, 'f', 'f'), (102, DEFAULT, DEFAULT, 62, 16, 'f', 't'), (103, DEFAULT, DEFAULT, 50, 19, 'f', 't'), (104, DEFAULT, DEFAULT, 63, 22, 'f', 'f');
SELECT setval('"public"."intervals_id_seq"'::regclass, (SELECT MAX("id") FROM "public"."intervals"));
INSERT INTO public.posts (id,created_at,updated_at,user_id,reading_id,title,content,likes,is_spoiler) VALUES (37, DEFAULT, DEFAULT, 16625240, 18, 'The Importance of Reading', 'Has anyone else read ''The Golem and the Jinni''? What did you think of the magical realism? ', 3, 'f'), (38, DEFAULT, DEFAULT, 4036060, 19, 'The Joy of Book Clubs', 'Has anyone else read ''The Night Circus''? What did you think of the magical realism? ', 3, 'f'), (39, DEFAULT, DEFAULT, 5420459, 17, 'Why I Love Reading', 'I''m looking for a new historical fiction novel to read. Any suggestions? #historicalfiction #bookrecommendations', 7, 'f'), (40, DEFAULT, DEFAULT, 5921184, 13, 'My Favorite Bookish Memes', 'I''m looking for a new fantasy series to get into. Any suggestions? ', 0, 'f'), (41, DEFAULT, DEFAULT, 9447699, 17, 'The Power of Reading', 'I''m doing a read-along of ''The Lunar Chronicles'' and I''d love for you to join me! #thelunarchronicles #readalong', 7, 'f'), (42, DEFAULT, DEFAULT, 15040599, 19, 'What''s Your Reading Goal?', 'I''m looking for a new literary fiction novel to read. Any suggestions? #literaryfiction #bookrecommendations', 6, 't'), (43, DEFAULT, DEFAULT, 9175345, 22, 'I''m So Excited for This Book!', 'Just found out that my favorite author is coming to town for a book signing! Who''s with me? ', 0, 'f'), (44, DEFAULT, DEFAULT, 3787148, 20, 'The Best Books for Self-Care', 'Who else loves reading books with diverse characters and perspectives? #diversebooks #representationmatters', 8, 'f'), (45, DEFAULT, DEFAULT, 5393525, 21, 'Why I Love Reading', 'I''m looking for a new historical fiction novel to read. Any suggestions? #historicalfiction #bookrecommendations', 1, 't'), (46, DEFAULT, DEFAULT, 1051613, 21, 'How Reading Changed My Life', 'I''m so grateful for audiobooks! They make my commute so much more enjoyable. #audiobooks #commute', 5, 'f'), (47, DEFAULT, DEFAULT, 15199826, 22, 'I''m So Grateful for Books', 'Who else loves reading books with diverse characters and perspectives? #diversebooks #representationmatters', 4, 'f'), (48, DEFAULT, DEFAULT, 5147937, 22, 'I''m So Excited for This Book!', 'I''m so grateful for this community! I''ve learned so much from all of you and I''m loving the discussions. #bookclub #grateful', 6, 'f'), (49, DEFAULT, DEFAULT, 10389807, 21, 'I Just Joined a Book Club!', 'I''m doing a giveaway for a signed copy of ''The Hate U Give''! To enter, just comment below with your favorite book from the past year. ', 0, 'f'), (50, DEFAULT, DEFAULT, 4528539, 13, 'The Best Book Club Discussions', 'What''s everyone''s favorite book-to-screen adaptation? I''m obsessed with the Hulu adaptation of ''The Handmaid''s Tale''!', 3, 'f'), (51, DEFAULT, DEFAULT, 14785773, 21, 'The Power of Reading', 'I just started a book journal and I''m loving it! Has anyone else tried journaling about their reads? #bookjournal #readinglog', 6, 'f'), (52, DEFAULT, DEFAULT, 8900804, 12, 'What''s Your Favorite Genre?', 'I''m doing a giveaway for a signed copy of ''The Hate U Give''! To enter, just comment below with your favorite book from the past year. ', 5, 'f'), (53, DEFAULT, DEFAULT, 14576179, 16, 'My Favorite Authors', 'What''s everyone''s favorite book-to-screen adaptation? I''m obsessed with the Hulu adaptation of ''The Handmaid''s Tale''!', 4, 't'), (54, DEFAULT, DEFAULT, 11084599, 17, 'My Thoughts on The Nightingale', 'This is my current read and I''m loving it! [image of book cover] Anyone else reading it? #currentlyreading #bookclub', 6, 'f'), (55, DEFAULT, DEFAULT, 5288528, 15, 'The Best Books for Book Clubs', 'I''m so grateful for audiobooks! They make my commute so much more enjoyable. #audiobooks #commute', 7, 'f'), (56, DEFAULT, DEFAULT, 7157170, 22, 'The Best Books for Self-Care', 'Does anyone know when the next book in the ''Outlander'' series is coming out? #outlander #bookseries', 3, 'f'), (57, DEFAULT, DEFAULT, 4032438, 14, 'I Love Reading Challenges!', 'I''m looking for a new historical fiction novel to read. Any suggestions? #historicalfiction #bookrecommendations', 3, 'f'), (58, DEFAULT, DEFAULT, 7607545, 22, 'What''s Your Reading Goal?', 'Has anyone else read ''The Poppy War''? What did you think of the world-building? ', 0, 't'), (59, DEFAULT, DEFAULT, 8341612, 18, 'Why I Love Reading', 'I''m doing a read-along of ''The Lunar Chronicles'' and I''d love for you to join me! #thelunarchronicles #readalong', 3, 'f'), (60, DEFAULT, DEFAULT, 15571339, 22, 'I''m So Excited for This Book!', 'I need recommendations for a good mystery novel! Anyone have any suggestions? ', 5, 'f'), (61, DEFAULT, DEFAULT, 13211612, 18, 'My Favorite Bookish Moments', 'Just found out that my favorite author is coming to town for a book signing! Who''s with me? ', 6, 'f'), (62, DEFAULT, DEFAULT, 15573628, 15, 'Get Ready for Our Next Book Club', 'I''m looking for a new romance novel to read. Any suggestions? #romancenovel #bookrecommendations', 7, 't'), (63, DEFAULT, DEFAULT, 89681, 15, 'Calling All Book Lovers!', 'I just finished reading ''The Seven'' and I''m still reeling from the experience. What''s your favorite sci-fi novel? ', 9, 'f'), (64, DEFAULT, DEFAULT, 6732498, 13, 'My Favorite Bookish Memes', 'I''m so grateful for audiobooks! They make my commute so much more enjoyable. #audiobooks #commute', 6, 'f'), (65, DEFAULT, DEFAULT, 8363164, 15, 'What''s On Your Bookshelf?', 'I''m doing a giveaway for a signed copy of ''The Hate U Give''! To enter, just comment below with your favorite book from the past year. ', 9, 'f'), (66, DEFAULT, DEFAULT, 10597789, 12, 'The Power of Reading', 'I''m doing a read-along of ''Pride and Prejudice'' and I''d love for you to join me! #prideandprejudice #readalong', 7, 'f'), (67, DEFAULT, DEFAULT, 8213146, 14, 'What''s Your Favorite Genre?', 'I''m doing a giveaway for a signed copy of ''The Hate U Give''! To enter, just comment below with your favorite book from the past year. ', 0, 't'), (68, DEFAULT, DEFAULT, 10583035, 13, 'My Thoughts on The Nightingale', 'I''m doing a giveaway for a booklight and a copy of ''The Silent Patient''! To enter, just comment below with your favorite thriller. ', 7, 'f'), (69, DEFAULT, DEFAULT, 10638935, 18, 'The Book That Changed My Life', 'I''m looking for a new fantasy series to get into. Any suggestions? ', 0, 't'), (70, DEFAULT, DEFAULT, 4472841, 18, 'I''m So Excited for This Book!', 'What''s the best debut novel you''ve read recently? I''m looking for some new authors to try!', 3, 'f'), (71, DEFAULT, DEFAULT, 11378077, 22, 'I Just Finished Reading...', 'I need recommendations for a good mystery novel! Anyone have any suggestions? ', 4, 'f'), (72, DEFAULT, DEFAULT, 7088280, 14, 'My Favorite Authors', 'I''m looking for a new fantasy series to get into. Any suggestions? ', 3, 't');
SELECT setval('"public"."posts_id_seq"'::regclass, (SELECT MAX("id") FROM "public"."posts"));
