INSERT INTO auth.users (instance_id,id,aud,role,email,encrypted_password,email_confirmed_at,invited_at,confirmation_token,confirmation_sent_at,recovery_token,recovery_sent_at,email_change_token_new,email_change,email_change_sent_at,last_sign_in_at,raw_app_meta_data,raw_user_meta_data,is_super_admin,created_at,updated_at,phone,phone_confirmed_at,phone_change,phone_change_token,phone_change_sent_at,email_change_token_current,email_change_confirm_status,banned_until,reauthentication_token,reauthentication_sent_at,is_sso_user,deleted_at,is_anonymous) VALUES ('3dcce8b2-d93e-5155-9a50-a529057e4a9a', '0f5d546a-dd80-5406-a005-a4f3061b9fb4', 'user173:ilovefashion', 'BookClubSupportSupervisor', 'Alec.Bahringer49059@project-wave.net', '$2a$10$D6E5F4G3H2I1J9K8L7M', '2020-02-10T13:34:50.000Z', '2020-03-07T03:00:57.000Z', 'f71ecf95-7766-52eb-9128-7f41ba94a019', '2020-12-28T11:35:00.000Z', '0911f256-347e-5563-a9fc-69f423a36eab', '2020-01-09T00:49:11.000Z', '9f126563-dfc1-5d22-acf4-882145eb1257', 'true', '2020-10-02T09:19:38.000Z', '2020-08-16T19:13:05.000Z', '{"Dolorum":"Inor placet si"}', '{"avatar_url":"https://picsum.photos/200?random=0"}', 't', '2020-06-06T05:41:47.000Z', '2020-03-11T02:10:13.000Z', DEFAULT, '2020-03-11T02:53:19.000Z', DEFAULT, DEFAULT, '2020-12-24T11:30:02.000Z', DEFAULT, DEFAULT, '2020-06-10T05:08:46.000Z', DEFAULT, '2020-06-26T17:49:35.000Z', DEFAULT, '2020-03-23T14:25:27.000Z', DEFAULT), ('6e9ec33d-2e0a-5b02-8e2d-f0d1c5040b5f', '5fef9e7c-116a-5504-a6ae-d16f4442d448', 'user173:ilovefashion', 'DiscussionForumManager', 'Annamarie_Brakus10291@tattoobell.com', '$2a$10$A5B4C3D2E1F6G7H8I9J8', '2020-02-26T13:38:22.000Z', '2020-03-23T14:40:28.000Z', '125814ea-e205-5ab0-b3ad-a5495eae6164', '2020-10-18T22:13:30.000Z', 'a822594c-6232-5b8c-8c4b-426764390c47', '2020-09-25T08:22:24.000Z', '32f44ed3-52e3-5b33-9a2c-cd7f7a2b61fd', 'false', '2020-06-18T17:21:57.000Z', '2020-03-27T14:58:22.000Z', '{"Ali":"Tentiae est"}', '{"avatar_url":"https://picsum.photos/200?random=1"}', 't', '2020-01-17T12:52:35.000Z', '2020-05-25T17:01:44.000Z', DEFAULT, '2020-07-19T18:13:25.000Z', DEFAULT, DEFAULT, '2020-06-22T05:10:29.000Z', DEFAULT, DEFAULT, '2020-04-04T15:27:18.000Z', DEFAULT, '2020-06-06T17:32:29.000Z', DEFAULT, '2020-08-12T20:00:19.000Z', DEFAULT), ('493e0e3d-0db0-5675-8b80-e9aee6e49834', '5ac46069-d153-5b50-a0be-8a017d379243', 'user183:ilovehorses', 'LiteraryAnalyst', 'Leanna_Quigley96822@attain-thermals.com', '$2y$10$G6F5E4D3C2B1A6G7H8I9J', '2020-03-19T03:03:29.000Z', '2020-03-19T14:02:18.000Z', '6d7474ea-84f2-5ef3-8596-ce306ce75939', '2020-07-19T18:34:10.000Z', 'e4b7ff38-fae0-5350-bd75-2ec0909433ec', '2020-08-04T19:41:54.000Z', '0cf25506-6426-55de-9e64-a60ec2e6efc6', 'false', '2020-05-13T16:18:40.000Z', '2020-06-06T17:45:25.000Z', '{"Quid":"Graeca defuitatem"}', '{"avatar_url":"https://picsum.photos/200?random=2"}', 't', '2020-02-26T13:44:11.000Z', '2020-03-15T14:17:38.000Z', DEFAULT, '2020-04-24T15:47:54.000Z', DEFAULT, DEFAULT, '2020-05-09T04:17:32.000Z', DEFAULT, DEFAULT, '2020-02-02T01:18:30.000Z', DEFAULT, '2020-06-18T06:02:16.000Z', DEFAULT, '2020-03-23T14:10:39.000Z', DEFAULT), ('69e449b5-11f0-513e-8bc4-f52a33b36510', '5f2c632c-1003-5d3e-94f5-6085899aa359', 'user176:myfavoritecomic', 'ContentEditorManager', 'Christop.Sawayn48595@popularmobility.net', '$2y$10$G7F6E5D4C3B2A1H9J8K7', '2020-12-12T11:31:28.000Z', '2020-08-16T07:57:21.000Z', 'a8fc76ac-b264-5807-9bde-d896c3807634', '2020-08-12T08:00:54.000Z', '337f94b5-1a80-50eb-a4e9-98224cd420ff', '2020-09-13T20:37:41.000Z', '2773c7f9-3d43-56ee-a22d-abe5b80ff305', 'false', '2020-11-23T23:08:38.000Z', '2020-06-06T05:48:26.000Z', '{"Enimi":"Idem fieri"}', '{"avatar_url":"https://picsum.photos/200?random=3"}', 'f', '2020-10-14T21:49:12.000Z', '2020-11-03T10:50:29.000Z', DEFAULT, '2020-01-13T12:12:47.000Z', DEFAULT, DEFAULT, '2020-10-02T21:18:35.000Z', DEFAULT, DEFAULT, '2020-04-20T04:00:32.000Z', DEFAULT, '2020-10-18T09:33:18.000Z', DEFAULT, '2020-04-08T15:48:48.000Z', DEFAULT), ('6e299974-a424-5920-be37-6644fdaa15c1', '71c8f57c-aae5-5ac8-8fc0-a1ff399b17b8', 'user177:ilovecoffee', 'CommunityHelperManager', 'Mozelle_Boyer81623@spectacularsweat.net', 'PBKDF2$H$9$N9M8L7K6J5I4H3G2', '2020-02-26T02:02:43.000Z', '2020-05-05T04:59:53.000Z', 'e2801d2c-130a-5a72-a069-c02fc5b725f5', '2020-08-04T08:02:31.000Z', '0fc01aab-1462-5db8-9374-0c3ad067ee16', '2020-07-27T18:37:54.000Z', '35eb5c8f-642f-5d3b-ae8f-32a07040a69e', 'true', '2020-01-09T12:27:31.000Z', '2020-10-22T21:30:27.000Z', '{"Diuturo":"Quasi metu tur"}', '{"avatar_url":"https://picsum.photos/200?random=4"}', 't', '2020-02-06T01:36:17.000Z', '2020-01-05T00:01:49.000Z', DEFAULT, '2020-11-03T10:49:18.000Z', DEFAULT, DEFAULT, '2020-11-27T11:02:39.000Z', DEFAULT, DEFAULT, '2020-04-08T03:42:16.000Z', DEFAULT, '2020-03-07T15:04:13.000Z', DEFAULT, '2020-06-06T17:55:18.000Z', DEFAULT), ('2da56712-0c82-57cd-8866-6c110db961bf', '815c84a1-9088-5e6f-b1ab-0853285c0e5d', 'user173:ilovefashion', 'BookSuggestionCurator', 'Julien.Kerluke72913@decent-sneeze.com', '$2b$11$E7F6G5H4I3J2K1L9M8N7', '2020-07-23T07:09:25.000Z', '2020-09-13T09:00:10.000Z', 'dbf92acc-c507-5eca-87fc-59480087903a', '2020-05-01T16:10:46.000Z', '304afb96-347e-536b-bc59-effeff8bb084', '2020-02-14T13:56:13.000Z', '01e6f04b-3847-53ca-97c7-9ac698e14184', 'true', '2020-01-05T12:24:54.000Z', '2020-01-01T00:14:07.000Z', '{"Pertinendus":"Quae nam malistius"}', '{"avatar_url":"https://picsum.photos/200?random=5"}', 't', '2020-01-05T12:52:58.000Z', '2020-11-19T22:46:53.000Z', DEFAULT, '2020-10-18T09:33:25.000Z', DEFAULT, DEFAULT, '2020-03-07T02:35:19.000Z', DEFAULT, DEFAULT, '2020-12-28T23:32:47.000Z', DEFAULT, '2020-07-07T18:28:57.000Z', DEFAULT, '2020-08-04T07:35:09.000Z', DEFAULT), ('c073ab93-1744-5490-9639-0339a0a2041f', 'f14ee7a7-b3f9-561d-8cf7-983293f0008f', 'user187:ilovebasketball', 'LiteraryResearchManager', 'Amelie.McLaughlin4801@squigglypeacoat.info', '$2y$10$G9H8I7J6K5L4M3N2B1A5', '2020-03-11T02:08:14.000Z', '2020-02-18T01:28:20.000Z', '97bb601f-668b-51f2-b9c9-2767e2c31d65', '2020-09-09T08:18:31.000Z', 'c9f77e90-d3b7-54fb-b02f-aaa300ffdfcf', '2020-05-17T04:56:15.000Z', '1d34041a-fa09-529e-9316-ca5ffc1caf51', 'false', '2020-04-20T03:24:46.000Z', '2020-03-07T14:27:45.000Z', '{"Stoicos":"Ut despicatio sunt"}', '{"avatar_url":"https://picsum.photos/200?random=6"}', 'f', '2020-12-21T00:09:21.000Z', '2020-09-09T21:05:14.000Z', DEFAULT, '2020-05-09T16:33:02.000Z', DEFAULT, DEFAULT, '2020-10-26T09:56:23.000Z', DEFAULT, DEFAULT, '2020-12-24T11:28:38.000Z', DEFAULT, '2020-11-11T22:20:54.000Z', DEFAULT, '2020-05-09T04:26:45.000Z', DEFAULT), ('55b67276-434e-5c2e-9260-6e1009fa264a', 'e4153ca5-d012-5995-bad4-086731587974', 'user191:ilovehiking', 'ClubModeratorSupervisor', 'Vada_Nicolas46208@say-mean.net', '$2b$11$E7F6G5H4I3J2K1L9M8N7', '2020-11-23T10:14:34.000Z', '2020-05-05T04:51:58.000Z', '7909b720-b731-57bd-bd73-23cdbb712bfa', '2020-11-19T10:37:35.000Z', '3966e100-3bff-5ca8-ad4b-8f35d89e7a99', '2020-12-12T11:38:55.000Z', '7eec18e3-90f7-5b16-ac22-1718e4311fa1', 'false', '2020-01-01T00:39:45.000Z', '2020-09-13T21:07:17.000Z', '{"Cibo":"Sibi si"}', '{"avatar_url":"https://picsum.photos/200?random=7"}', 't', '2020-01-21T00:16:40.000Z', '2020-10-10T21:24:39.000Z', DEFAULT, '2020-10-14T09:47:47.000Z', DEFAULT, DEFAULT, '2020-01-01T00:10:09.000Z', DEFAULT, DEFAULT, '2020-04-08T03:51:22.000Z', DEFAULT, '2020-08-08T19:19:01.000Z', DEFAULT, '2020-12-24T23:37:57.000Z', DEFAULT), ('dbb1dad3-0e55-5854-ac4a-5853ba42b0ed', '8bb5337a-4ae8-5fe9-834c-d09e97c220b7', 'user187:ilovebasketball', 'LiteraryResearchManager', 'Princess_Mills19974@disbarvestment.info', '$2a$10$Q8R9T7Y6U5I4H3G2F1E', '2020-07-07T06:26:51.000Z', '2020-07-07T18:21:23.000Z', '108bd49d-8a58-5136-a44b-7180d54ffd7b', '2020-06-14T17:52:11.000Z', '6865ce34-4ba6-5ea9-bd01-a96ce9a4bead', '2020-11-23T10:22:36.000Z', 'b36058c2-7f4a-5d0a-a143-d33a159f96c9', 'false', '2020-05-13T16:42:33.000Z', '2020-10-26T09:10:21.000Z', '{"Aut":"Moda ad multoque"}', '{"avatar_url":"https://picsum.photos/200?random=8"}', 't', '2020-02-02T14:01:58.000Z', '2020-04-28T15:17:26.000Z', DEFAULT, '2020-08-16T07:50:43.000Z', DEFAULT, DEFAULT, '2020-04-24T03:42:26.000Z', DEFAULT, DEFAULT, '2020-01-09T12:37:53.000Z', DEFAULT, '2020-03-15T14:52:20.000Z', DEFAULT, '2020-08-16T19:40:49.000Z', DEFAULT), ('956ce2d6-50f6-5a40-9f45-d6a6ebe53493', 'b36ab93a-34cf-5d2f-8309-1f65466da6f0', 'user181:ilovepilates', 'CommunityLiaisonManager', 'Arthur.Little41425@highlightstroke.info', '$2b$11$E2D1C6B5A4H3G2F1E6D5', '2020-09-01T08:16:45.000Z', '2020-08-04T20:09:45.000Z', '22cb9fc6-58a3-55f5-9f12-06e2d21cd400', '2020-06-14T17:42:02.000Z', '90ae1d0f-7420-5e65-8ac3-5605a0fd1ff1', '2020-05-01T04:54:34.000Z', 'f6c2a780-3786-56f2-a5ef-6808e5cb5c96', 'true', '2020-10-10T21:54:36.000Z', '2020-12-13T00:03:16.000Z', '{"Quibus":"Geomete minimper cum"}', '{"avatar_url":"https://picsum.photos/200?random=9"}', 'f', '2020-01-01T12:56:38.000Z', '2020-06-14T05:43:06.000Z', DEFAULT, '2020-04-20T15:38:38.000Z', DEFAULT, DEFAULT, '2020-10-06T09:34:30.000Z', DEFAULT, DEFAULT, '2020-01-17T12:48:09.000Z', DEFAULT, '2020-05-05T16:59:25.000Z', DEFAULT, '2020-12-08T11:56:27.000Z', DEFAULT), ('07a278f3-bf45-5e25-824d-e1411e981100', '44315cac-0a3d-513e-ae25-923183abdce2', 'user194:myfavoritegame', 'CommunityHelperManager', 'Shanna.Boyle39480@creative-lute.info', '$2y$10$C3B2A1D4E5F6G7H8I9J8', '2020-12-16T23:31:46.000Z', '2020-09-05T20:26:15.000Z', 'd8fccc86-0c38-5fe7-8ef8-afebc221508c', '2020-03-23T02:50:09.000Z', 'c8358687-b653-5ca0-9ff9-f44da22d275c', '2020-03-19T02:43:05.000Z', '05bb5786-ae6c-53da-9c72-9e0f830b8cf5', 'true', '2020-12-24T11:33:04.000Z', '2020-07-15T06:45:10.000Z', '{"Caret":"Omnem poetis"}', '{"avatar_url":"https://picsum.photos/200?random=10"}', 'f', '2020-10-10T22:07:18.000Z', '2020-08-20T19:15:43.000Z', DEFAULT, '2020-05-09T04:20:13.000Z', DEFAULT, DEFAULT, '2020-07-07T06:29:32.000Z', DEFAULT, DEFAULT, '2020-03-23T03:06:14.000Z', DEFAULT, '2020-08-20T07:59:39.000Z', DEFAULT, '2020-07-19T07:03:38.000Z', DEFAULT), ('7b9bfa04-6690-5169-b61c-0c5a2850ca05', 'bc6c992f-6177-5b38-a99d-4c1f8bf2d0e3', 'user180:myfavoritebird', 'BookRecommendationManager', 'Nigel.Bailey70616@immaculatevolatility.biz', 'PBKDF2$H$9$M9L8K7J6I5H4G3F2', '2020-06-14T17:51:36.000Z', '2020-12-20T23:39:17.000Z', '3f65655a-6961-5cf5-b048-696d56c6947e', '2020-11-11T22:48:38.000Z', 'bca2274b-589a-5c19-a96f-af41952843c7', '2020-10-18T09:55:40.000Z', 'ba2e3d67-0765-5360-9e40-e75b2db86b69', 'true', '2020-01-05T01:03:21.000Z', '2020-03-27T14:30:25.000Z', '{"Res":"A quicquam intellegat"}', '{"avatar_url":"https://picsum.photos/200?random=11"}', 'f', '2020-03-11T02:41:20.000Z', '2020-11-15T10:24:13.000Z', DEFAULT, '2020-10-18T09:51:07.000Z', DEFAULT, DEFAULT, '2020-02-26T13:52:06.000Z', DEFAULT, DEFAULT, '2020-06-02T06:08:46.000Z', DEFAULT, '2020-09-21T09:00:18.000Z', DEFAULT, '2020-12-28T12:02:02.000Z', DEFAULT), ('881472a8-265f-57f8-b4fd-82cf0687c589', '5ca75a8e-3605-5166-aa74-4e2e2fc0beef', 'user162:myfavoriteauthor', 'ForumAdministrator', 'Carolyn_Weimann23421@grippingcondominium.info', '$2a$10$D2E3F4G5H6I7J8K9L8M', '2020-11-11T22:25:34.000Z', '2020-04-12T15:32:19.000Z', 'd35dc686-4bbc-5c0e-b308-2bb961871d01', '2020-02-26T13:51:18.000Z', '23642e6e-9088-5fd1-84f2-127b6454df3d', '2020-07-03T18:43:33.000Z', '38602006-9884-54d1-b01c-4bab6551fcf1', 'true', '2020-11-07T10:39:42.000Z', '2020-01-05T00:36:47.000Z', '{"Voluptas":"Faciam quamquamvis"}', '{"avatar_url":"https://picsum.photos/200?random=12"}', 'f', '2020-06-14T17:48:55.000Z', '2020-03-03T02:49:56.000Z', DEFAULT, '2020-05-09T16:16:36.000Z', DEFAULT, DEFAULT, '2020-07-03T06:59:45.000Z', DEFAULT, DEFAULT, '2020-12-20T12:14:43.000Z', DEFAULT, '2020-08-12T19:33:18.000Z', DEFAULT, '2020-09-21T08:27:20.000Z', DEFAULT), ('5577ca7e-874d-5faf-92a9-3d5aed92d738', '12b3f6e4-8e09-5767-b1ce-9d45589acea2', 'user178:myfavoritepoem', 'BookClubSupervisor', 'Neil_Pollich55903@creamy-scenario.com', '$2y$10$G7F6E5D4C3B2A1H9J8K7', '2020-07-23T18:20:49.000Z', '2020-11-03T22:56:25.000Z', 'dce4dd4a-a01f-55c8-bdae-7a5b43752930', '2020-07-15T18:42:07.000Z', 'fcf29619-1f80-565c-9e2c-cae86a211915', '2020-04-12T15:29:03.000Z', '087d59c4-6324-58a2-b886-46e0ca9073a4', 'false', '2020-04-16T15:43:14.000Z', '2020-03-15T14:02:07.000Z', '{"Omnino":"Etiam quis"}', '{"avatar_url":"https://picsum.photos/200?random=13"}', 'f', '2020-10-22T21:38:50.000Z', '2020-08-24T19:55:37.000Z', DEFAULT, '2020-10-26T09:37:10.000Z', DEFAULT, DEFAULT, '2020-01-01T00:24:36.000Z', DEFAULT, DEFAULT, '2020-10-10T21:19:53.000Z', DEFAULT, '2020-03-15T02:26:50.000Z', DEFAULT, '2020-10-18T10:04:38.000Z', DEFAULT), ('e9db4923-f5e7-5041-a8ca-b4b4a20eed11', '461f046b-b8af-5c8e-95dd-0f9194531ecb', 'user167:ilovehiking', 'LiteraryAnalyst', 'Ollie.Kulas48928@suppurateemotion.com', 'PBKDF2$H$9$L9M8K7J6I5H4G3F2E1', '2020-12-28T11:16:28.000Z', '2020-03-07T02:28:54.000Z', 'ec3d00e1-afac-5227-b338-1dd190272b5c', '2020-03-11T02:23:58.000Z', '4b0f9500-8c60-52b5-ac9b-9d91cb9d9fc5', '2020-01-13T00:06:44.000Z', '9a14be8c-2933-59c4-af88-700fc59c3fe4', 'true', '2020-07-07T06:14:23.000Z', '2020-07-23T06:28:24.000Z', '{"Ere":"Afferat aut epicosop"}', '{"avatar_url":"https://picsum.photos/200?random=14"}', 't', '2020-07-11T18:19:49.000Z', '2020-02-26T01:17:30.000Z', DEFAULT, '2020-04-04T15:42:48.000Z', DEFAULT, DEFAULT, '2020-09-25T08:08:31.000Z', DEFAULT, DEFAULT, '2020-04-08T15:55:33.000Z', DEFAULT, '2020-07-07T07:07:45.000Z', DEFAULT, '2020-04-20T15:07:24.000Z', DEFAULT), ('8781879c-5a57-5586-9b0e-c3e432941888', 'dce623ef-801d-54b0-a2df-9358c082e29e', 'user165:ilovecycling', 'ForumSupervisor', 'Talia_Lynch40694@unrealisticdirector.biz', '$2a$10$D4E3F2G1H6I5J4K3L2M1', '2020-12-24T23:27:14.000Z', '2020-05-17T16:43:54.000Z', 'd8b83192-c22e-59b1-9332-054667c77fa5', '2020-08-08T19:31:21.000Z', 'b26c5b79-35d0-5732-80b2-9fb4129e4bd1', '2020-07-27T06:26:57.000Z', '3100cd69-23a8-50ea-8562-4984fb8b86a9', 'false', '2020-07-23T19:05:34.000Z', '2020-11-27T22:34:41.000Z', '{"Im":"Quos tam facil"}', '{"avatar_url":"https://picsum.photos/200?random=15"}', 't', '2020-06-26T17:42:22.000Z', '2020-08-12T07:35:44.000Z', DEFAULT, '2020-02-10T01:28:11.000Z', DEFAULT, DEFAULT, '2020-10-22T21:34:38.000Z', DEFAULT, DEFAULT, '2020-06-22T17:19:00.000Z', DEFAULT, '2020-07-19T07:07:36.000Z', DEFAULT, '2020-11-19T11:01:56.000Z', DEFAULT), ('6ef55e39-a225-5b82-be62-b880c209176a', '82d62e5d-3a42-5fcc-8eba-42d842fea91a', 'user186:myfavoritecity', 'ReadingListManager', 'Erick.Considine81131@spur-oats.biz', '$2b$10$F9E8D7C6B5A4H3G2F1', '2020-06-14T05:29:21.000Z', '2020-12-04T23:25:02.000Z', '298e9058-c870-53af-bf12-a1c619d8abf5', '2020-03-11T14:40:24.000Z', '65a520af-b62e-5cc2-be21-20ff7c234207', '2020-08-16T19:21:57.000Z', '14428140-3449-585a-be2b-087162f8a0bf', 'false', '2020-11-19T23:00:11.000Z', '2020-05-05T04:48:21.000Z', '{"Verum":"Quia omnia"}', '{"avatar_url":"https://picsum.photos/200?random=16"}', 'f', '2020-12-16T11:59:44.000Z', '2020-02-10T01:21:33.000Z', DEFAULT, '2020-07-23T06:51:21.000Z', DEFAULT, DEFAULT, '2020-10-26T09:10:21.000Z', DEFAULT, DEFAULT, '2020-06-02T05:43:21.000Z', DEFAULT, '2020-09-17T08:37:24.000Z', DEFAULT, '2020-05-25T16:20:30.000Z', DEFAULT), ('17d84372-828b-5792-a02b-f3402781a5f0', '4906cefc-1eec-5209-9bcc-28e8cf7c862a', 'user161:ilovereading', 'BookDiscussionSupervisor', 'Aniyah_Waelchi44677@generatetimbale.info', 'PBKDF2$H$9$L8K7M6N5O4P3Q2R1', '2020-11-03T22:44:53.000Z', '2020-04-20T15:45:30.000Z', '8cdd027a-ce6f-5506-a316-7822f1353797', '2020-12-20T11:22:03.000Z', '455e0053-a7dc-5d41-a11b-3da489f2421d', '2020-08-04T07:45:31.000Z', 'd3916960-02c7-5a24-a383-d86396d00f3d', 'false', '2020-08-20T20:02:05.000Z', '2020-02-02T01:22:42.000Z', '{"In":"Etiam ea morte"}', '{"avatar_url":"https://picsum.photos/200?random=17"}', 't', '2020-06-14T17:25:58.000Z', '2020-07-23T18:55:40.000Z', DEFAULT, '2020-06-26T05:43:03.000Z', DEFAULT, DEFAULT, '2020-09-05T20:12:23.000Z', DEFAULT, DEFAULT, '2020-10-14T21:16:41.000Z', DEFAULT, '2020-08-16T19:24:37.000Z', DEFAULT, '2020-06-02T17:42:40.000Z', DEFAULT), ('9e676382-8549-5610-b859-aacd62166db8', 'c9ea0237-6687-557a-b9a6-7641ce93392e', 'user182:myfavoritehotel', 'BookDiscussionSupervisor', 'Conner_Feest37814@hollow-raise.info', '$2y$10$G9H8I7J6K5L4M3N2B1A5', '2020-02-18T13:25:53.000Z', '2020-01-17T00:42:06.000Z', '0e683ca7-20f9-5a5a-9e1f-46b4b6c372cb', '2020-02-26T13:39:31.000Z', 'feb7b4bd-afdc-5d20-ae2a-7fd9eec81b10', '2020-10-18T09:51:35.000Z', '5ad2bb96-c81d-5bbc-b9a6-53fe546ccb22', 'true', '2020-09-05T09:01:33.000Z', '2020-01-25T00:57:09.000Z', '{"Finitudo":"Quo doleam"}', '{"avatar_url":"https://picsum.photos/200?random=18"}', 'f', '2020-08-28T07:32:10.000Z', '2020-10-26T09:42:17.000Z', DEFAULT, '2020-10-10T09:22:26.000Z', DEFAULT, DEFAULT, '2020-12-04T11:26:34.000Z', DEFAULT, DEFAULT, '2020-07-11T06:37:17.000Z', DEFAULT, '2020-05-05T04:20:17.000Z', DEFAULT, '2020-11-27T10:59:58.000Z', DEFAULT), ('45d297a6-0fe7-5771-90a3-092faa6f6de8', '698b6e50-7060-5752-b30f-c3c5d2ee3400', 'user173:ilovefashion', 'BookClubSupportManager', 'Marvin.Corwin74662@bubblycharlatan.org', '$2a$10$A5B4C3D2E1F6G7H8I9J8', '2020-12-04T11:14:05.000Z', '2020-08-24T19:34:11.000Z', 'f0be1a98-8c7d-5bb0-b20f-279de28f7280', '2020-04-20T03:10:54.000Z', 'ba01c93c-b4e5-5596-843d-0ef5bf24a95d', '2020-05-05T16:43:48.000Z', 'ec833d7d-89e5-5c56-abb0-ea6740f2d93d', 'true', '2020-12-16T11:29:05.000Z', '2020-09-17T08:18:11.000Z', '{"Ate":"Satisse parte"}', '{"avatar_url":"https://picsum.photos/200?random=19"}', 't', '2020-05-13T04:53:36.000Z', '2020-05-05T05:01:45.000Z', DEFAULT, '2020-09-25T08:22:02.000Z', DEFAULT, DEFAULT, '2020-08-20T07:26:19.000Z', DEFAULT, DEFAULT, '2020-10-26T21:49:51.000Z', DEFAULT, '2020-12-28T11:31:16.000Z', DEFAULT, '2020-04-16T15:46:43.000Z', DEFAULT), ('22486593-fa1f-57e6-b81c-ac242f356e80', 'f50300db-d620-587a-a6c0-46d7f9ace912', 'user196:myfavoritecity', 'CommunityOutreachManager', 'Marlee_Cummerata76784@grotesquebrass.net', '$2a$10$Q8R9T7Y6U5I4H3G2F1E', '2020-11-03T10:50:00.000Z', '2020-01-01T12:42:39.000Z', '5e141a97-563a-5b94-9611-5bea78ec4aec', '2020-12-20T23:27:24.000Z', '278603e9-16d5-5812-8a1b-481d109d286c', '2020-11-27T10:26:38.000Z', '435fb74e-df80-5ad6-95c6-73e488bd7c61', 'false', '2020-10-22T09:58:10.000Z', '2020-06-10T05:12:09.000Z', '{"Natur":"Suscepi et"}', '{"avatar_url":"https://picsum.photos/200?random=20"}', 'f', '2020-10-02T10:10:19.000Z', '2020-12-29T00:03:18.000Z', DEFAULT, '2020-12-20T23:29:37.000Z', DEFAULT, DEFAULT, '2020-03-23T02:04:56.000Z', DEFAULT, DEFAULT, '2020-01-01T12:24:35.000Z', DEFAULT, '2020-12-24T23:48:20.000Z', DEFAULT, '2020-08-16T07:39:53.000Z', DEFAULT), ('78c74432-a7fd-5fe5-8693-81e38c402025', '05eee4fe-379a-5426-9023-edc77e045168', 'user174:myfavoritecity', 'CommunitySupportManager', 'Darren.Monahan56206@hairy-vicinity.org', '$2b$11$E8F7G6H5I4J3K2L1M9N8', '2020-05-01T04:28:49.000Z', '2020-01-17T12:46:18.000Z', 'dae43083-bf29-54d4-b4d8-56f4ab7c3b2a', '2020-09-09T20:22:56.000Z', '3b72488b-69d0-5a00-bedb-d2a64aae9b57', '2020-04-28T03:51:55.000Z', 'c7012a1b-ce8d-513c-ba73-08e4dc60de7c', 'true', '2020-04-16T03:45:26.000Z', '2020-01-13T12:39:28.000Z', '{"Vero":"Ad rogatu"}', '{"avatar_url":"https://picsum.photos/200?random=21"}', 'f', '2020-08-28T19:47:39.000Z', '2020-04-12T03:11:21.000Z', DEFAULT, '2020-11-27T22:23:50.000Z', DEFAULT, DEFAULT, '2020-02-22T01:19:11.000Z', DEFAULT, DEFAULT, '2020-05-13T04:28:13.000Z', DEFAULT, '2020-03-27T02:40:39.000Z', DEFAULT, '2020-06-06T17:17:33.000Z', DEFAULT), ('6c84e5d3-8457-5a00-8c9d-b6b091b8f4cc', '3b2bfa08-09d7-5968-a3d8-4fe62753f511', 'user179:iloveyoga', 'ReadingGuideManager', 'Neoma.Jaskolski41184@importanttaxpayer.com', 'PBKDF2$H$9$L9M8K7J6I5H4G3F2E1', '2020-07-19T18:48:43.000Z', '2020-07-19T18:27:52.000Z', 'fc79d1c4-e812-5e85-a9bc-5c741a3c6cf3', '2020-05-13T16:28:13.000Z', '28de63bd-9f99-563a-8b92-9e6d9603bc99', '2020-05-25T04:04:59.000Z', '5ce70974-0960-5476-8263-ed5631b66f46', 'true', '2020-03-15T02:39:04.000Z', '2020-09-09T08:10:00.000Z', '{"Ad":"Ne dicant tamquamquam"}', '{"avatar_url":"https://picsum.photos/200?random=22"}', 't', '2020-08-04T07:51:27.000Z', '2020-02-18T01:05:15.000Z', DEFAULT, '2020-10-14T09:33:00.000Z', DEFAULT, DEFAULT, '2020-09-13T08:32:26.000Z', DEFAULT, DEFAULT, '2020-10-06T21:43:42.000Z', DEFAULT, '2020-02-18T13:48:29.000Z', DEFAULT, '2020-02-10T13:43:41.000Z', DEFAULT), ('d9051ca4-d320-5892-b045-a729e08611af', 'a866962c-13a6-52c8-965b-d859c0325cb5', 'user180:myfavoritebird', 'BookDiscussionSupervisor', 'Leanna.Murazik40664@bitmap-helicopter.biz', 'PBKDF2$H$9$L7K6M5N4O3P2R1Q3', '2020-03-15T14:51:32.000Z', '2020-08-24T20:04:08.000Z', 'caeabcc3-ec4a-5721-bf52-afb9c82bce4f', '2020-09-01T08:33:52.000Z', '419509a9-90a2-5572-af1f-0347950a448a', '2020-02-14T13:16:08.000Z', 'e0b9ffe5-5380-525d-8b8c-9568feeeedc2', 'true', '2020-12-09T00:10:05.000Z', '2020-04-12T16:01:27.000Z', '{"Inflammat":"Talo minus"}', '{"avatar_url":"https://picsum.photos/200?random=23"}', 't', '2020-11-19T22:58:32.000Z', '2020-06-06T17:47:23.000Z', DEFAULT, '2020-11-11T22:34:53.000Z', DEFAULT, DEFAULT, '2020-04-04T03:15:32.000Z', DEFAULT, DEFAULT, '2020-11-23T22:59:25.000Z', DEFAULT, '2020-07-11T18:17:29.000Z', DEFAULT, '2020-01-17T00:58:53.000Z', DEFAULT), ('9924be85-0076-5d9c-b707-fff7ecda4073', '6f72baed-b6f1-5fb7-a370-fb32611b758b', 'user161:ilovereading', 'ClubCoOwnerManager', 'Royal.Goldner36184@creepyrelease.biz', '$2a$10$D4E3F2G1H6I5J4K3L2M1', '2020-03-23T14:53:38.000Z', '2020-05-09T16:15:34.000Z', '806862ea-2ed9-5c66-9a5d-c5c27cc69690', '2020-03-03T14:07:38.000Z', 'e38317d7-6d16-58a4-a119-5188ee10f266', '2020-04-16T04:01:38.000Z', '52dd336c-68b7-590a-9331-fb9b2e17fd51', 'true', '2020-09-01T20:52:10.000Z', '2020-09-09T08:34:22.000Z', '{"Minorat":"Perpeterit odia"}', '{"avatar_url":"https://picsum.photos/200?random=24"}', 'f', '2020-09-25T20:40:27.000Z', '2020-03-11T14:25:01.000Z', DEFAULT, '2020-03-07T02:58:02.000Z', DEFAULT, DEFAULT, '2020-12-20T23:57:35.000Z', DEFAULT, DEFAULT, '2020-09-13T20:19:24.000Z', DEFAULT, '2020-11-23T22:11:18.000Z', DEFAULT, '2020-10-10T21:46:34.000Z', DEFAULT), ('83fca86f-70ab-53bf-a962-9a6bf07435c1', 'f7030727-d86e-5990-9431-89c9c43ffd21', 'user161:ilovereading', 'DiscussionHostManager', 'Kaden_Lowe49651@reduplicate-thrill.com', 'PBKDF2$H$9$L7K6M5N4O3P2R1Q3', '2020-11-15T23:00:28.000Z', '2020-12-20T11:48:58.000Z', '90172e4c-5cd8-5aca-9df0-d9b8b8ac99a2', '2020-06-14T17:54:59.000Z', '29a24477-cd00-575a-9767-2308d2914840', '2020-10-18T09:15:28.000Z', '3e51592c-36f5-5769-9efa-a8c0dd6b08e8', 'true', '2020-04-28T15:36:47.000Z', '2020-02-22T14:03:35.000Z', '{"Igitatis":"Mediocris se cum"}', '{"avatar_url":"https://picsum.photos/200?random=25"}', 'f', '2020-10-02T09:33:58.000Z', '2020-07-19T06:33:28.000Z', DEFAULT, '2020-07-11T18:32:24.000Z', DEFAULT, DEFAULT, '2020-10-22T21:33:28.000Z', DEFAULT, DEFAULT, '2020-06-14T05:32:57.000Z', DEFAULT, '2020-04-24T03:40:12.000Z', DEFAULT, '2020-02-26T13:38:35.000Z', DEFAULT), ('aae9de88-df8c-5780-bdc2-acd8339c15e5', '94176c1d-3b0c-555f-8cf3-91d3e7f54660', 'user189:ilovephotography', 'ContentEditorManager', 'Kaela.Stanton38365@devote-outback.org', '$2y$10$G7F6E5D4C3B2A1H9J8K7', '2020-08-20T07:35:18.000Z', '2020-12-24T11:46:00.000Z', 'f1929f85-1780-5198-b422-d369e8c4b02e', '2020-05-13T04:32:10.000Z', '8dc1cd73-ac80-5339-93ca-31b594ae9f25', '2020-06-26T05:25:14.000Z', 'fdbc7e40-c8d9-5b59-9591-b4e19960221d', 'true', '2020-04-08T15:50:26.000Z', '2020-11-07T10:37:44.000Z', '{"Quod":"Indignis eidolum"}', '{"avatar_url":"https://picsum.photos/200?random=26"}', 't', '2020-12-20T23:33:49.000Z', '2020-10-22T21:33:42.000Z', DEFAULT, '2020-11-27T10:18:22.000Z', DEFAULT, DEFAULT, '2020-01-09T12:36:22.000Z', DEFAULT, DEFAULT, '2020-04-12T15:54:06.000Z', DEFAULT, '2020-04-12T15:48:52.000Z', DEFAULT, '2020-08-24T07:47:29.000Z', DEFAULT), ('70b242b9-43d3-5c6b-b535-5974e63490bd', 'e24cab33-3c50-58d1-b03b-7255d026525f', 'user193:ilovecooking', 'BookReviewerManager', 'Afton_Stehr30851@joyfulredhead.com', '$2b$10$F3E2D1C6B5A4H3G2F1E', '2020-07-15T06:42:57.000Z', '2020-11-07T22:39:28.000Z', 'd0369630-7282-5cf0-be6c-633f25ffaf7d', '2020-06-22T18:02:34.000Z', '8b56b655-0532-57f6-8e6b-2682c7e38815', '2020-02-22T13:13:49.000Z', 'ebd4a2c0-5f78-53bc-bc43-5b718bd8c0d3', 'true', '2020-09-13T20:30:42.000Z', '2020-06-06T05:12:26.000Z', '{"Multis":"Percipit liberstitio vult"}', '{"avatar_url":"https://picsum.photos/200?random=27"}', 'f', '2020-10-14T22:09:21.000Z', '2020-06-26T05:05:25.000Z', DEFAULT, '2020-10-18T22:04:10.000Z', DEFAULT, DEFAULT, '2020-10-26T21:35:18.000Z', DEFAULT, DEFAULT, '2020-10-14T09:09:13.000Z', DEFAULT, '2020-06-14T17:49:51.000Z', DEFAULT, '2020-05-21T04:06:26.000Z', DEFAULT), ('a022473d-67d3-585e-93ad-0b9710a65ad1', '2a7be9d0-8baf-50e6-b6f4-18e809a3a13b', 'user179:iloveyoga', 'ReadingListManager', 'Everett_Dach14237@violentrecliner.net', '$2y$10$J7I6H5G4F3E2D1C6B5A4', '2020-01-05T00:38:25.000Z', '2020-05-01T16:11:35.000Z', '54b7aaa9-0b0b-5f2c-9506-23aee46bdc0d', '2020-11-27T22:51:20.000Z', '57e73af1-d73b-53fb-941f-31036dc4958e', '2020-10-18T22:12:27.000Z', 'eb4d5cb3-56a5-54eb-9539-309a4348328c', 'true', '2020-12-04T11:15:08.000Z', '2020-07-23T06:44:01.000Z', '{"Lendustria":"Accusation philos"}', '{"avatar_url":"https://picsum.photos/200?random=28"}', 't', '2020-06-18T05:14:23.000Z', '2020-02-26T13:50:36.000Z', DEFAULT, '2020-02-26T01:27:32.000Z', DEFAULT, DEFAULT, '2020-12-20T11:48:29.000Z', DEFAULT, DEFAULT, '2020-06-06T05:55:19.000Z', DEFAULT, '2020-04-20T03:03:33.000Z', DEFAULT, '2020-07-07T06:13:34.000Z', DEFAULT), ('06ab9a86-e242-5532-ae8e-932cb7fd32e4', 'c9891bab-01c0-5c96-a59b-698c3e42ee76', 'user163:ilovetraveling', 'ContentValidatorManager', 'Bonita_Bayer9347@happygolucky-revolution.net', '$2y$10$J7I6H5G4F3E2D1C6B5A4', '2020-01-21T12:39:44.000Z', '2020-02-06T02:01:55.000Z', 'fbe9e476-adf7-5f1e-908e-da37debdc361', '2020-09-05T09:05:17.000Z', '2c607c42-f297-59ba-af64-381a8b266a19', '2020-08-28T07:44:51.000Z', 'c0add284-7493-5b7c-9974-d511c73bc264', 'false', '2020-06-02T17:50:14.000Z', '2020-02-26T13:23:06.000Z', '{"Eo":"Audiri restinerar"}', '{"avatar_url":"https://picsum.photos/200?random=29"}', 't', '2020-07-19T06:43:01.000Z', '2020-10-10T22:00:25.000Z', DEFAULT, '2020-03-03T15:01:49.000Z', DEFAULT, DEFAULT, '2020-08-04T19:43:04.000Z', DEFAULT, DEFAULT, '2020-12-04T23:51:16.000Z', DEFAULT, '2020-10-10T10:11:09.000Z', DEFAULT, '2020-11-27T22:49:14.000Z', DEFAULT), ('00bf1d0c-30ba-582c-ae5b-fab8a951f292', '3677d7c5-e817-50dc-8fe7-96875868f5fe', 'user195:ilovefashion', 'CommunityOutreachManager', 'Giovani_Feeney93087@noisy-fridge.com', 'PBKDF2$H$9$L7K6M5N4O3P2R1Q', '2020-09-25T08:56:11.000Z', '2020-07-19T18:46:03.000Z', '02cf3361-78d7-59d6-a5cf-0f28058d0ca6', '2020-02-14T01:39:19.000Z', 'debd52ed-06ef-5356-a63f-4022d83e244e', '2020-05-01T04:15:19.000Z', '45403bb1-fa61-56b2-9c4b-d381a31645eb', 'true', '2020-09-01T08:35:10.000Z', '2020-05-13T16:24:43.000Z', '{"Quia":"Posset moverimis"}', '{"avatar_url":"https://picsum.photos/200?random=30"}', 'f', '2020-02-02T01:10:28.000Z', '2020-11-07T23:06:09.000Z', DEFAULT, '2020-10-18T09:23:38.000Z', DEFAULT, DEFAULT, '2020-07-15T06:19:25.000Z', DEFAULT, DEFAULT, '2020-05-21T16:23:55.000Z', DEFAULT, '2020-05-01T04:57:29.000Z', DEFAULT, '2020-07-15T06:24:18.000Z', DEFAULT);
INSERT INTO public.profiles (id,created_at,name,theme,first_name,last_name,user_id,email,avatar_url) VALUES (82, DEFAULT, 'Lily Tran', DEFAULT, 'Jaggerdon', 'Ortiz', 'a866962c-13a6-52c8-965b-d859c0325cb5', 'Randy.Borer81915@sarcastic-brilliant.info', 'https://picsum.photos/200?random=0'), (83, DEFAULT, 'Gabriel Brooks', DEFAULT, 'Journy', 'Diaz', 'b36ab93a-34cf-5d2f-8309-1f65466da6f0', 'Susan_Kirlin45345@buck-trend.net', 'https://picsum.photos/200?random=1'), (84, DEFAULT, 'Julian Martin', DEFAULT, 'Jovianna', 'Flores', '3677d7c5-e817-50dc-8fe7-96875868f5fe', 'Margot.Zemlak81277@certify-lesson.info', 'https://picsum.photos/200?random=2'), (85, DEFAULT, 'Jackson Chen', DEFAULT, 'Kolton', 'Sullivan', '2a7be9d0-8baf-50e6-b6f4-18e809a3a13b', 'Makayla_Baumbach12619@bright-tophat.info', 'https://picsum.photos/200?random=3'), (86, DEFAULT, 'Emily Tran', DEFAULT, 'Jovianna', 'Hernandez', 'bc6c992f-6177-5b38-a99d-4c1f8bf2d0e3', 'Jamie.Turner95263@cheek-package.org', 'https://picsum.photos/200?random=4'), (87, DEFAULT, 'Ethan Martin', DEFAULT, 'Kalel', 'Flores', 'f14ee7a7-b3f9-561d-8cf7-983293f0008f', 'Chauncey.Pouros29793@lost-book.info', 'https://picsum.photos/200?random=5'), (88, DEFAULT, 'Lily Tran', DEFAULT, 'Kaydence', 'Flores', 'f50300db-d620-587a-a6c0-46d7f9ace912', 'Maurine_Ziemann54328@hinder-respect.biz', 'https://picsum.photos/200?random=6'), (89, DEFAULT, 'Ethan Thompson', DEFAULT, 'Kolton', 'Medina', '12b3f6e4-8e09-5767-b1ce-9d45589acea2', 'Antwon.Rowe86872@amortizeperspective.name', 'https://picsum.photos/200?random=7'), (90, DEFAULT, 'Lily Brown', DEFAULT, 'Jensen', 'Ward', 'dce623ef-801d-54b0-a2df-9358c082e29e', 'Alejandra_Wilderman22776@intrepid-portfolio.org', 'https://picsum.photos/200?random=8'), (91, DEFAULT, 'Lily Lee', DEFAULT, 'Kamber', 'Diaz', 'e4153ca5-d012-5995-bad4-086731587974', 'Spencer.Bednar9349@dream-general.org', 'https://picsum.photos/200?random=9'), (92, DEFAULT, 'Emily Tran', DEFAULT, 'Kamden', 'Ortiz', '44315cac-0a3d-513e-ae25-923183abdce2', 'Stanford.Johns656@enrollbagpipe.com', 'https://picsum.photos/200?random=10'), (93, DEFAULT, 'Ethan Garcia', DEFAULT, 'Jagger', 'Harrison', '461f046b-b8af-5c8e-95dd-0f9194531ecb', 'Audreanne_Lemke18332@burgeon-abundance.biz', 'https://picsum.photos/200?random=11'), (94, DEFAULT, 'Emily Patel', DEFAULT, 'Jaxen', 'West', '698b6e50-7060-5752-b30f-c3c5d2ee3400', 'Cecelia.Morar45536@hateful-cheesecake.net', 'https://picsum.photos/200?random=12'), (95, DEFAULT, 'Sofia Brown', DEFAULT, 'Jovianna', 'Harrison', '6f72baed-b6f1-5fb7-a370-fb32611b758b', 'Mustafa_Lesch37194@indolentpier.com', 'https://picsum.photos/200?random=13'), (96, DEFAULT, 'Ethan Hall', DEFAULT, 'Kamden', 'Flores', '94176c1d-3b0c-555f-8cf3-91d3e7f54660', 'Clark_Kub70761@precious-boxer.com', 'https://picsum.photos/200?random=14'), (97, DEFAULT, 'Ava Brooks', DEFAULT, 'Kymora', 'Webb', 'c9ea0237-6687-557a-b9a6-7641ce93392e', 'Nia_Roberts19112@falsechicory.net', 'https://picsum.photos/200?random=15'), (98, DEFAULT, 'Jackson Patel', DEFAULT, 'Jaggerdon', 'Ross', '5ca75a8e-3605-5166-aa74-4e2e2fc0beef', 'Queenie.Jaskolski46176@fog-glut.info', 'https://picsum.photos/200?random=16'), (99, DEFAULT, 'Sofia Patel', DEFAULT, 'Journi', 'Ortiz', '3b2bfa08-09d7-5968-a3d8-4fe62753f511', 'Sasha.Schmeler28530@felinesummer.biz', 'https://picsum.photos/200?random=17'), (100, DEFAULT, 'Ethan Martin', DEFAULT, 'Kallie', 'Gibson', '4906cefc-1eec-5209-9bcc-28e8cf7c862a', 'Kenna.Batz40750@full-reluctance.info', 'https://picsum.photos/200?random=18'), (101, DEFAULT, 'Ethan Garcia', DEFAULT, 'Kymberli', 'Simmons', '5fef9e7c-116a-5504-a6ae-d16f4442d448', 'Nicholas.Casper22979@estimate-heart.biz', 'https://picsum.photos/200?random=19'), (102, DEFAULT, 'Jackson Lee', DEFAULT, 'Journie', 'Fisher', '8bb5337a-4ae8-5fe9-834c-d09e97c220b7', 'Deven.Cummings6270@uncommonhackwork.com', 'https://picsum.photos/200?random=20'), (103, DEFAULT, 'Lily Wilson', DEFAULT, 'Jaxen', 'Tucker', '5ac46069-d153-5b50-a0be-8a017d379243', 'Al_West59125@needyjute.org', 'https://picsum.photos/200?random=21'), (104, DEFAULT, 'Logan Hall', DEFAULT, 'Kymberli', 'Lane', '815c84a1-9088-5e6f-b1ab-0853285c0e5d', 'Queen_Heathcote84500@cosy-nonbeliever.org', 'https://picsum.photos/200?random=22'), (105, DEFAULT, 'Julian Davis', DEFAULT, 'Journi', 'Ortiz', '82d62e5d-3a42-5fcc-8eba-42d842fea91a', 'Kay.Barrows75470@entreatpigpen.name', 'https://picsum.photos/200?random=23'), (106, DEFAULT, 'Lily Tran', DEFAULT, 'Jaxen', 'Hall', 'c9891bab-01c0-5c96-a59b-698c3e42ee76', 'Willow.Watsica49143@broadcast-protein.info', 'https://picsum.photos/200?random=24'), (107, DEFAULT, 'Emily Patel', DEFAULT, 'Journi', 'Fisher', '5f2c632c-1003-5d3e-94f5-6085899aa359', 'Percival_O_Reilly88148@snarlabacus.biz', 'https://picsum.photos/200?random=25'), (108, DEFAULT, 'Ethan Garcia', DEFAULT, 'Kolbie', 'Perry', '05eee4fe-379a-5426-9023-edc77e045168', 'Hans_Larkin32344@misguidedhomeownership.net', 'https://picsum.photos/200?random=26'), (109, DEFAULT, 'Julian Martin', DEFAULT, 'Jovianna', 'Lewis', '71c8f57c-aae5-5ac8-8fc0-a1ff399b17b8', 'Marlee.Herzog75384@tired-independent.info', 'https://picsum.photos/200?random=27'), (110, DEFAULT, 'Gabriel Brooks', DEFAULT, 'Kymberli', 'Lane', 'e24cab33-3c50-58d1-b03b-7255d026525f', 'Breanna_Simonis17509@adoredbombing.biz', 'https://picsum.photos/200?random=28'), (111, DEFAULT, 'Logan Brooks', DEFAULT, 'Kasidy', 'Coleman', '0f5d546a-dd80-5406-a005-a4f3061b9fb4', 'Prince.Hagenes21077@ioniseparticipant.net', 'https://picsum.photos/200?random=29'), (112, DEFAULT, 'Ethan Garcia', DEFAULT, 'Journi', 'Ward', 'f7030727-d86e-5990-9431-89c9c43ffd21', 'Concepcion_Kris43063@bestir-appeal.biz', 'https://picsum.photos/200?random=30');
SELECT setval('"public"."profiles_id_seq"'::regclass, (SELECT MAX("id") FROM "public"."profiles"));
INSERT INTO auth.users (instance_id,id,aud,role,email,encrypted_password,email_confirmed_at,invited_at,confirmation_token,confirmation_sent_at,recovery_token,recovery_sent_at,email_change_token_new,email_change,email_change_sent_at,last_sign_in_at,raw_app_meta_data,raw_user_meta_data,is_super_admin,created_at,updated_at,phone,phone_confirmed_at,phone_change,phone_change_token,phone_change_sent_at,email_change_token_current,email_change_confirm_status,banned_until,reauthentication_token,reauthentication_sent_at,is_sso_user,deleted_at,is_anonymous) VALUES ('78ef0fb4-6f94-54d0-b18a-19c46d5a06ca', '87a989ce-5650-5f06-8bfb-a61e520ab0b2', 'user171:ilovecooking', 'ReadingChallengeSupervisor', 'Jaqueline_Bernier83043@deficient-associate.org', '$2a$10$C8D7E6F5G4H3I2J1K9L8', '2020-09-17T08:32:59.000Z', '2020-08-28T07:59:18.000Z', '1fb47cd5-0d63-5be5-834d-6548a27d526f', '2020-11-23T22:12:42.000Z', '6047fb87-b594-543e-af47-782a3107b939', '2020-11-07T10:46:20.000Z', '973937f9-6e0f-5422-a884-10386c331280', 'true', '2020-03-15T02:58:10.000Z', '2020-12-12T11:59:54.000Z', '{"Hoc":"Quietem disciplinae"}', '{"Omnium":"Voluptate cendi"}', 't', '2020-04-12T03:53:04.000Z', '2020-09-09T08:39:57.000Z', DEFAULT, '2020-11-27T10:55:11.000Z', DEFAULT, DEFAULT, '2020-04-20T03:18:36.000Z', DEFAULT, DEFAULT, '2020-06-26T05:26:31.000Z', DEFAULT, '2020-02-10T01:34:57.000Z', DEFAULT, '2020-09-21T20:36:12.000Z', DEFAULT), ('8a676be8-cb1b-5c9d-996e-bab60e23ded2', '51d76c9d-39e4-5ebe-8990-81db507dfa2c', 'user182:myfavoritehotel', 'CommunityLiaisonManager', 'Tatum.Altenwerth6843@seal-fishery.net', '$2y$10$J7I6H5G4F3E2D1C6B5A4', '2020-09-13T08:23:00.000Z', '2020-01-01T00:02:20.000Z', '55ca2383-ba54-5f99-b3f3-92aaf6529670', '2020-09-01T20:42:16.000Z', '7dcd32e4-0c2f-5711-a293-9b283f08ee5e', '2020-01-13T00:12:19.000Z', '6c182d49-e1ae-5716-aced-2063db2cbad9', 'false', '2020-05-25T04:52:17.000Z', '2020-03-27T02:10:43.000Z', '{"Arendum":"Possunt si dicer"}', '{"Doctis":"Superet et"}', 't', '2020-06-02T17:26:07.000Z', '2020-04-28T03:54:16.000Z', DEFAULT, '2020-10-18T09:23:23.000Z', DEFAULT, DEFAULT, '2020-03-23T02:53:10.000Z', DEFAULT, DEFAULT, '2020-05-05T17:08:31.000Z', DEFAULT, '2020-01-09T00:36:16.000Z', DEFAULT, '2020-09-25T20:38:56.000Z', DEFAULT);
INSERT INTO public.profiles (id,created_at,name,theme,first_name,last_name,user_id,email,avatar_url) VALUES (113, DEFAULT, 'Julian Davis', DEFAULT, 'Jovianna', 'Ortiz', '87a989ce-5650-5f06-8bfb-a61e520ab0b2', 'Berry_Lehner53828@redactcicada.info', 'https://picsum.photos/200/300'), (114, DEFAULT, 'Ethan Hall', DEFAULT, 'Kymberley', 'Horton', '51d76c9d-39e4-5ebe-8990-81db507dfa2c', 'Summer.Tremblay2056@worm-insolence.name', 'https://picsum.photos/200/303');
INSERT INTO public.clubs (id,created_at,name,description,creator_profile_id,last_edited_by_member_id) VALUES (16, DEFAULT, 'The Reading Room Bookworms', 'Join the Timeless Tales Club for a monthly exploration of classic literature! Meetings are held every 1st and 3rd Thursday of the month.', 113, NULL), (17, DEFAULT, 'The Fiction Fusion Club', 'The Romance Renegades Club is dedicated to exploring the world of romance novels. Meetings are held every 2nd and 4th Thursday of the month.', 114, NULL);
SELECT setval('"public"."profiles_id_seq"'::regclass, (SELECT MAX("id") FROM "public"."profiles"));
SELECT setval('"public"."clubs_id_seq"'::regclass, (SELECT MAX("id") FROM "public"."clubs"));
INSERT INTO public.club_invite_codes (id,club_id,code,expiration_date,created_at) VALUES (11, 16, DEFAULT, '2020-03-15T14:38:14.000Z', DEFAULT), (12, 16, DEFAULT, '2020-06-26T05:14:10.000Z', DEFAULT), (13, 16, DEFAULT, '2020-01-21T13:00:42.000Z', DEFAULT), (14, 16, DEFAULT, '2020-03-07T14:15:30.000Z', DEFAULT), (15, 16, DEFAULT, '2020-11-07T11:12:06.000Z', DEFAULT);
SELECT setval('"public"."club_invite_codes_id_seq"'::regclass, (SELECT MAX("id") FROM "public"."club_invite_codes"));
INSERT INTO public.members (id,created_at,club_id,favorite,reading_tab_index,user_profile_id) VALUES (152, DEFAULT, 16, DEFAULT, DEFAULT, 86), (153, DEFAULT, 17, DEFAULT, DEFAULT, 95), (154, DEFAULT, 17, DEFAULT, DEFAULT, 96), (155, DEFAULT, 16, DEFAULT, DEFAULT, 108), (156, DEFAULT, 17, DEFAULT, DEFAULT, 83), (157, DEFAULT, 16, DEFAULT, DEFAULT, 102), (158, DEFAULT, 16, DEFAULT, DEFAULT, 98), (159, DEFAULT, 17, DEFAULT, DEFAULT, 85), (160, DEFAULT, 16, DEFAULT, DEFAULT, 102), (161, DEFAULT, 17, DEFAULT, DEFAULT, 100), (162, DEFAULT, 16, DEFAULT, DEFAULT, 86), (163, DEFAULT, 17, DEFAULT, DEFAULT, 109), (164, DEFAULT, 17, DEFAULT, DEFAULT, 83), (165, DEFAULT, 17, DEFAULT, DEFAULT, 101), (166, DEFAULT, 16, DEFAULT, DEFAULT, 110), (167, DEFAULT, 16, DEFAULT, DEFAULT, 110), (168, DEFAULT, 17, DEFAULT, DEFAULT, 100), (169, DEFAULT, 17, DEFAULT, DEFAULT, 88), (170, DEFAULT, 16, DEFAULT, DEFAULT, 104), (171, DEFAULT, 17, DEFAULT, DEFAULT, 84), (172, DEFAULT, 16, DEFAULT, DEFAULT, 112), (173, DEFAULT, 17, DEFAULT, DEFAULT, 104), (174, DEFAULT, 17, DEFAULT, DEFAULT, 83), (175, DEFAULT, 16, DEFAULT, DEFAULT, 108), (176, DEFAULT, 17, DEFAULT, DEFAULT, 89), (177, DEFAULT, 16, DEFAULT, DEFAULT, 98), (178, DEFAULT, 17, DEFAULT, DEFAULT, 85), (179, DEFAULT, 16, DEFAULT, DEFAULT, 104), (180, DEFAULT, 17, DEFAULT, DEFAULT, 87), (181, DEFAULT, 17, DEFAULT, DEFAULT, 101), (182, DEFAULT, 17, DEFAULT, DEFAULT, 105);
SELECT setval('"public"."members_id_seq"'::regclass, (SELECT MAX("id") FROM "public"."members"));
INSERT INTO public.member_roles (id,created_at,member_id,role,last_edited_by_member_id) VALUES (119, DEFAULT, 154, 'MODERATOR', NULL), (120, DEFAULT, 153, 'MODERATOR', NULL), (121, DEFAULT, 157, 'ADMIN', NULL), (122, DEFAULT, 174, 'ADMIN', NULL), (123, DEFAULT, 166, 'MEMBER', NULL), (124, DEFAULT, 164, 'ADMIN', NULL), (125, DEFAULT, 172, 'ADMIN', NULL), (126, DEFAULT, 152, 'ADMIN', NULL), (127, DEFAULT, 170, 'MEMBER', NULL), (128, DEFAULT, 176, 'ADMIN', NULL), (129, DEFAULT, 162, 'MEMBER', NULL), (130, DEFAULT, 155, 'MODERATOR', NULL), (131, DEFAULT, 158, 'MEMBER', NULL), (132, DEFAULT, 180, 'MEMBER', NULL), (133, DEFAULT, 156, 'MODERATOR', NULL), (134, DEFAULT, 182, 'ADMIN', NULL), (135, DEFAULT, 179, 'MEMBER', NULL), (136, DEFAULT, 175, 'MODERATOR', NULL), (137, DEFAULT, 178, 'MODERATOR', NULL), (138, DEFAULT, 163, 'MEMBER', NULL), (139, DEFAULT, 181, 'MEMBER', NULL), (140, DEFAULT, 171, 'ADMIN', NULL), (141, DEFAULT, 165, 'ADMIN', NULL), (142, DEFAULT, 173, 'MEMBER', NULL), (143, DEFAULT, 169, 'MODERATOR', NULL), (144, DEFAULT, 161, 'ADMIN', NULL), (145, DEFAULT, 177, 'MEMBER', NULL), (146, DEFAULT, 168, 'MODERATOR', NULL), (147, DEFAULT, 167, 'MODERATOR', NULL), (148, DEFAULT, 160, 'MEMBER', NULL), (149, DEFAULT, 159, 'MODERATOR', NULL);
UPDATE public.member_roles SET last_edited_by_member_id = 153 WHERE id = 119;
UPDATE public.member_roles SET last_edited_by_member_id = 172 WHERE id = 120;
UPDATE public.member_roles SET last_edited_by_member_id = 179 WHERE id = 121;
UPDATE public.member_roles SET last_edited_by_member_id = 175 WHERE id = 122;
UPDATE public.member_roles SET last_edited_by_member_id = 182 WHERE id = 123;
UPDATE public.member_roles SET last_edited_by_member_id = 182 WHERE id = 124;
UPDATE public.member_roles SET last_edited_by_member_id = 169 WHERE id = 125;
UPDATE public.member_roles SET last_edited_by_member_id = 175 WHERE id = 126;
UPDATE public.member_roles SET last_edited_by_member_id = 156 WHERE id = 127;
UPDATE public.member_roles SET last_edited_by_member_id = 181 WHERE id = 128;
UPDATE public.member_roles SET last_edited_by_member_id = 152 WHERE id = 129;
UPDATE public.member_roles SET last_edited_by_member_id = 182 WHERE id = 130;
UPDATE public.member_roles SET last_edited_by_member_id = 182 WHERE id = 131;
UPDATE public.member_roles SET last_edited_by_member_id = 153 WHERE id = 132;
UPDATE public.member_roles SET last_edited_by_member_id = 161 WHERE id = 133;
UPDATE public.member_roles SET last_edited_by_member_id = 178 WHERE id = 134;
UPDATE public.member_roles SET last_edited_by_member_id = 180 WHERE id = 135;
UPDATE public.member_roles SET last_edited_by_member_id = 152 WHERE id = 136;
UPDATE public.member_roles SET last_edited_by_member_id = 162 WHERE id = 137;
UPDATE public.member_roles SET last_edited_by_member_id = 160 WHERE id = 138;
UPDATE public.member_roles SET last_edited_by_member_id = 167 WHERE id = 139;
UPDATE public.member_roles SET last_edited_by_member_id = 176 WHERE id = 140;
UPDATE public.member_roles SET last_edited_by_member_id = 176 WHERE id = 141;
UPDATE public.member_roles SET last_edited_by_member_id = 163 WHERE id = 142;
UPDATE public.member_roles SET last_edited_by_member_id = 154 WHERE id = 143;
UPDATE public.member_roles SET last_edited_by_member_id = 156 WHERE id = 144;
UPDATE public.member_roles SET last_edited_by_member_id = 173 WHERE id = 145;
UPDATE public.member_roles SET last_edited_by_member_id = 152 WHERE id = 146;
UPDATE public.member_roles SET last_edited_by_member_id = 173 WHERE id = 147;
UPDATE public.member_roles SET last_edited_by_member_id = 153 WHERE id = 148;
UPDATE public.member_roles SET last_edited_by_member_id = 169 WHERE id = 149;
SELECT setval('"public"."member_roles_id_seq"'::regclass, (SELECT MAX("id") FROM "public"."member_roles"));
INSERT INTO public.books (id,created_at,title,authors,page_count,image_url,image_width,image_height,open_library_id,creator_member_id) VALUES (31, DEFAULT, 'The Age of Miracles', '{"John le Carre"}', 934, 'https://picsum.photos/200/300?random=0', 200, 300, 'c61e6f6e-6828-5f2c-97a6-98147e03fd8b', 178), (32, DEFAULT, 'The First Fifteen Lives of Harry August', '{"Johann Wolfgang Goethe"}', 811, 'https://picsum.photos/200/300?random=1', 200, 300, '65c285f4-f8ff-5cfc-86c1-f45c5c579484', 179), (33, DEFAULT, 'The Invisible Library', '{"Boris Pasternak"}', 560, 'https://picsum.photos/200/300?random=2', 200, 300, '171a5445-58ce-5590-9d41-32a81be0cd9c', 172), (34, DEFAULT, 'The Forbidden', '{"Charles Dickens"}', 638, 'https://picsum.photos/200/300?random=3', 200, 300, 'd2a20164-1d81-5dcb-8440-f49312a31e5b', 175), (35, DEFAULT, 'The Age of Miracles', '{"Emily Bronte"}', 381, 'https://picsum.photos/200/300?random=4', 200, 300, 'aa8c23a9-cc7f-518c-b0ad-b64b30b482a1', 162), (36, DEFAULT, 'The House of Shattered Wings', '{"Michael Crichton"}', 681, 'https://picsum.photos/200/300?random=5', 200, 300, 'a682f91c-56ad-51cc-9764-1b2d57d536c7', 173), (37, DEFAULT, 'The Last Storyteller', '{"Philip K Dick"}', 831, 'https://picsum.photos/200/300?random=6', 200, 300, 'b07006d3-065b-5846-a425-ec4c18bdb499', 163), (38, DEFAULT, 'The Shadow of the Wind', '{"Robert Harris"}', 521, 'https://picsum.photos/200/300?random=7', 200, 300, '71c3ffe6-3c2d-5543-bd48-72f6618850d8', 166), (39, DEFAULT, 'The Night Circus', '{"Richard Llewellyn"}', 608, 'https://picsum.photos/200/300?random=8', 200, 300, 'd61e934d-32e6-5b82-ae6d-ed55fb8d9d80', 153), (40, DEFAULT, 'The Night Circus', '{"Richard Llewellyn"}', 853, 'https://picsum.photos/200/300?random=9', 200, 300, '7a1251c4-523c-51cd-b5af-5646d26b0482', 175);
SELECT setval('"public"."books_id_seq"'::regclass, (SELECT MAX("id") FROM "public"."books"));
INSERT INTO auth.users (instance_id,id,aud,role,email,encrypted_password,email_confirmed_at,invited_at,confirmation_token,confirmation_sent_at,recovery_token,recovery_sent_at,email_change_token_new,email_change,email_change_sent_at,last_sign_in_at,raw_app_meta_data,raw_user_meta_data,is_super_admin,created_at,updated_at,phone,phone_confirmed_at,phone_change,phone_change_token,phone_change_sent_at,email_change_token_current,email_change_confirm_status,banned_until,reauthentication_token,reauthentication_sent_at,is_sso_user,deleted_at,is_anonymous) VALUES ('42981d63-69bc-513f-b12c-9720be05ec7c', '4111a59f-03f1-5b8e-841c-7925241b5790', 'user198:myfavoritecomic', 'ForumAdministrator', 'Glenna_Schinner40330@hangsea.biz', '$2y$10$G6F5E4D3C2B1A6G7H8I9J', '2020-09-13T20:47:50.000Z', '2020-11-03T11:06:40.000Z', '792f8b12-d1de-52be-8487-78383b9fd8ac', '2020-02-18T01:48:50.000Z', '6a039142-288b-5f17-8eb0-1ec48a1dc19e', '2020-07-07T18:55:23.000Z', 'a2a91e3a-14b9-52ac-98a8-1473f08ada9a', 'false', '2020-07-27T18:19:01.000Z', '2020-08-28T07:52:05.000Z', '{"Quibus":"Nihillaram statu"}', '{"Nisi":"Inem non pacuvii"}', 't', '2020-11-15T23:08:30.000Z', '2020-08-08T19:10:16.000Z', DEFAULT, '2020-07-11T18:33:34.000Z', DEFAULT, DEFAULT, '2020-10-22T10:11:21.000Z', DEFAULT, DEFAULT, '2020-12-24T11:59:03.000Z', DEFAULT, '2020-12-05T00:03:36.000Z', DEFAULT, '2020-12-04T11:39:36.000Z', DEFAULT), ('1466f798-a5f3-55c9-8dbc-12f78a9a73bc', '632bf0f3-3b93-5b66-8432-d42157fecc57', 'user188:myfavoriteflower', 'ReadingGuideCurator', 'Frank.Zulauf22755@unlearn-biscuit.org', '$2a$10$D2E3F4G5H6I7J8K9L8M', '2020-03-19T14:47:52.000Z', '2020-03-19T14:27:43.000Z', 'bf4bcfbb-d671-57bc-9f6f-1cdfa6741967', '2020-05-21T16:46:10.000Z', '34133d7c-8c88-5118-a8d0-a4785ef30615', '2020-07-11T06:36:14.000Z', '28f86e4b-c625-5eb7-8c65-48d8bd7faf7d', 'true', '2020-11-15T22:32:44.000Z', '2020-11-11T23:03:11.000Z', '{"Iis":"Ingenus et vitae"}', '{"Posse":"Etenta privenime modus"}', 't', '2020-12-24T23:30:30.000Z', '2020-09-25T21:00:36.000Z', DEFAULT, '2020-07-03T18:13:58.000Z', DEFAULT, DEFAULT, '2020-10-22T21:51:18.000Z', DEFAULT, DEFAULT, '2020-10-22T09:49:27.000Z', DEFAULT, '2020-11-07T22:11:51.000Z', DEFAULT, '2020-05-17T05:00:12.000Z', DEFAULT), ('6fd71420-280c-5cb7-8fd9-a53ba8ddcf78', '6157a6c8-0fc7-56b4-9d95-73f0b765b4fb', 'user165:ilovecycling', 'BookClubSupportSupervisor', 'Norberto.Sporer37296@chidecasualty.info', 'PBKDF2$H$9$L9M8K7J6I5H4G3F2E1', '2020-12-24T11:29:34.000Z', '2020-11-11T23:06:41.000Z', 'cf5dc1f8-c75c-5ef5-9e9f-16fda9f81c70', '2020-01-25T12:36:32.000Z', '3f43e426-df77-569b-984d-9d5d6a3937ca', '2020-06-06T05:16:31.000Z', '8a57f761-e490-58c1-9090-5f932b56b56d', 'true', '2020-02-02T01:32:43.000Z', '2020-11-03T22:19:01.000Z', '{"Per":"Dignius theophrasti"}', '{"In":"Id mihi"}', 't', '2020-10-14T21:57:00.000Z', '2020-01-09T00:26:08.000Z', DEFAULT, '2020-08-24T07:21:16.000Z', DEFAULT, DEFAULT, '2020-02-14T13:37:49.000Z', DEFAULT, DEFAULT, '2020-03-15T14:45:00.000Z', DEFAULT, '2020-10-10T21:55:04.000Z', DEFAULT, '2020-01-17T00:51:54.000Z', DEFAULT), ('1f05f6d6-4aa1-5520-b906-a3d1adfe810a', '9e989cb1-9ee6-5073-a20c-7e974ad2428e', 'user167:ilovehiking', 'CommunitySupportSupervisor', 'Terrance.Green59464@sweetpoverty.com', '$2a$10$A5B4C3D2E1F6G7H8I9J8', '2020-04-12T15:43:30.000Z', '2020-11-03T22:56:04.000Z', 'f29857b0-c6cf-57a3-bb71-f8f1ddef21e3', '2020-09-13T08:21:15.000Z', '6a6bc13e-d104-5073-9109-b892b74467c6', '2020-10-26T09:57:12.000Z', 'd0701e73-79d7-5545-9afb-77558cf2b478', 'true', '2020-05-25T05:02:54.000Z', '2020-08-12T19:43:04.000Z', '{"Et":"Omnes utilla"}', '{"Nec":"Ut cum"}', 't', '2020-09-09T08:56:01.000Z', '2020-04-04T15:36:44.000Z', DEFAULT, '2020-06-26T05:56:41.000Z', DEFAULT, DEFAULT, '2020-12-24T23:27:21.000Z', DEFAULT, DEFAULT, '2020-04-16T03:26:27.000Z', DEFAULT, '2020-11-19T22:22:32.000Z', DEFAULT, '2020-10-26T21:21:04.000Z', DEFAULT), ('f86633c9-ebdf-5696-9062-0fb44d737fae', '976dd0dd-3838-57c5-a89b-a7c96f6acd13', 'user184:myfavoritecar', 'DiscussionHostManager', 'Camryn.Cummerata25712@indolent-version.biz', '$2b$11$E7F6G5H4I3J2K1L9M8N7', '2020-08-20T07:07:05.000Z', '2020-08-16T07:30:20.000Z', 'c16f7120-bd43-53f0-8f53-041abe1892b9', '2020-05-09T16:38:38.000Z', 'bc646d51-5b86-5e1b-982f-6fcbee001c7e', '2020-04-04T15:40:13.000Z', '1fcc2b34-70f6-50d4-9ff6-bbbc2d0325a2', 'true', '2020-09-25T09:02:07.000Z', '2020-10-02T09:25:28.000Z', '{"In":"Gaudeat sine"}', '{"Es":"Contempus mandarumen ipem"}', 't', '2020-08-28T08:01:17.000Z', '2020-12-21T00:02:42.000Z', DEFAULT, '2020-02-14T13:37:27.000Z', DEFAULT, DEFAULT, '2020-09-25T08:33:13.000Z', DEFAULT, DEFAULT, '2020-05-13T16:54:53.000Z', DEFAULT, '2020-01-13T00:25:09.000Z', DEFAULT, '2020-10-10T09:56:49.000Z', DEFAULT), ('eb7037cd-5727-5546-9b96-f329a5227e15', '4bf31376-047f-5fd4-bb54-61e305d7f2a1', 'user178:myfavoritepoem', 'ContentArchivist', 'Margie.Abshire42175@scoutantling.biz', '$2a$10$C7D6E5F4G3H2I1J9K8L7M', '2020-04-24T03:48:08.000Z', '2020-02-22T01:15:21.000Z', '30ac8248-061f-5b13-96df-a9295a57ccc2', '2020-01-17T00:24:10.000Z', 'c3e5f949-0f9d-5f34-a69e-f618b7549624', '2020-08-04T19:32:41.000Z', '76ef47e5-f6d0-5537-95d6-cfb37739c15f', 'false', '2020-10-22T09:31:23.000Z', '2020-09-21T08:42:57.000Z', '{"Quidem":"Non bella ratione"}', '{"Quorum":"Etiam hominstructior"}', 'f', '2020-05-25T04:59:31.000Z', '2020-11-23T22:34:57.000Z', DEFAULT, '2020-04-28T15:54:16.000Z', DEFAULT, DEFAULT, '2020-11-15T22:30:52.000Z', DEFAULT, DEFAULT, '2020-04-08T15:45:11.000Z', DEFAULT, '2020-11-15T10:51:50.000Z', DEFAULT, '2020-03-07T03:00:22.000Z', DEFAULT), ('79b09a47-7e61-54c9-a97a-fd59e7b1254d', '096f32ca-9582-5ba7-9266-392bf73f6098', 'user163:ilovetraveling', 'ContentValidatorManager', 'Bennett.Grant81483@presage-crewmember.org', '$2b$10$F2E1D6C5B4A3G2H1I9J8', '2020-01-21T00:37:17.000Z', '2020-12-24T23:26:18.000Z', '628c7729-ec5b-5e64-b959-ae7eddd183a7', '2020-01-05T00:41:54.000Z', '526b5d5d-4ca0-5656-b4e2-59222202bb46', '2020-07-23T06:54:22.000Z', '59b4efe1-6fe3-5a34-8ec7-1a605d42c68d', 'true', '2020-07-03T06:58:56.000Z', '2020-10-06T09:13:17.000Z', '{"Cohaerest":"Et totelab"}', '{"Dicam":"Epicur autemus nimus"}', 't', '2020-05-17T04:23:09.000Z', '2020-06-22T17:24:21.000Z', DEFAULT, '2020-02-02T01:26:40.000Z', DEFAULT, DEFAULT, '2020-08-08T19:32:24.000Z', DEFAULT, DEFAULT, '2020-02-06T01:49:48.000Z', DEFAULT, '2020-06-26T17:23:57.000Z', DEFAULT, '2020-12-08T23:33:51.000Z', DEFAULT), ('bc15358a-6695-5807-8535-dea493bb0cb3', '878aeed2-8154-547a-936e-d0da4735da15', 'user169:ilovephotography', 'ContentEditorManager', 'Austyn.Shanahan44994@stompwitch.net', '$2b$10$F2E1D6C5B4A3G2H1I9J8', '2020-01-01T00:43:00.000Z', '2020-11-11T11:02:36.000Z', '8a65f41a-b869-5f38-a772-2bb03b98af5d', '2020-12-16T11:57:10.000Z', '48a69833-4e13-52d1-b7af-665f5ba9555d', '2020-09-09T08:33:47.000Z', '106b2b0c-099a-529b-add1-599bce6f129c', 'false', '2020-11-11T22:35:56.000Z', '2020-08-12T07:26:04.000Z', '{"Dicano":"Scriptorquem quo indiviter"}', '{"Quisitassec":"Quia tam"}', 'f', '2020-05-01T04:40:42.000Z', '2020-05-05T16:28:40.000Z', DEFAULT, '2020-09-05T08:36:31.000Z', DEFAULT, DEFAULT, '2020-08-28T19:18:18.000Z', DEFAULT, DEFAULT, '2020-12-28T23:45:15.000Z', DEFAULT, '2020-09-13T08:22:39.000Z', DEFAULT, '2020-08-08T08:04:27.000Z', DEFAULT), ('63fbc341-789a-586c-8673-fd2f8ec10a58', 'a585b683-806d-5b13-a6b0-6cfd5563f648', 'user165:ilovecycling', 'CommunitySupportSupervisor', 'Annette_Auer81256@remind-rethinking.info', 'PBKDF2$H$9$L9M8K7J6I5H4G3F2E1', '2020-04-08T03:18:52.000Z', '2020-03-19T02:30:31.000Z', '552c80e0-4a8c-597c-ad1f-5da21d7e159d', '2020-03-11T14:40:24.000Z', 'ec8658f0-0014-5adc-ba54-825a524c66ff', '2020-08-20T19:27:36.000Z', 'd7174f69-518b-5897-842b-46859a2ff175', 'true', '2020-05-05T16:33:26.000Z', '2020-07-11T06:21:47.000Z', '{"Gravis":"Instructiorib quale difficiter"}', '{"Sed":"Meque diligita"}', 'f', '2020-05-25T16:34:00.000Z', '2020-08-28T07:35:12.000Z', DEFAULT, '2020-03-07T02:35:54.000Z', DEFAULT, DEFAULT, '2020-02-10T13:59:53.000Z', DEFAULT, DEFAULT, '2020-12-16T23:49:50.000Z', DEFAULT, '2020-08-12T19:51:21.000Z', DEFAULT, '2020-09-05T08:17:31.000Z', DEFAULT), ('1ad2bb15-2d93-5547-a4ac-b63cfdec2cc3', '16fbcb63-e258-5938-abe8-a41efd02fadf', 'user170:myfavoriteperfume', 'BookReviewerManager', 'Gayle_Feil36441@wavy-mattock.org', '$2y$10$G7F6E5D4C3B2A1H9J8K7', '2020-01-17T00:10:18.000Z', '2020-06-26T17:20:34.000Z', '97da72cf-ecce-5b8d-985b-37dcfd6c5a29', '2020-05-21T04:10:10.000Z', '446a94e4-57bc-5840-b847-f1c86168dbd3', '2020-11-23T10:38:07.000Z', '00c96ba3-6ff2-530e-bb18-729bd9c8c62a', 'true', '2020-10-14T22:08:53.000Z', '2020-05-25T16:35:59.000Z', '{"Feranimus":"Poena atem autem"}', '{"Libidonium":"Sunt qui dicita"}', 't', '2020-09-13T08:57:50.000Z', '2020-02-06T02:00:31.000Z', DEFAULT, '2020-03-11T14:14:45.000Z', DEFAULT, DEFAULT, '2020-12-24T11:49:23.000Z', DEFAULT, DEFAULT, '2020-11-23T22:48:36.000Z', DEFAULT, '2020-07-03T18:20:36.000Z', DEFAULT, '2020-12-04T23:32:30.000Z', DEFAULT), ('7ce0a94c-ee17-56b1-b698-be08d519f433', 'ad24aa5e-d940-5a9a-8e60-53fe49cbcd86', 'user181:ilovepilates', 'CommunitySupportSupervisor', 'Raina_Reilly47493@poisetill.org', '$2b$11$E2D1C6B5A4H3G2F1E6D5', '2020-04-20T15:55:24.000Z', '2020-09-01T08:33:17.000Z', '683cf42b-80f1-560a-aa08-03baa56b8a35', '2020-10-10T09:52:23.000Z', 'fa240dec-1ae6-536c-ace1-9c1f0b0e7ad1', '2020-01-01T12:21:41.000Z', '49da13d7-9533-5865-b3cd-0776e1c60634', 'true', '2020-07-07T06:47:56.000Z', '2020-12-08T11:43:38.000Z', '{"Deter":"Magni laetamicur modicita"}', '{"Neces":"Reiciendum maximus ere"}', 't', '2020-05-09T04:20:14.000Z', '2020-04-08T15:27:43.000Z', DEFAULT, '2020-11-19T22:36:52.000Z', DEFAULT, DEFAULT, '2020-01-17T12:33:29.000Z', DEFAULT, DEFAULT, '2020-06-02T17:41:44.000Z', DEFAULT, '2020-12-08T11:37:14.000Z', DEFAULT, '2020-12-04T23:46:57.000Z', DEFAULT);
INSERT INTO public.profiles (id,created_at,name,theme,first_name,last_name,user_id,email,avatar_url) VALUES (115, DEFAULT, 'Lily Brown', DEFAULT, 'Kasen', 'Coleman', '4111a59f-03f1-5b8e-841c-7925241b5790', 'Myra.Sauer41183@scratchyartichoke.net', 'https://s.gravatar.com/avatar/123456?s=80&r=g'), (116, DEFAULT, 'Logan Brooks', DEFAULT, 'Kasyn', 'Harrison', '632bf0f3-3b93-5b66-8432-d42157fecc57', 'Rhiannon_O_Keefe95533@draughtbackdrop.com', 'https://api.adorable.io/avatars/285/user123@example.com'), (117, DEFAULT, 'Gabriel Brooks', DEFAULT, 'Jovianna', 'Gibson', '6157a6c8-0fc7-56b4-9d95-73f0b765b4fb', 'Mellie_Waelchi70776@mortardiction.name', 'https://i.pravatar.cc/150?img=35'), (118, DEFAULT, 'Julian Martin', DEFAULT, 'Juel', 'Simmons', '9e989cb1-9ee6-5073-a20c-7e974ad2428e', 'Carrie_Nikolaus30948@foolishflytrap.net', 'https://randomuser.me/api/portraits/men/75.jpg'), (119, DEFAULT, 'Emily Tran', DEFAULT, 'Kamber', 'Hall', '976dd0dd-3838-57c5-a89b-a7c96f6acd13', 'Scarlett_Effertz49755@somberwebmail.net', 'https://api.adorable.io/avatars/285/user345@example.com'), (120, DEFAULT, 'Gabriel Wilson', DEFAULT, 'Kallie', 'Lane', '4bf31376-047f-5fd4-bb54-61e305d7f2a1', 'Lilian.Hahn28733@big-vascular.name', 'https://s.gravatar.com/avatar/123456?s=80&r=g'), (121, DEFAULT, 'Sofia Brown', DEFAULT, 'Jagger', 'Diaz', '096f32ca-9582-5ba7-9266-392bf73f6098', 'Joanne.Klein14386@puzzled-net.com', 'https://s.gravatar.com/avatar/123456?s=80&r=g'), (122, DEFAULT, 'Julian Tran', DEFAULT, 'Kymberli', 'Harrison', '878aeed2-8154-547a-936e-d0da4735da15', 'Shayne.Hills80702@stitchnightlife.net', 'https://picsum.photos/200/302'), (123, DEFAULT, 'Gabriel Brooks', DEFAULT, 'Korbin', 'Griffin', 'a585b683-806d-5b13-a6b0-6cfd5563f648', 'Jared_Ratke60605@muddyyoke.biz', 'https://s.gravatar.com/avatar/123456?s=80&r=g'), (124, DEFAULT, 'Emily Davis', DEFAULT, 'Journy', 'Lee', '16fbcb63-e258-5938-abe8-a41efd02fadf', 'Demetrius.Pouros35980@demanding-attribute.name', 'https://s.gravatar.com/avatar/123456?s=80&r=g'), (125, DEFAULT, 'Julian Davis', DEFAULT, 'Journie', 'Griffin', 'ad24aa5e-d940-5a9a-8e60-53fe49cbcd86', 'Haylie_Greenholt51956@steel-awareness.info', 'https://avatars.githubusercontent.com/u/654321?v=4');
INSERT INTO public.members (id,created_at,club_id,favorite,reading_tab_index,user_profile_id) VALUES (183, DEFAULT, 17, DEFAULT, DEFAULT, 115), (184, DEFAULT, 17, DEFAULT, DEFAULT, 116), (185, DEFAULT, 16, DEFAULT, DEFAULT, 117), (186, DEFAULT, 17, DEFAULT, DEFAULT, 118), (187, DEFAULT, 17, DEFAULT, DEFAULT, 119), (188, DEFAULT, 17, DEFAULT, DEFAULT, 120), (189, DEFAULT, 17, DEFAULT, DEFAULT, 121), (190, DEFAULT, 17, DEFAULT, DEFAULT, 122), (191, DEFAULT, 16, DEFAULT, DEFAULT, 123), (192, DEFAULT, 17, DEFAULT, DEFAULT, 124), (193, DEFAULT, 17, DEFAULT, DEFAULT, 125);
INSERT INTO public.readings (id,created_at,club_id,book_id,current_page,is_finished,is_current,interval_start_date,interval_days,interval_pages,interval_type,creator_member_id,last_edited_by_member_id) VALUES (34, DEFAULT, 17, 38, 102, DEFAULT, 't', DEFAULT, DEFAULT, DEFAULT, 'SCHEDULED', 183, NULL), (35, DEFAULT, 17, 34, 178, DEFAULT, 't', DEFAULT, DEFAULT, DEFAULT, 'SCHEDULED', 184, NULL), (36, DEFAULT, 16, 39, 137, DEFAULT, 't', DEFAULT, DEFAULT, DEFAULT, 'SCHEDULED', 185, NULL), (37, DEFAULT, 17, 38, 193, DEFAULT, 't', DEFAULT, DEFAULT, DEFAULT, 'BY_MEMBER', 186, NULL), (38, DEFAULT, 17, 32, 163, DEFAULT, 't', DEFAULT, DEFAULT, DEFAULT, 'SCHEDULED', 187, NULL), (39, DEFAULT, 17, 38, 146, DEFAULT, 't', DEFAULT, DEFAULT, DEFAULT, 'BY_MEMBER', 188, NULL), (40, DEFAULT, 16, 36, 164, DEFAULT, 't', DEFAULT, DEFAULT, DEFAULT, 'BY_MEMBER', 189, NULL), (41, DEFAULT, 16, 35, 112, DEFAULT, 't', DEFAULT, DEFAULT, DEFAULT, 'BY_MEMBER', 190, NULL), (42, DEFAULT, 16, 34, 113, DEFAULT, 't', DEFAULT, DEFAULT, DEFAULT, 'BY_MEMBER', 191, NULL), (43, DEFAULT, 16, 33, 169, DEFAULT, 't', DEFAULT, DEFAULT, DEFAULT, 'SCHEDULED', 192, NULL), (44, DEFAULT, 17, 35, 153, DEFAULT, 't', DEFAULT, DEFAULT, DEFAULT, 'BY_MEMBER', 193, NULL);
SELECT setval('"public"."profiles_id_seq"'::regclass, (SELECT MAX("id") FROM "public"."profiles"));
SELECT setval('"public"."members_id_seq"'::regclass, (SELECT MAX("id") FROM "public"."members"));
SELECT setval('"public"."readings_id_seq"'::regclass, (SELECT MAX("id") FROM "public"."readings"));
INSERT INTO public.intervals (id,created_at,updated_at,member_id,reading_id,is_completed,is_current) VALUES (157, DEFAULT, DEFAULT, 168, 39, 't', 't'), (158, DEFAULT, DEFAULT, 173, 40, 'f', 'f'), (159, DEFAULT, DEFAULT, 176, 36, 'f', 't'), (160, DEFAULT, DEFAULT, 155, 39, 'f', 'f'), (161, DEFAULT, DEFAULT, 161, 42, 'f', 't'), (162, DEFAULT, DEFAULT, 165, 44, 'f', 'f'), (163, DEFAULT, DEFAULT, 177, 43, 't', 'f'), (164, DEFAULT, DEFAULT, 164, 43, 't', 'f'), (165, DEFAULT, DEFAULT, 170, 43, 't', 't'), (166, DEFAULT, DEFAULT, 179, 44, 'f', 't'), (167, DEFAULT, DEFAULT, 156, 34, 'f', 't'), (168, DEFAULT, DEFAULT, 172, 36, 'f', 'f'), (169, DEFAULT, DEFAULT, 169, 35, 't', 'f'), (170, DEFAULT, DEFAULT, 169, 37, 'f', 't'), (171, DEFAULT, DEFAULT, 158, 34, 't', 'f'), (172, DEFAULT, DEFAULT, 170, 44, 't', 't'), (173, DEFAULT, DEFAULT, 180, 41, 'f', 'f'), (174, DEFAULT, DEFAULT, 171, 36, 'f', 'f'), (175, DEFAULT, DEFAULT, 173, 41, 'f', 'f'), (176, DEFAULT, DEFAULT, 159, 41, 'f', 't'), (177, DEFAULT, DEFAULT, 156, 40, 'f', 't'), (178, DEFAULT, DEFAULT, 161, 39, 'f', 't'), (179, DEFAULT, DEFAULT, 181, 36, 'f', 't'), (180, DEFAULT, DEFAULT, 176, 38, 'f', 't'), (181, DEFAULT, DEFAULT, 154, 40, 'f', 't'), (182, DEFAULT, DEFAULT, 160, 37, 'f', 'f'), (183, DEFAULT, DEFAULT, 175, 35, 't', 't'), (184, DEFAULT, DEFAULT, 177, 44, 'f', 't'), (185, DEFAULT, DEFAULT, 169, 38, 'f', 'f'), (186, DEFAULT, DEFAULT, 172, 41, 't', 't'), (187, DEFAULT, DEFAULT, 158, 38, 'f', 't'), (188, DEFAULT, DEFAULT, 170, 39, 'f', 't'), (189, DEFAULT, DEFAULT, 165, 34, 't', 't'), (190, DEFAULT, DEFAULT, 177, 38, 't', 't'), (191, DEFAULT, DEFAULT, 181, 41, 'f', 'f'), (192, DEFAULT, DEFAULT, 157, 36, 'f', 't'), (193, DEFAULT, DEFAULT, 160, 40, 't', 'f'), (194, DEFAULT, DEFAULT, 182, 39, 'f', 't'), (195, DEFAULT, DEFAULT, 161, 39, 'f', 't'), (196, DEFAULT, DEFAULT, 158, 37, 'f', 't'), (197, DEFAULT, DEFAULT, 167, 43, 'f', 't'), (198, DEFAULT, DEFAULT, 152, 40, 'f', 'f'), (199, DEFAULT, DEFAULT, 178, 39, 'f', 'f'), (200, DEFAULT, DEFAULT, 178, 35, 'f', 't'), (201, DEFAULT, DEFAULT, 162, 38, 't', 't'), (202, DEFAULT, DEFAULT, 156, 37, 'f', 't'), (203, DEFAULT, DEFAULT, 169, 39, 'f', 'f'), (204, DEFAULT, DEFAULT, 171, 41, 'f', 't'), (205, DEFAULT, DEFAULT, 179, 41, 'f', 't'), (206, DEFAULT, DEFAULT, 176, 38, 'f', 't'), (207, DEFAULT, DEFAULT, 169, 41, 't', 't'), (208, DEFAULT, DEFAULT, 173, 44, 'f', 't');
SELECT setval('"public"."intervals_id_seq"'::regclass, (SELECT MAX("id") FROM "public"."intervals"));
INSERT INTO public.posts (id,created_at,updated_at,reading_id,title,content,likes,is_spoiler,last_edited_by_member_id,author_member_id) VALUES (109, DEFAULT, DEFAULT, 40, 'The Joy of Reading Aloud with Family', 'What''s everyone''s favorite way to organize their bookshelves? I''m in need of some inspiration!', 2, 'f', NULL, 167), (110, DEFAULT, DEFAULT, 41, 'The Joy of Reading with Family', 'I''m looking for a new fantasy series to get into. Anyone have any recommendations? #fantasyseries #bookrecommendations', 7, 't', NULL, 169), (111, DEFAULT, DEFAULT, 39, 'Why I Love Fantasy Adventure Novels', 'I''m looking for a new sci-fi novel to read. Any suggestions? #scifinovel #bookrecommendations', 0, 'f', NULL, 163), (112, DEFAULT, DEFAULT, 35, 'I''m So Grateful for Book Club Friends!', 'I''m doing a giveaway for a booklight and a copy of ''The Silent Patient''! To enter, just comment below with your favorite thriller.', 7, 'f', NULL, 175), (113, DEFAULT, DEFAULT, 39, 'Why I Love Paranormal Romance Novels', 'Who else loves reading books with strong male protagonists? #strongmen #bookrecommendations', 1, 't', NULL, 176), (114, DEFAULT, DEFAULT, 41, 'The Power of Book Clubs in Action!', 'Has anyone else read ''The Poppy War''? What did you think of the world-building?', 0, 'f', NULL, 162), (115, DEFAULT, DEFAULT, 44, 'I''m So Grateful for Book Club Friends!', 'I''m looking for a new romance novel to read. Any suggestions? #romancenovel #bookrecommendations', 3, 'f', NULL, 180), (116, DEFAULT, DEFAULT, 42, 'I''m So Grateful for Book Clubs Forever!', 'Has anyone else read ''The Golem and the Jinni''? What did you think of the magical realism?', 4, 'f', NULL, 175), (117, DEFAULT, DEFAULT, 43, 'My Favorite Bookish Accessories Ever', 'I''m looking for a new historical fiction novel to read. Any suggestions? #historicalfiction #bookrecommendations', 8, 'f', NULL, 178), (118, DEFAULT, DEFAULT, 43, 'The Best Books for Mental Health Awareness', 'Has anyone else read ''The City of Brass''? What did you think of the historical fantasy elements?', 8, 't', NULL, 155), (119, DEFAULT, DEFAULT, 44, 'I Love Reading on Rainy Days', 'Who else loves reading books with complex, morally ambiguous characters? #morallyambiguous #characterstudy', 8, 'f', NULL, 153), (120, DEFAULT, DEFAULT, 44, 'The Best Books for Self-Care Routines', 'I''m looking for a new sci-fi novel to read. Any suggestions? #scifinovel #bookrecommendations', 2, 'f', NULL, 167), (121, DEFAULT, DEFAULT, 43, 'The Best Books for Self-Love Sundays', 'What''s everyone''s favorite way to keep track of their reading challenge? I''m using a spreadsheet and it''s been a game-changer!', 0, 'f', NULL, 161), (122, DEFAULT, DEFAULT, 35, 'My Favorite Book Club Memories This Week', 'Who else loves reading books with diverse characters and perspectives? #diversebooks #representationmatters', 1, 'f', NULL, 182), (123, DEFAULT, DEFAULT, 43, 'My Favorite Book Club Laughter Moments', 'I''m looking for a new romance novel to read. Any suggestions? #romancenovel #bookrecommendations', 0, 'f', NULL, 157), (124, DEFAULT, DEFAULT, 34, 'The Best Books for Mindful Living', 'I just finished reading ''The Power'' and I''m still reeling from the experience. What''s your favorite thriller?', 3, 'f', NULL, 162), (125, DEFAULT, DEFAULT, 38, 'The Best Books for Self-Love Sundays', 'I just started a book journal and I''m loving it! Has anyone else tried journaling about their reads? #bookjournal #readinglog', 5, 'f', NULL, 171), (126, DEFAULT, DEFAULT, 39, 'My Favorite Book Club Laughter Moments', 'I just finished reading ''The Hunger Games'' and I''m still reeling from the experience. What''s your favorite dystopian novel?', 6, 't', NULL, 182), (127, DEFAULT, DEFAULT, 37, 'The Joy of Reading with Family', 'Has anyone else read ''The Song of Achilles''? What did you think of the historical fiction elements?', 5, 'f', NULL, 168), (128, DEFAULT, DEFAULT, 44, 'Why I Love Fantasy Adventure Novels', 'I''m doing a read-along of ''Pride and Prejudice'' and I''d love for you to join me! #prideandprejudice #readalong', 4, 'f', NULL, 170), (129, DEFAULT, DEFAULT, 36, 'My Favorite Book Club Experiences Ever', 'I''m looking for a new historical fiction novel to read. Any suggestions? #historicalfiction #bookrecommendations', 8, 'f', NULL, 173), (130, DEFAULT, DEFAULT, 44, 'The Best Books for Self-Care Routines', 'I just finished reading ''The Hunger Games'' and I''m still reeling from the experience. What''s your favorite dystopian novel?', 9, 't', NULL, 168), (131, DEFAULT, DEFAULT, 40, 'The Best Books for Mental Health Awareness', 'I''m doing a giveaway for a signed copy of ''The Hate U Give''! To enter, just comment below with your favorite YA novel.', 0, 'f', NULL, 177), (132, DEFAULT, DEFAULT, 44, 'My Favorite Book Club Inside Jokes', 'I''m looking for a new mystery novel to read. Any suggestions? #mysterynovel #bookrecommendations', 9, 't', NULL, 166), (133, DEFAULT, DEFAULT, 40, 'I''m So Ready for the Next Book Hangover!', 'Who else loves reading books with complex, morally ambiguous characters? #morallyambiguous #characterstudy', 5, 't', NULL, 163), (134, DEFAULT, DEFAULT, 37, 'My Favorite Book Club Memories This Week', 'I''m doing a read-along of ''The Night Circus'' and I''d love for you to join me! #thenightcircus #readalong', 4, 't', NULL, 163), (135, DEFAULT, DEFAULT, 37, 'Why I Love Mystery Thriller Novels', 'Has anyone else read ''The First Law'' trilogy? What did you think of the fantasy world-building?', 9, 'f', NULL, 175), (136, DEFAULT, DEFAULT, 35, 'The Best Books for Mental Health Awareness', 'I just finished reading ''The Power'' and I''m still reeling from the experience. What''s your favorite thriller?', 7, 'f', NULL, 162), (137, DEFAULT, DEFAULT, 37, 'I''m So Grateful for Book Clubs Forever!', 'I just started a book club with my friends and it''s been so much fun! Who else loves reading books with friends?', 6, 'f', NULL, 162), (138, DEFAULT, DEFAULT, 34, 'The Best Books for Self-Love Sundays', 'I''m doing a read-along of ''Pride and Prejudice'' and I''d love for you to join me! #prideandprejudice #readalong', 2, 'f', NULL, 174), (139, DEFAULT, DEFAULT, 36, 'The Best Books for Self-Love Sundays', 'Has anyone else read ''The Poppy War''? What did you think of the world-building?', 3, 'f', NULL, 171), (140, DEFAULT, DEFAULT, 35, 'My Favorite Book Club Quotes This Year', 'Who else loves reading books with strong female protagonists? #strongwomen #feministbooks', 5, 'f', NULL, 166), (141, DEFAULT, DEFAULT, 40, 'The Joy of Reading with Coffee Mornings', 'Who else loves reading books with strong female friendships? #femalefriendships #bookrecommendations', 1, 't', NULL, 180), (142, DEFAULT, DEFAULT, 40, 'My Favorite Bookish Decor Ever', 'I''m looking for a new literary fiction novel to read. Any suggestions? #literaryfiction #bookrecommendations', 8, 'f', NULL, 160), (143, DEFAULT, DEFAULT, 44, 'The Joy of Reading with Coffee Mornings', 'I''m looking for a new literary fiction novel to read. Any suggestions? #literaryfiction #bookrecommendations', 2, 'f', NULL, 163), (144, DEFAULT, DEFAULT, 36, 'The Best Books for Mental Health Awareness', 'I''m doing a giveaway for a signed copy of ''The Hate U Give''! To enter, just comment below with your favorite YA novel.', 5, 'f', NULL, 168);
UPDATE public.posts SET last_edited_by_member_id = 169 WHERE id = 109;
UPDATE public.posts SET last_edited_by_member_id = 170 WHERE id = 110;
UPDATE public.posts SET last_edited_by_member_id = 155 WHERE id = 111;
UPDATE public.posts SET last_edited_by_member_id = 160 WHERE id = 112;
UPDATE public.posts SET last_edited_by_member_id = 167 WHERE id = 113;
UPDATE public.posts SET last_edited_by_member_id = 182 WHERE id = 114;
UPDATE public.posts SET last_edited_by_member_id = 159 WHERE id = 115;
UPDATE public.posts SET last_edited_by_member_id = 171 WHERE id = 116;
UPDATE public.posts SET last_edited_by_member_id = 171 WHERE id = 117;
UPDATE public.posts SET last_edited_by_member_id = 180 WHERE id = 118;
UPDATE public.posts SET last_edited_by_member_id = 171 WHERE id = 119;
UPDATE public.posts SET last_edited_by_member_id = 178 WHERE id = 120;
UPDATE public.posts SET last_edited_by_member_id = 164 WHERE id = 121;
UPDATE public.posts SET last_edited_by_member_id = 164 WHERE id = 122;
UPDATE public.posts SET last_edited_by_member_id = 170 WHERE id = 123;
UPDATE public.posts SET last_edited_by_member_id = 170 WHERE id = 124;
UPDATE public.posts SET last_edited_by_member_id = 166 WHERE id = 125;
UPDATE public.posts SET last_edited_by_member_id = 161 WHERE id = 126;
UPDATE public.posts SET last_edited_by_member_id = 177 WHERE id = 127;
UPDATE public.posts SET last_edited_by_member_id = 157 WHERE id = 128;
UPDATE public.posts SET last_edited_by_member_id = 161 WHERE id = 129;
UPDATE public.posts SET last_edited_by_member_id = 172 WHERE id = 130;
UPDATE public.posts SET last_edited_by_member_id = 156 WHERE id = 131;
UPDATE public.posts SET last_edited_by_member_id = 157 WHERE id = 132;
UPDATE public.posts SET last_edited_by_member_id = 154 WHERE id = 133;
UPDATE public.posts SET last_edited_by_member_id = 174 WHERE id = 134;
UPDATE public.posts SET last_edited_by_member_id = 167 WHERE id = 135;
UPDATE public.posts SET last_edited_by_member_id = 181 WHERE id = 136;
UPDATE public.posts SET last_edited_by_member_id = 166 WHERE id = 137;
UPDATE public.posts SET last_edited_by_member_id = 152 WHERE id = 138;
UPDATE public.posts SET last_edited_by_member_id = 160 WHERE id = 139;
UPDATE public.posts SET last_edited_by_member_id = 152 WHERE id = 140;
UPDATE public.posts SET last_edited_by_member_id = 171 WHERE id = 141;
UPDATE public.posts SET last_edited_by_member_id = 162 WHERE id = 142;
UPDATE public.posts SET last_edited_by_member_id = 173 WHERE id = 143;
UPDATE public.posts SET last_edited_by_member_id = 178 WHERE id = 144;
SELECT setval('"public"."posts_id_seq"'::regclass, (SELECT MAX("id") FROM "public"."posts"));
INSERT INTO public.comments (id,parent_post_id,content,created_at,updated_at,parent_comment_id,author_member_id,likes) VALUES (631, NULL, 'Who else is planning on reading the next book in the series? ', DEFAULT, DEFAULT, NULL, 182, 7), (632, NULL, 'I''m so excited to discuss the themes of love in this book! ', DEFAULT, DEFAULT, NULL, 155, 9), (633, NULL, 'Does anyone have any favorite fan fiction recommendations for this series? ', DEFAULT, DEFAULT, NULL, 172, 0), (634, NULL, 'I didn''t like the main character''s motivations, but the plot was engaging... ', DEFAULT, DEFAULT, NULL, 173, 5), (635, NULL, 'Does anyone know if the author is planning on writing a spin-off series? ', DEFAULT, DEFAULT, NULL, 165, 6), (636, NULL, 'I''m still trying to figure out the symbolism behind the book''s cover art... ', DEFAULT, DEFAULT, NULL, 153, 6), (637, NULL, 'I loved the way the characters developed throughout the book! ', DEFAULT, DEFAULT, NULL, 175, 2), (638, NULL, 'I''m still trying to wrap my head around the plot twist... anyone else feeling confused? ', DEFAULT, DEFAULT, NULL, 152, 3), (639, NULL, 'Check out this amazing book-inspired art I found: https://www.deviantart.com/... ', DEFAULT, DEFAULT, NULL, 179, 3), (640, NULL, 'Who else is planning on attending the author''s book tour? ', DEFAULT, DEFAULT, NULL, 168, 9), (641, NULL, 'I loved the way the author explored the theme of power in this book! ', DEFAULT, DEFAULT, NULL, 164, 0), (642, NULL, 'Does anyone have any favorite fan fiction recommendations for this series? ', DEFAULT, DEFAULT, NULL, 161, 1), (643, NULL, 'Does anyone know if the author is planning on writing a companion novel? ', DEFAULT, DEFAULT, NULL, 160, 2), (644, NULL, 'I just wanted to share my thoughts on the themes presented in chapter 5... ', DEFAULT, DEFAULT, NULL, 164, 6), (645, NULL, 'Check out this amazing book-inspired art I found: https://www.deviantart.com/... ', DEFAULT, DEFAULT, NULL, 177, 1), (646, NULL, 'Who else is planning on attending the author''s book tour? ', DEFAULT, DEFAULT, NULL, 179, 2), (647, NULL, 'I''m still trying to wrap my head around the world-building in this book... ', DEFAULT, DEFAULT, NULL, 159, 3), (648, NULL, 'I loved the way the author explored the theme of power in this book! ', DEFAULT, DEFAULT, NULL, 158, 7), (649, NULL, 'I just wanted to share a related article I found: https://www.example.com', DEFAULT, DEFAULT, NULL, 155, 8), (650, NULL, 'I''m still trying to figure out the symbolism behind the book''s cover art... ', DEFAULT, DEFAULT, NULL, 181, 1), (651, NULL, 'I''m so excited to discuss the themes of morality in this book! ', DEFAULT, DEFAULT, NULL, 160, 3), (652, NULL, 'Who else is planning on reading the next book in the series? ', DEFAULT, DEFAULT, NULL, 177, 4), (653, NULL, 'Who else is planning on attending the book festival next month? ', DEFAULT, DEFAULT, NULL, 157, 0), (654, NULL, 'I didn''t like the pacing of the book, but the characters were great... ', DEFAULT, DEFAULT, NULL, 175, 2), (655, NULL, 'I''m still trying to process the themes of trauma in this book... ', DEFAULT, DEFAULT, NULL, 179, 1), (656, NULL, 'Does anyone have any favorite quotes from the book? ', DEFAULT, DEFAULT, NULL, 166, 6), (657, NULL, 'Who else is planning on attending the book signing event? ', DEFAULT, DEFAULT, NULL, 161, 0), (658, NULL, 'I''m so frustrated with the love triangle in this book... ', DEFAULT, DEFAULT, NULL, 180, 8), (659, NULL, 'Does anyone have any theories about the author''s inspiration for this series? ', DEFAULT, DEFAULT, NULL, 171, 6), (660, NULL, 'Who else is planning on attending the book festival next month? ', DEFAULT, DEFAULT, NULL, 161, 0), (661, NULL, 'I loved the way the author explored the theme of power in this book! ', DEFAULT, DEFAULT, NULL, 162, 2), (662, NULL, 'I just wanted to share my thoughts on the themes presented in chapter 5... ', DEFAULT, DEFAULT, NULL, 165, 3), (663, NULL, 'I''m so excited to discuss the themes of identity in this book! ', DEFAULT, DEFAULT, NULL, 162, 6), (664, NULL, 'Does anyone have any favorite book clubs they''d recommend? ', DEFAULT, DEFAULT, NULL, 167, 5), (665, NULL, 'I didn''t like the pacing of the book, but the characters were great... ', DEFAULT, DEFAULT, NULL, 176, 8), (666, NULL, 'Does anyone know if the author is planning on writing a companion novel? ', DEFAULT, DEFAULT, NULL, 164, 9), (667, NULL, 'I just wanted to share my thoughts on the themes presented in chapter 5... ', DEFAULT, DEFAULT, NULL, 159, 7), (668, NULL, 'I didn''t like the main character''s motivations, but the plot was engaging... ', DEFAULT, DEFAULT, NULL, 157, 5), (669, NULL, 'I didn''t like the pacing of the book, but the characters were great... ', DEFAULT, DEFAULT, NULL, 171, 9), (670, NULL, 'I loved the way the author wrote the characters'' backstories! ', DEFAULT, DEFAULT, NULL, 182, 7), (671, NULL, 'Does anyone have any favorite book clubs they''d recommend? ', DEFAULT, DEFAULT, NULL, 154, 9), (672, NULL, 'Who else is planning on attending the book signing event? ', DEFAULT, DEFAULT, NULL, 156, 4), (673, NULL, 'I''m so excited to discuss the themes of identity in this book! ', DEFAULT, DEFAULT, NULL, 157, 8), (674, NULL, 'I didn''t like the pacing of the book, but the characters were great... ', DEFAULT, DEFAULT, NULL, 152, 7), (675, NULL, 'Who else is planning on attending the author''s book tour? ', DEFAULT, DEFAULT, NULL, 172, 9), (676, NULL, 'I''m still reeling from the plot twist in chapter 7... anyone else feeling shocked? ', DEFAULT, DEFAULT, NULL, 169, 5), (677, NULL, 'I loved the way the author wrote the dialogue in this book! ', DEFAULT, DEFAULT, NULL, 180, 8), (678, NULL, 'I''m still trying to figure out the symbolism behind the book''s cover art... ', DEFAULT, DEFAULT, NULL, 153, 0), (679, NULL, 'I just wanted to say thanks for the great discussion, everyone! ', DEFAULT, DEFAULT, NULL, 158, 2), (680, NULL, 'I didn''t like the ending, but the rest of the book was great... ', DEFAULT, DEFAULT, NULL, 156, 8), (681, NULL, 'Does anyone have any favorite book-inspired music playlists? ', DEFAULT, DEFAULT, NULL, 180, 8), (682, NULL, 'Who else is planning on attending the book festival next month? ', DEFAULT, DEFAULT, NULL, 181, 1), (683, NULL, 'I just wanted to share a related podcast episode I found: https://www.podcast.com/... ', DEFAULT, DEFAULT, NULL, 172, 6), (684, NULL, 'I loved the way the author wrote the characters'' backstories! ', DEFAULT, DEFAULT, NULL, 166, 4), (685, NULL, 'I loved the way the author explored the theme of family in this book! ', DEFAULT, DEFAULT, NULL, 152, 2), (686, NULL, 'Does anyone have any theories about the author''s inspiration for this series? ', DEFAULT, DEFAULT, NULL, 157, 9), (687, NULL, 'I just wanted to share my thoughts on the themes presented in chapter 5... ', DEFAULT, DEFAULT, NULL, 176, 6), (688, NULL, 'I''m still trying to wrap my head around the plot twist... anyone else feeling confused? ', DEFAULT, DEFAULT, NULL, 178, 0), (689, NULL, 'I didn''t like the ending, but the rest of the book was great... ', DEFAULT, DEFAULT, NULL, 177, 0), (690, NULL, 'I loved the way the author wrote the characters'' backstories! ', DEFAULT, DEFAULT, NULL, 166, 4), (691, NULL, 'Who else is planning on attending the author''s book tour? ', DEFAULT, DEFAULT, NULL, 172, 9), (692, NULL, 'Does anyone know if the author is planning on writing a companion novel? ', DEFAULT, DEFAULT, NULL, 154, 8), (693, NULL, 'Does anyone have any favorite book-inspired music playlists? ', DEFAULT, DEFAULT, NULL, 178, 2), (694, NULL, 'I loved the way the characters developed throughout the book! ', DEFAULT, DEFAULT, NULL, 156, 6), (695, NULL, 'I''m still trying to figure out the symbolism behind the book''s title ', DEFAULT, DEFAULT, NULL, 162, 9), (696, NULL, 'I loved the way the author wrote the dialogue in this book! ', DEFAULT, DEFAULT, NULL, 174, 5), (697, NULL, 'Who else is planning on reading the graphic novel adaptation of this series? ', DEFAULT, DEFAULT, NULL, 169, 4), (698, NULL, 'I loved the way the author explored the theme of power in this book! ', DEFAULT, DEFAULT, NULL, 152, 3), (699, NULL, 'Who else is planning on attending the book festival next month? ', DEFAULT, DEFAULT, NULL, 165, 8), (700, NULL, 'Who else is planning on attending the author''s book tour? ', DEFAULT, DEFAULT, NULL, 166, 0), (701, NULL, 'Does anyone know if the author is planning on writing a companion novel? ', DEFAULT, DEFAULT, NULL, 162, 2), (702, NULL, 'I''m still trying to process the themes of trauma in this book... ', DEFAULT, DEFAULT, NULL, 161, 3), (703, NULL, 'Who else is planning on attending the book-to-screen adaptation panel? ', DEFAULT, DEFAULT, NULL, 154, 4), (704, NULL, 'I didn''t like the pacing of the book, but the characters were great... ', DEFAULT, DEFAULT, NULL, 158, 2), (705, NULL, 'I loved the way the author explored the theme of family in this book! ', DEFAULT, DEFAULT, NULL, 169, 0), (706, NULL, 'I didn''t like the ending, but the rest of the book was great... ', DEFAULT, DEFAULT, NULL, 171, 7), (707, NULL, 'Who else is planning on reading the novella companion to this series? ', DEFAULT, DEFAULT, NULL, 173, 7), (708, NULL, 'I loved the way the author wrote the characters'' backstories! ', DEFAULT, DEFAULT, NULL, 176, 6), (709, NULL, 'I''m still trying to process the themes of friendship in this book... ', DEFAULT, DEFAULT, NULL, 157, 0), (710, NULL, 'Who else is excited for the book''s sequel? ', DEFAULT, DEFAULT, NULL, 162, 0), (711, NULL, 'Who else is planning on reading the novella companion to this series? ', DEFAULT, DEFAULT, NULL, 168, 6), (712, NULL, 'Does anyone have any favorite book-inspired music playlists? ', DEFAULT, DEFAULT, NULL, 153, 2), (713, NULL, 'I loved the way the author explored the theme of family in this book! ', DEFAULT, DEFAULT, NULL, 156, 6), (714, NULL, 'I''m still trying to process the themes of friendship in this book... ', DEFAULT, DEFAULT, NULL, 157, 2), (715, NULL, 'Does anyone have any theories about the author''s inspiration for this series? ', DEFAULT, DEFAULT, NULL, 173, 2), (716, NULL, 'Who else is planning on reading the graphic novel adaptation of this series? ', DEFAULT, DEFAULT, NULL, 175, 2), (717, NULL, 'I didn''t like the pacing of the book, but the characters were great... ', DEFAULT, DEFAULT, NULL, 162, 0), (718, NULL, 'I just wanted to say thanks to everyone for the great recommendations! ', DEFAULT, DEFAULT, NULL, 170, 3), (719, NULL, 'Does anyone have any favorite book clubs they''d recommend? ', DEFAULT, DEFAULT, NULL, 154, 1), (720, NULL, 'I''m still reeling from the plot twist in chapter 7... anyone else feeling shocked? ', DEFAULT, DEFAULT, NULL, 163, 4), (721, NULL, 'I loved the diversity in this book! ', DEFAULT, DEFAULT, NULL, 156, 2), (722, NULL, 'I''m still trying to wrap my head around the world-building in this book... ', DEFAULT, DEFAULT, NULL, 172, 1), (723, NULL, 'I loved the way the author wrote the dialogue in this book! ', DEFAULT, DEFAULT, NULL, 172, 4), (724, NULL, 'Who else is planning on reading the next book in the series? ', DEFAULT, DEFAULT, NULL, 158, 3), (725, NULL, 'Does anyone have any favorite quotes from the book? ', DEFAULT, DEFAULT, NULL, 180, 1), (726, NULL, 'I didn''t like the ending, but the rest of the book was great... ', DEFAULT, DEFAULT, NULL, 159, 2), (727, NULL, 'I loved the way the characters developed throughout the book! ', DEFAULT, DEFAULT, NULL, 156, 9), (728, NULL, 'I''m so excited to discuss the themes of love in this book! ', DEFAULT, DEFAULT, NULL, 179, 3), (729, NULL, 'I''m so excited to discuss the themes of morality in this book! ', DEFAULT, DEFAULT, NULL, 170, 4), (730, NULL, 'I just wanted to share a related article I found: https://www.example.com', DEFAULT, DEFAULT, NULL, 163, 6), (731, NULL, 'Check out this amazing book-inspired art I found: https://www.deviantart.com/... ', DEFAULT, DEFAULT, NULL, 158, 1), (732, NULL, 'Who else is planning on attending the book-to-screen adaptation panel? ', DEFAULT, DEFAULT, NULL, 158, 0), (733, NULL, 'I just wanted to say thanks to everyone for the great recommendations! ', DEFAULT, DEFAULT, NULL, 164, 6), (734, NULL, 'Does anyone have any favorite book-inspired music playlists? ', DEFAULT, DEFAULT, NULL, 182, 5), (735, NULL, 'Does anyone know if the author is planning on writing a spin-off series? ', DEFAULT, DEFAULT, NULL, 169, 3), (736, NULL, 'I''m so frustrated with the love triangle in this book... ', DEFAULT, DEFAULT, NULL, 182, 9), (737, NULL, 'I didn''t like the ending, but the rest of the book was great... ', DEFAULT, DEFAULT, NULL, 176, 3), (738, NULL, 'I just wanted to share my thoughts on the themes presented in chapter 5... ', DEFAULT, DEFAULT, NULL, 169, 8), (739, NULL, 'I loved the way the author wrote the dialogue in this book! ', DEFAULT, DEFAULT, NULL, 181, 2), (740, NULL, 'I just wanted to share my thoughts on the themes presented in chapter 10... ', DEFAULT, DEFAULT, NULL, 152, 5), (741, NULL, 'I''m still trying to wrap my head around the world-building in this book... ', DEFAULT, DEFAULT, NULL, 155, 7), (742, NULL, 'Who else is planning on reading the graphic novel adaptation of this series? ', DEFAULT, DEFAULT, NULL, 167, 9), (743, NULL, 'I just wanted to say thanks for the great discussion, everyone! ', DEFAULT, DEFAULT, NULL, 163, 5), (744, NULL, 'I loved the way the author wrote the characters'' backstories! ', DEFAULT, DEFAULT, NULL, 177, 8), (745, NULL, 'Check out this amazing book-inspired art I found: https://www.deviantart.com/... ', DEFAULT, DEFAULT, NULL, 174, 5), (746, NULL, 'Does anyone know when the paperback edition is coming out? ', DEFAULT, DEFAULT, NULL, 179, 6), (747, NULL, 'Does anyone have any favorite book-inspired music playlists? ', DEFAULT, DEFAULT, NULL, 180, 5), (748, NULL, 'Who else is planning on attending the author''s book tour? ', DEFAULT, DEFAULT, NULL, 168, 7), (749, NULL, 'I didn''t like the main character''s motivations, but the plot was engaging... ', DEFAULT, DEFAULT, NULL, 152, 0), (750, NULL, 'I loved the way the characters developed throughout the book! ', DEFAULT, DEFAULT, NULL, 181, 5), (751, NULL, 'I''m still trying to wrap my head around the world-building in this book... ', DEFAULT, DEFAULT, NULL, 170, 3), (752, NULL, 'Who else is excited for the book''s sequel? ', DEFAULT, DEFAULT, NULL, 174, 2), (753, NULL, 'Does anyone have any favorite fan fiction recommendations for this series? ', DEFAULT, DEFAULT, NULL, 171, 6), (754, NULL, 'I just wanted to say thanks to everyone for the great recommendations! ', DEFAULT, DEFAULT, NULL, 178, 1), (755, NULL, 'Who else is planning on reading the graphic novel adaptation of this series? ', DEFAULT, DEFAULT, NULL, 160, 0), (756, NULL, 'I''m so excited to discuss the themes of love in this book! ', DEFAULT, DEFAULT, NULL, 152, 2), (757, NULL, 'I''m still trying to figure out the symbolism behind the book''s title ', DEFAULT, DEFAULT, NULL, 154, 8), (758, NULL, 'Who else is planning on reading the graphic novel adaptation of this series? ', DEFAULT, DEFAULT, NULL, 156, 4), (759, NULL, 'Does anyone know if the author is planning on writing a spin-off series? ', DEFAULT, DEFAULT, NULL, 153, 7), (760, NULL, 'I just wanted to say thanks for the great discussion, everyone! ', DEFAULT, DEFAULT, NULL, 173, 0), (761, NULL, 'I just wanted to say thanks for the great discussion, everyone! ', DEFAULT, DEFAULT, NULL, 169, 7), (762, NULL, 'Who else is planning on attending the book signing event? ', DEFAULT, DEFAULT, NULL, 182, 3), (763, NULL, 'I''m so excited to discuss the themes of morality in this book! ', DEFAULT, DEFAULT, NULL, 158, 4), (764, NULL, 'Who else is planning on reading the novella companion to this series? ', DEFAULT, DEFAULT, NULL, 159, 7), (765, NULL, 'I loved the way the author explored the theme of family in this book! ', DEFAULT, DEFAULT, NULL, 178, 3), (766, NULL, 'Who else is planning on attending the book festival next month? ', DEFAULT, DEFAULT, NULL, 181, 7), (767, NULL, 'Does anyone have any favorite fan fiction recommendations for this series? ', DEFAULT, DEFAULT, NULL, 175, 6), (768, NULL, 'Who else is planning on attending the book-to-screen adaptation panel? ', DEFAULT, DEFAULT, NULL, 182, 8), (769, NULL, 'I''m still trying to wrap my head around the plot twist... anyone else feeling confused? ', DEFAULT, DEFAULT, NULL, 160, 6), (770, NULL, 'Does anyone know if the author is planning on writing a spin-off series? ', DEFAULT, DEFAULT, NULL, 167, 2), (771, NULL, 'Who else is planning on reading the next book in the series? ', DEFAULT, DEFAULT, NULL, 155, 7), (772, NULL, 'I didn''t like the pacing of the book, but the characters were great... ', DEFAULT, DEFAULT, NULL, 155, 8), (773, NULL, 'I just wanted to share my thoughts on the themes presented in chapter 5... ', DEFAULT, DEFAULT, NULL, 176, 1), (774, NULL, 'I didn''t like the main character''s motivations, but the plot was engaging... ', DEFAULT, DEFAULT, NULL, 156, 9);
UPDATE public.comments SET parent_post_id = 143 WHERE id = 631;
UPDATE public.comments SET parent_post_id = 125 WHERE id = 632;
UPDATE public.comments SET parent_post_id = 117 WHERE id = 633;
UPDATE public.comments SET parent_post_id = 135 WHERE id = 634;
UPDATE public.comments SET parent_post_id = 118 WHERE id = 635;
UPDATE public.comments SET parent_post_id = 120 WHERE id = 636;
UPDATE public.comments SET parent_post_id = 144 WHERE id = 637;
UPDATE public.comments SET parent_post_id = 132 WHERE id = 638;
UPDATE public.comments SET parent_post_id = 117 WHERE id = 639;
UPDATE public.comments SET parent_post_id = 122 WHERE id = 640;
UPDATE public.comments SET parent_post_id = 114 WHERE id = 641;
UPDATE public.comments SET parent_post_id = 131 WHERE id = 642;
UPDATE public.comments SET parent_post_id = 123 WHERE id = 643;
UPDATE public.comments SET parent_post_id = 123 WHERE id = 644;
UPDATE public.comments SET parent_post_id = 143 WHERE id = 645;
UPDATE public.comments SET parent_post_id = 141 WHERE id = 646;
UPDATE public.comments SET parent_post_id = 129 WHERE id = 647;
UPDATE public.comments SET parent_post_id = 111 WHERE id = 648;
UPDATE public.comments SET parent_post_id = 135 WHERE id = 649;
UPDATE public.comments SET parent_post_id = 138 WHERE id = 650;
UPDATE public.comments SET parent_post_id = 136 WHERE id = 651;
UPDATE public.comments SET parent_post_id = 122 WHERE id = 652;
UPDATE public.comments SET parent_post_id = 115 WHERE id = 653;
UPDATE public.comments SET parent_post_id = 113 WHERE id = 654;
UPDATE public.comments SET parent_post_id = 122 WHERE id = 655;
UPDATE public.comments SET parent_post_id = 128 WHERE id = 656;
UPDATE public.comments SET parent_post_id = 136 WHERE id = 657;
UPDATE public.comments SET parent_post_id = 138 WHERE id = 658;
UPDATE public.comments SET parent_post_id = 116 WHERE id = 659;
UPDATE public.comments SET parent_post_id = 133 WHERE id = 660;
UPDATE public.comments SET parent_post_id = 117 WHERE id = 661;
UPDATE public.comments SET parent_post_id = 144 WHERE id = 662;
UPDATE public.comments SET parent_post_id = 114 WHERE id = 663;
UPDATE public.comments SET parent_post_id = 138 WHERE id = 664;
UPDATE public.comments SET parent_post_id = 131 WHERE id = 665;
UPDATE public.comments SET parent_post_id = 134 WHERE id = 666;
UPDATE public.comments SET parent_post_id = 109 WHERE id = 667;
UPDATE public.comments SET parent_post_id = 113 WHERE id = 668;
UPDATE public.comments SET parent_post_id = 126 WHERE id = 669;
UPDATE public.comments SET parent_post_id = 116 WHERE id = 670;
UPDATE public.comments SET parent_post_id = 114 WHERE id = 671;
UPDATE public.comments SET parent_post_id = 113 WHERE id = 672;
UPDATE public.comments SET parent_post_id = 134 WHERE id = 673;
UPDATE public.comments SET parent_post_id = 115 WHERE id = 674;
UPDATE public.comments SET parent_post_id = 113 WHERE id = 675;
UPDATE public.comments SET parent_post_id = 120 WHERE id = 676;
UPDATE public.comments SET parent_post_id = 127 WHERE id = 677;
UPDATE public.comments SET parent_post_id = 118 WHERE id = 678;
UPDATE public.comments SET parent_post_id = 110 WHERE id = 679;
UPDATE public.comments SET parent_post_id = 125 WHERE id = 680;
UPDATE public.comments SET parent_post_id = 125 WHERE id = 681;
UPDATE public.comments SET parent_post_id = 134 WHERE id = 682;
UPDATE public.comments SET parent_post_id = 122 WHERE id = 683;
UPDATE public.comments SET parent_post_id = 110 WHERE id = 684;
UPDATE public.comments SET parent_post_id = 135 WHERE id = 685;
UPDATE public.comments SET parent_post_id = 127 WHERE id = 686;
UPDATE public.comments SET parent_post_id = 124 WHERE id = 687;
UPDATE public.comments SET parent_post_id = 128 WHERE id = 688;
UPDATE public.comments SET parent_post_id = 109 WHERE id = 689;
UPDATE public.comments SET parent_post_id = 125 WHERE id = 690;
UPDATE public.comments SET parent_post_id = 128 WHERE id = 691;
UPDATE public.comments SET parent_post_id = 127 WHERE id = 692;
UPDATE public.comments SET parent_post_id = 136 WHERE id = 693;
UPDATE public.comments SET parent_post_id = 110 WHERE id = 694;
UPDATE public.comments SET parent_post_id = 144 WHERE id = 695;
UPDATE public.comments SET parent_post_id = 117 WHERE id = 696;
UPDATE public.comments SET parent_post_id = 131 WHERE id = 697;
UPDATE public.comments SET parent_post_id = 116 WHERE id = 698;
UPDATE public.comments SET parent_post_id = 124 WHERE id = 699;
UPDATE public.comments SET parent_post_id = 123 WHERE id = 700;
UPDATE public.comments SET parent_post_id = 143 WHERE id = 701;
UPDATE public.comments SET parent_post_id = 118 WHERE id = 702;
UPDATE public.comments SET parent_post_id = 121 WHERE id = 703;
UPDATE public.comments SET parent_post_id = 132 WHERE id = 704;
UPDATE public.comments SET parent_post_id = 125 WHERE id = 705;
UPDATE public.comments SET parent_post_id = 123 WHERE id = 706;
UPDATE public.comments SET parent_post_id = 127 WHERE id = 707;
UPDATE public.comments SET parent_post_id = 133 WHERE id = 708;
UPDATE public.comments SET parent_post_id = 121 WHERE id = 709;
UPDATE public.comments SET parent_post_id = 125 WHERE id = 710;
UPDATE public.comments SET parent_post_id = 138 WHERE id = 711;
UPDATE public.comments SET parent_post_id = 125 WHERE id = 712;
UPDATE public.comments SET parent_post_id = 123 WHERE id = 713;
UPDATE public.comments SET parent_post_id = 110 WHERE id = 714;
UPDATE public.comments SET parent_post_id = 130 WHERE id = 715;
UPDATE public.comments SET parent_post_id = 118 WHERE id = 716;
UPDATE public.comments SET parent_post_id = 125 WHERE id = 717;
UPDATE public.comments SET parent_post_id = 119 WHERE id = 718;
UPDATE public.comments SET parent_post_id = 109 WHERE id = 719;
UPDATE public.comments SET parent_post_id = 115 WHERE id = 720;
UPDATE public.comments SET parent_post_id = 131 WHERE id = 721;
UPDATE public.comments SET parent_post_id = 141 WHERE id = 722;
UPDATE public.comments SET parent_post_id = 135 WHERE id = 723;
UPDATE public.comments SET parent_post_id = 131 WHERE id = 724;
UPDATE public.comments SET parent_post_id = 121 WHERE id = 725;
UPDATE public.comments SET parent_post_id = 136 WHERE id = 726;
UPDATE public.comments SET parent_post_id = 113 WHERE id = 727;
UPDATE public.comments SET parent_post_id = 135 WHERE id = 728;
UPDATE public.comments SET parent_post_id = 124 WHERE id = 729;
UPDATE public.comments SET parent_post_id = 121 WHERE id = 730;
UPDATE public.comments SET parent_post_id = 140 WHERE id = 731;
UPDATE public.comments SET parent_post_id = 133 WHERE id = 732;
UPDATE public.comments SET parent_post_id = 109 WHERE id = 733;
UPDATE public.comments SET parent_post_id = 121 WHERE id = 734;
UPDATE public.comments SET parent_post_id = 113 WHERE id = 735;
UPDATE public.comments SET parent_post_id = 124 WHERE id = 736;
UPDATE public.comments SET parent_post_id = 133 WHERE id = 737;
UPDATE public.comments SET parent_post_id = 129 WHERE id = 738;
UPDATE public.comments SET parent_post_id = 112 WHERE id = 739;
UPDATE public.comments SET parent_post_id = 111 WHERE id = 740;
UPDATE public.comments SET parent_post_id = 111 WHERE id = 741;
UPDATE public.comments SET parent_post_id = 121 WHERE id = 742;
UPDATE public.comments SET parent_post_id = 122 WHERE id = 743;
UPDATE public.comments SET parent_post_id = 132 WHERE id = 744;
UPDATE public.comments SET parent_post_id = 119 WHERE id = 745;
UPDATE public.comments SET parent_post_id = 143 WHERE id = 746;
UPDATE public.comments SET parent_post_id = 110 WHERE id = 747;
UPDATE public.comments SET parent_post_id = 136 WHERE id = 748;
UPDATE public.comments SET parent_post_id = 144 WHERE id = 749;
UPDATE public.comments SET parent_post_id = 119 WHERE id = 750;
UPDATE public.comments SET parent_post_id = 109 WHERE id = 751;
UPDATE public.comments SET parent_post_id = 139 WHERE id = 752;
UPDATE public.comments SET parent_post_id = 116 WHERE id = 753;
UPDATE public.comments SET parent_post_id = 139 WHERE id = 754;
UPDATE public.comments SET parent_post_id = 122 WHERE id = 755;
UPDATE public.comments SET parent_post_id = 132 WHERE id = 756;
UPDATE public.comments SET parent_post_id = 110 WHERE id = 757;
UPDATE public.comments SET parent_post_id = 113 WHERE id = 758;
UPDATE public.comments SET parent_post_id = 133 WHERE id = 759;
UPDATE public.comments SET parent_post_id = 130 WHERE id = 760;
UPDATE public.comments SET parent_post_id = 118 WHERE id = 761;
UPDATE public.comments SET parent_post_id = 117 WHERE id = 762;
UPDATE public.comments SET parent_post_id = 140 WHERE id = 763;
UPDATE public.comments SET parent_post_id = 135 WHERE id = 764;
UPDATE public.comments SET parent_post_id = 133 WHERE id = 765;
UPDATE public.comments SET parent_post_id = 138 WHERE id = 766;
UPDATE public.comments SET parent_post_id = 114 WHERE id = 767;
UPDATE public.comments SET parent_post_id = 144 WHERE id = 768;
UPDATE public.comments SET parent_post_id = 143 WHERE id = 769;
UPDATE public.comments SET parent_post_id = 116 WHERE id = 770;
UPDATE public.comments SET parent_post_id = 139 WHERE id = 771;
UPDATE public.comments SET parent_post_id = 138 WHERE id = 772;
UPDATE public.comments SET parent_post_id = 132 WHERE id = 773;
UPDATE public.comments SET parent_post_id = 131 WHERE id = 774;
SELECT setval('"public"."comments_id_seq"'::regclass, (SELECT MAX("id") FROM "public"."comments"));
INSERT INTO public.comments (id,parent_post_id,content,created_at,updated_at,parent_comment_id,author_member_id,likes) VALUES (775, NULL, 'I''m still reeling from the plot twist in chapter 7... anyone else feeling shocked? ', DEFAULT, DEFAULT, NULL, 160, 9), (776, NULL, 'I''m still trying to wrap my head around the world-building in this book... ', DEFAULT, DEFAULT, NULL, 179, 0), (777, NULL, 'I didn''t like the pacing of the book, but the characters were great... ', DEFAULT, DEFAULT, NULL, 162, 4), (778, NULL, 'I didn''t like the pacing of the book, but the characters were great... ', DEFAULT, DEFAULT, NULL, 164, 8), (779, NULL, 'Does anyone have any favorite book-inspired music playlists? ', DEFAULT, DEFAULT, NULL, 155, 0), (780, NULL, 'Who else is planning on attending the book signing event? ', DEFAULT, DEFAULT, NULL, 178, 8), (781, NULL, 'I''m still reeling from the plot twist in chapter 7... anyone else feeling shocked? ', DEFAULT, DEFAULT, NULL, 169, 1), (782, NULL, 'Who else is planning on reading the next book in the series? ', DEFAULT, DEFAULT, NULL, 175, 9), (783, NULL, 'I''m still trying to process the themes of trauma in this book... ', DEFAULT, DEFAULT, NULL, 155, 5), (784, NULL, 'Who else is planning on reading the novella companion to this series? ', DEFAULT, DEFAULT, NULL, 155, 1), (785, NULL, 'I didn''t like the pacing of the book, but the characters were great... ', DEFAULT, DEFAULT, NULL, 173, 1), (786, NULL, 'I just wanted to share a related podcast episode I found: https://www.podcast.com/... ', DEFAULT, DEFAULT, NULL, 169, 4), (787, NULL, 'Does anyone have any theories about the author''s inspiration for this series? ', DEFAULT, DEFAULT, NULL, 155, 9), (788, NULL, 'I''m so excited to discuss the themes of identity in this book! ', DEFAULT, DEFAULT, NULL, 181, 3), (789, NULL, 'I didn''t like the ending, but the rest of the book was great... ', DEFAULT, DEFAULT, NULL, 176, 8), (790, NULL, 'I loved the way the author wrote the characters'' backstories! ', DEFAULT, DEFAULT, NULL, 170, 6), (791, NULL, 'I''m still trying to wrap my head around the world-building in this book... ', DEFAULT, DEFAULT, NULL, 158, 6), (792, NULL, 'I''m still trying to wrap my head around the world-building in this book... ', DEFAULT, DEFAULT, NULL, 152, 5), (793, NULL, 'I loved the way the author wrote the dialogue in this book! ', DEFAULT, DEFAULT, NULL, 182, 8), (794, NULL, 'Does anyone have any favorite quotes from the book? ', DEFAULT, DEFAULT, NULL, 156, 5), (795, NULL, 'I just wanted to say thanks for the great discussion, everyone! ', DEFAULT, DEFAULT, NULL, 158, 5), (796, NULL, 'I''m still trying to wrap my head around the world-building in this book... ', DEFAULT, DEFAULT, NULL, 170, 5), (797, NULL, 'I didn''t like the pacing of the book, but the characters were great... ', DEFAULT, DEFAULT, NULL, 160, 8), (798, NULL, 'I''m still trying to figure out the symbolism behind the book''s title ', DEFAULT, DEFAULT, NULL, 169, 2), (799, NULL, 'I didn''t like the main character''s motivations, but the plot was engaging... ', DEFAULT, DEFAULT, NULL, 154, 9), (800, NULL, 'Does anyone know if the author is planning on writing a companion novel? ', DEFAULT, DEFAULT, NULL, 155, 6), (801, NULL, 'I didn''t like the ending, but the rest of the book was great... ', DEFAULT, DEFAULT, NULL, 172, 7), (802, NULL, 'I didn''t like the pacing of the book, but the characters were great... ', DEFAULT, DEFAULT, NULL, 162, 5), (803, NULL, 'Does anyone have any favorite quotes from the book? ', DEFAULT, DEFAULT, NULL, 171, 0), (804, NULL, 'Who else is planning on reading the novella companion to this series? ', DEFAULT, DEFAULT, NULL, 169, 4), (805, NULL, 'I''m still trying to wrap my head around the plot twist... anyone else feeling confused? ', DEFAULT, DEFAULT, NULL, 164, 0), (806, NULL, 'I didn''t like the pacing of the book, but the characters were great... ', DEFAULT, DEFAULT, NULL, 168, 4), (807, NULL, 'Who else is planning on reading the graphic novel adaptation of this series? ', DEFAULT, DEFAULT, NULL, 160, 4), (808, NULL, 'I loved the way the author explored the theme of family in this book! ', DEFAULT, DEFAULT, NULL, 165, 5), (809, NULL, 'Who else is planning on reading the next book in the series? ', DEFAULT, DEFAULT, NULL, 173, 9), (810, NULL, 'I loved the diversity in this book! ', DEFAULT, DEFAULT, NULL, 172, 1), (811, NULL, 'Who else is planning on attending the author''s book tour? ', DEFAULT, DEFAULT, NULL, 169, 7), (812, NULL, 'Who else is planning on attending the author''s book tour? ', DEFAULT, DEFAULT, NULL, 163, 6), (813, NULL, 'Does anyone know if the author is planning on writing a companion novel? ', DEFAULT, DEFAULT, NULL, 166, 5), (814, NULL, 'I just wanted to share a related article I found: https://www.example.com', DEFAULT, DEFAULT, NULL, 177, 8), (815, NULL, 'I''m still trying to figure out the symbolism behind the book''s cover art... ', DEFAULT, DEFAULT, NULL, 156, 2), (816, NULL, 'I''m so excited to discuss the themes of identity in this book! ', DEFAULT, DEFAULT, NULL, 164, 4), (817, NULL, 'I loved the way the author explored the theme of family in this book! ', DEFAULT, DEFAULT, NULL, 180, 2), (818, NULL, 'I loved the way the author explored the theme of power in this book! ', DEFAULT, DEFAULT, NULL, 153, 1), (819, NULL, 'I didn''t like the pacing of the book, but the characters were great... ', DEFAULT, DEFAULT, NULL, 168, 0), (820, NULL, 'I loved the way the author wrote the dialogue in this book! ', DEFAULT, DEFAULT, NULL, 160, 5), (821, NULL, 'I just wanted to share my thoughts on the themes presented in chapter 5... ', DEFAULT, DEFAULT, NULL, 166, 4), (822, NULL, 'Does anyone have any favorite book clubs they''d recommend? ', DEFAULT, DEFAULT, NULL, 165, 1), (823, NULL, 'I didn''t like the main character''s motivations, but the plot was engaging... ', DEFAULT, DEFAULT, NULL, 169, 3), (824, NULL, 'Who else is planning on attending the book-to-screen adaptation panel? ', DEFAULT, DEFAULT, NULL, 179, 5), (825, NULL, 'I just wanted to share my thoughts on the themes presented in chapter 5... ', DEFAULT, DEFAULT, NULL, 159, 4), (826, NULL, 'I loved the way the author explored the theme of power in this book! ', DEFAULT, DEFAULT, NULL, 153, 8), (827, NULL, 'I loved the way the author wrote the dialogue in this book! ', DEFAULT, DEFAULT, NULL, 172, 7), (828, NULL, 'Who else is planning on attending the book festival next month? ', DEFAULT, DEFAULT, NULL, 158, 7), (829, NULL, 'Who else is planning on reading the novella companion to this series? ', DEFAULT, DEFAULT, NULL, 152, 4), (830, NULL, 'Check out this amazing book-inspired art I found: https://www.deviantart.com/... ', DEFAULT, DEFAULT, NULL, 180, 6), (831, NULL, 'I loved the way the author explored the theme of power in this book! ', DEFAULT, DEFAULT, NULL, 180, 8), (832, NULL, 'I''m so excited to discuss the themes of love in this book! ', DEFAULT, DEFAULT, NULL, 153, 2), (833, NULL, 'I''m still trying to wrap my head around the world-building in this book... ', DEFAULT, DEFAULT, NULL, 170, 0), (834, NULL, 'I just wanted to share a related podcast episode I found: https://www.podcast.com/... ', DEFAULT, DEFAULT, NULL, 169, 4), (835, NULL, 'Who else is planning on reading the next book in the series? ', DEFAULT, DEFAULT, NULL, 171, 9), (836, NULL, 'I just wanted to share my thoughts on the themes presented in chapter 10... ', DEFAULT, DEFAULT, NULL, 156, 2), (837, NULL, 'Does anyone have any favorite quotes from the book? ', DEFAULT, DEFAULT, NULL, 166, 4), (838, NULL, 'I''m still trying to process the themes of trauma in this book... ', DEFAULT, DEFAULT, NULL, 172, 7), (839, NULL, 'I just wanted to share my thoughts on the themes presented in chapter 10... ', DEFAULT, DEFAULT, NULL, 173, 2), (840, NULL, 'I''m still trying to wrap my head around the plot twist... anyone else feeling confused? ', DEFAULT, DEFAULT, NULL, 178, 3);
UPDATE public.comments SET parent_post_id = 111, parent_comment_id = 673 WHERE id = 775;
UPDATE public.comments SET parent_post_id = 144, parent_comment_id = 714 WHERE id = 776;
UPDATE public.comments SET parent_post_id = 119, parent_comment_id = 691 WHERE id = 777;
UPDATE public.comments SET parent_post_id = 117, parent_comment_id = 759 WHERE id = 778;
UPDATE public.comments SET parent_post_id = 131, parent_comment_id = 673 WHERE id = 779;
UPDATE public.comments SET parent_post_id = 109, parent_comment_id = 731 WHERE id = 780;
UPDATE public.comments SET parent_post_id = 127, parent_comment_id = 696 WHERE id = 781;
UPDATE public.comments SET parent_post_id = 125, parent_comment_id = 638 WHERE id = 782;
UPDATE public.comments SET parent_post_id = 127, parent_comment_id = 664 WHERE id = 783;
UPDATE public.comments SET parent_post_id = 142, parent_comment_id = 680 WHERE id = 784;
UPDATE public.comments SET parent_post_id = 117, parent_comment_id = 753 WHERE id = 785;
UPDATE public.comments SET parent_post_id = 121, parent_comment_id = 731 WHERE id = 786;
UPDATE public.comments SET parent_post_id = 130, parent_comment_id = 726 WHERE id = 787;
UPDATE public.comments SET parent_post_id = 122, parent_comment_id = 657 WHERE id = 788;
UPDATE public.comments SET parent_post_id = 119, parent_comment_id = 715 WHERE id = 789;
UPDATE public.comments SET parent_post_id = 122, parent_comment_id = 655 WHERE id = 790;
UPDATE public.comments SET parent_post_id = 135, parent_comment_id = 677 WHERE id = 791;
UPDATE public.comments SET parent_post_id = 125, parent_comment_id = 746 WHERE id = 792;
UPDATE public.comments SET parent_post_id = 137, parent_comment_id = 759 WHERE id = 793;
UPDATE public.comments SET parent_post_id = 119, parent_comment_id = 728 WHERE id = 794;
UPDATE public.comments SET parent_post_id = 127, parent_comment_id = 769 WHERE id = 795;
UPDATE public.comments SET parent_post_id = 114, parent_comment_id = 674 WHERE id = 796;
UPDATE public.comments SET parent_post_id = 140, parent_comment_id = 642 WHERE id = 797;
UPDATE public.comments SET parent_post_id = 128, parent_comment_id = 743 WHERE id = 798;
UPDATE public.comments SET parent_post_id = 115, parent_comment_id = 633 WHERE id = 799;
UPDATE public.comments SET parent_post_id = 139, parent_comment_id = 760 WHERE id = 800;
UPDATE public.comments SET parent_post_id = 120, parent_comment_id = 685 WHERE id = 801;
UPDATE public.comments SET parent_post_id = 142, parent_comment_id = 730 WHERE id = 802;
UPDATE public.comments SET parent_post_id = 111, parent_comment_id = 711 WHERE id = 803;
UPDATE public.comments SET parent_post_id = 128, parent_comment_id = 718 WHERE id = 804;
UPDATE public.comments SET parent_post_id = 113, parent_comment_id = 689 WHERE id = 805;
UPDATE public.comments SET parent_post_id = 132, parent_comment_id = 704 WHERE id = 806;
UPDATE public.comments SET parent_post_id = 111, parent_comment_id = 640 WHERE id = 807;
UPDATE public.comments SET parent_post_id = 121, parent_comment_id = 698 WHERE id = 808;
UPDATE public.comments SET parent_post_id = 111, parent_comment_id = 747 WHERE id = 809;
UPDATE public.comments SET parent_post_id = 140, parent_comment_id = 690 WHERE id = 810;
UPDATE public.comments SET parent_post_id = 128, parent_comment_id = 669 WHERE id = 811;
UPDATE public.comments SET parent_post_id = 138, parent_comment_id = 760 WHERE id = 812;
UPDATE public.comments SET parent_post_id = 120, parent_comment_id = 652 WHERE id = 813;
UPDATE public.comments SET parent_post_id = 115, parent_comment_id = 764 WHERE id = 814;
UPDATE public.comments SET parent_post_id = 124, parent_comment_id = 646 WHERE id = 815;
UPDATE public.comments SET parent_post_id = 128, parent_comment_id = 711 WHERE id = 816;
UPDATE public.comments SET parent_post_id = 128, parent_comment_id = 645 WHERE id = 817;
UPDATE public.comments SET parent_post_id = 135, parent_comment_id = 717 WHERE id = 818;
UPDATE public.comments SET parent_post_id = 144, parent_comment_id = 718 WHERE id = 819;
UPDATE public.comments SET parent_post_id = 131, parent_comment_id = 697 WHERE id = 820;
UPDATE public.comments SET parent_post_id = 132, parent_comment_id = 738 WHERE id = 821;
UPDATE public.comments SET parent_post_id = 143, parent_comment_id = 747 WHERE id = 822;
UPDATE public.comments SET parent_post_id = 126, parent_comment_id = 635 WHERE id = 823;
UPDATE public.comments SET parent_post_id = 109, parent_comment_id = 724 WHERE id = 824;
UPDATE public.comments SET parent_post_id = 112, parent_comment_id = 745 WHERE id = 825;
UPDATE public.comments SET parent_post_id = 130, parent_comment_id = 723 WHERE id = 826;
UPDATE public.comments SET parent_post_id = 113, parent_comment_id = 698 WHERE id = 827;
UPDATE public.comments SET parent_post_id = 130, parent_comment_id = 722 WHERE id = 828;
UPDATE public.comments SET parent_post_id = 139, parent_comment_id = 677 WHERE id = 829;
UPDATE public.comments SET parent_post_id = 124, parent_comment_id = 727 WHERE id = 830;
UPDATE public.comments SET parent_post_id = 144, parent_comment_id = 718 WHERE id = 831;
UPDATE public.comments SET parent_post_id = 135, parent_comment_id = 631 WHERE id = 832;
UPDATE public.comments SET parent_post_id = 139, parent_comment_id = 732 WHERE id = 833;
UPDATE public.comments SET parent_post_id = 110, parent_comment_id = 659 WHERE id = 834;
UPDATE public.comments SET parent_post_id = 141, parent_comment_id = 707 WHERE id = 835;
UPDATE public.comments SET parent_post_id = 131, parent_comment_id = 667 WHERE id = 836;
UPDATE public.comments SET parent_post_id = 110, parent_comment_id = 732 WHERE id = 837;
UPDATE public.comments SET parent_post_id = 126, parent_comment_id = 644 WHERE id = 838;
UPDATE public.comments SET parent_post_id = 114, parent_comment_id = 631 WHERE id = 839;
UPDATE public.comments SET parent_post_id = 109, parent_comment_id = 638 WHERE id = 840;
SELECT setval('"public"."comments_id_seq"'::regclass, (SELECT MAX("id") FROM "public"."comments"));
