INSERT INTO auth.users (instance_id,id,aud,role,email,encrypted_password,email_confirmed_at,invited_at,confirmation_token,confirmation_sent_at,recovery_token,recovery_sent_at,email_change_token_new,email_change,email_change_sent_at,last_sign_in_at,raw_app_meta_data,raw_user_meta_data,is_super_admin,created_at,updated_at,phone,phone_confirmed_at,phone_change,phone_change_token,phone_change_sent_at,email_change_token_current,email_change_confirm_status,banned_until,reauthentication_token,reauthentication_sent_at,is_sso_user,deleted_at,is_anonymous) VALUES ('3dcce8b2-d93e-5155-9a50-a529057e4a9a', '0f5d546a-dd80-5406-a005-a4f3061b9fb4', 'user173:ilovefashion', 'BookClubSupportSupervisor', 'Alec.Bahringer49059@project-wave.net', '$2a$10$D6E5F4G3H2I1J9K8L7M', '2020-02-10T13:34:50.000Z', '2020-03-07T03:00:57.000Z', 'f71ecf95-7766-52eb-9128-7f41ba94a019', '2020-12-28T11:35:00.000Z', '0911f256-347e-5563-a9fc-69f423a36eab', '2020-01-09T00:49:11.000Z', '9f126563-dfc1-5d22-acf4-882145eb1257', 'true', '2020-10-02T09:19:38.000Z', '2020-08-16T19:13:05.000Z', '{"Dolorum":"Inor placet si"}', '{"avatar_url":"https://picsum.photos/200?random=0"}', 't', '2020-06-06T05:41:47.000Z', '2020-03-11T02:10:13.000Z', DEFAULT, '2020-03-11T02:53:19.000Z', DEFAULT, DEFAULT, '2020-12-24T11:30:02.000Z', DEFAULT, DEFAULT, '2020-06-10T05:08:46.000Z', DEFAULT, '2020-06-26T17:49:35.000Z', DEFAULT, '2020-03-23T14:25:27.000Z', DEFAULT), ('6e9ec33d-2e0a-5b02-8e2d-f0d1c5040b5f', '5fef9e7c-116a-5504-a6ae-d16f4442d448', 'user173:ilovefashion', 'DiscussionForumManager', 'Annamarie_Brakus10291@tattoobell.com', '$2a$10$A5B4C3D2E1F6G7H8I9J8', '2020-02-26T13:38:22.000Z', '2020-03-23T14:40:28.000Z', '125814ea-e205-5ab0-b3ad-a5495eae6164', '2020-10-18T22:13:30.000Z', 'a822594c-6232-5b8c-8c4b-426764390c47', '2020-09-25T08:22:24.000Z', '32f44ed3-52e3-5b33-9a2c-cd7f7a2b61fd', 'false', '2020-06-18T17:21:57.000Z', '2020-03-27T14:58:22.000Z', '{"Ali":"Tentiae est"}', '{"avatar_url":"https://picsum.photos/200?random=1"}', 't', '2020-01-17T12:52:35.000Z', '2020-05-25T17:01:44.000Z', DEFAULT, '2020-07-19T18:13:25.000Z', DEFAULT, DEFAULT, '2020-06-22T05:10:29.000Z', DEFAULT, DEFAULT, '2020-04-04T15:27:18.000Z', DEFAULT, '2020-06-06T17:32:29.000Z', DEFAULT, '2020-08-12T20:00:19.000Z', DEFAULT), ('493e0e3d-0db0-5675-8b80-e9aee6e49834', '5ac46069-d153-5b50-a0be-8a017d379243', 'user183:ilovehorses', 'LiteraryAnalyst', 'Leanna_Quigley96822@attain-thermals.com', '$2y$10$G6F5E4D3C2B1A6G7H8I9J', '2020-03-19T03:03:29.000Z', '2020-03-19T14:02:18.000Z', '6d7474ea-84f2-5ef3-8596-ce306ce75939', '2020-07-19T18:34:10.000Z', 'e4b7ff38-fae0-5350-bd75-2ec0909433ec', '2020-08-04T19:41:54.000Z', '0cf25506-6426-55de-9e64-a60ec2e6efc6', 'false', '2020-05-13T16:18:40.000Z', '2020-06-06T17:45:25.000Z', '{"Quid":"Graeca defuitatem"}', '{"avatar_url":"https://picsum.photos/200?random=2"}', 't', '2020-02-26T13:44:11.000Z', '2020-03-15T14:17:38.000Z', DEFAULT, '2020-04-24T15:47:54.000Z', DEFAULT, DEFAULT, '2020-05-09T04:17:32.000Z', DEFAULT, DEFAULT, '2020-02-02T01:18:30.000Z', DEFAULT, '2020-06-18T06:02:16.000Z', DEFAULT, '2020-03-23T14:10:39.000Z', DEFAULT), ('69e449b5-11f0-513e-8bc4-f52a33b36510', '5f2c632c-1003-5d3e-94f5-6085899aa359', 'user176:myfavoritecomic', 'ContentEditorManager', 'Christop.Sawayn48595@popularmobility.net', '$2y$10$G7F6E5D4C3B2A1H9J8K7', '2020-12-12T11:31:28.000Z', '2020-08-16T07:57:21.000Z', 'a8fc76ac-b264-5807-9bde-d896c3807634', '2020-08-12T08:00:54.000Z', '337f94b5-1a80-50eb-a4e9-98224cd420ff', '2020-09-13T20:37:41.000Z', '2773c7f9-3d43-56ee-a22d-abe5b80ff305', 'false', '2020-11-23T23:08:38.000Z', '2020-06-06T05:48:26.000Z', '{"Enimi":"Idem fieri"}', '{"avatar_url":"https://picsum.photos/200?random=3"}', 'f', '2020-10-14T21:49:12.000Z', '2020-11-03T10:50:29.000Z', DEFAULT, '2020-01-13T12:12:47.000Z', DEFAULT, DEFAULT, '2020-10-02T21:18:35.000Z', DEFAULT, DEFAULT, '2020-04-20T04:00:32.000Z', DEFAULT, '2020-10-18T09:33:18.000Z', DEFAULT, '2020-04-08T15:48:48.000Z', DEFAULT), ('6e299974-a424-5920-be37-6644fdaa15c1', '71c8f57c-aae5-5ac8-8fc0-a1ff399b17b8', 'user177:ilovecoffee', 'CommunityHelperManager', 'Mozelle_Boyer81623@spectacularsweat.net', 'PBKDF2$H$9$N9M8L7K6J5I4H3G2', '2020-02-26T02:02:43.000Z', '2020-05-05T04:59:53.000Z', 'e2801d2c-130a-5a72-a069-c02fc5b725f5', '2020-08-04T08:02:31.000Z', '0fc01aab-1462-5db8-9374-0c3ad067ee16', '2020-07-27T18:37:54.000Z', '35eb5c8f-642f-5d3b-ae8f-32a07040a69e', 'true', '2020-01-09T12:27:31.000Z', '2020-10-22T21:30:27.000Z', '{"Diuturo":"Quasi metu tur"}', '{"avatar_url":"https://picsum.photos/200?random=4"}', 't', '2020-02-06T01:36:17.000Z', '2020-01-05T00:01:49.000Z', DEFAULT, '2020-11-03T10:49:18.000Z', DEFAULT, DEFAULT, '2020-11-27T11:02:39.000Z', DEFAULT, DEFAULT, '2020-04-08T03:42:16.000Z', DEFAULT, '2020-03-07T15:04:13.000Z', DEFAULT, '2020-06-06T17:55:18.000Z', DEFAULT), ('2da56712-0c82-57cd-8866-6c110db961bf', '815c84a1-9088-5e6f-b1ab-0853285c0e5d', 'user173:ilovefashion', 'BookSuggestionCurator', 'Julien.Kerluke72913@decent-sneeze.com', '$2b$11$E7F6G5H4I3J2K1L9M8N7', '2020-07-23T07:09:25.000Z', '2020-09-13T09:00:10.000Z', 'dbf92acc-c507-5eca-87fc-59480087903a', '2020-05-01T16:10:46.000Z', '304afb96-347e-536b-bc59-effeff8bb084', '2020-02-14T13:56:13.000Z', '01e6f04b-3847-53ca-97c7-9ac698e14184', 'true', '2020-01-05T12:24:54.000Z', '2020-01-01T00:14:07.000Z', '{"Pertinendus":"Quae nam malistius"}', '{"avatar_url":"https://picsum.photos/200?random=5"}', 't', '2020-01-05T12:52:58.000Z', '2020-11-19T22:46:53.000Z', DEFAULT, '2020-10-18T09:33:25.000Z', DEFAULT, DEFAULT, '2020-03-07T02:35:19.000Z', DEFAULT, DEFAULT, '2020-12-28T23:32:47.000Z', DEFAULT, '2020-07-07T18:28:57.000Z', DEFAULT, '2020-08-04T07:35:09.000Z', DEFAULT), ('c073ab93-1744-5490-9639-0339a0a2041f', 'f14ee7a7-b3f9-561d-8cf7-983293f0008f', 'user187:ilovebasketball', 'LiteraryResearchManager', 'Amelie.McLaughlin4801@squigglypeacoat.info', '$2y$10$G9H8I7J6K5L4M3N2B1A5', '2020-03-11T02:08:14.000Z', '2020-02-18T01:28:20.000Z', '97bb601f-668b-51f2-b9c9-2767e2c31d65', '2020-09-09T08:18:31.000Z', 'c9f77e90-d3b7-54fb-b02f-aaa300ffdfcf', '2020-05-17T04:56:15.000Z', '1d34041a-fa09-529e-9316-ca5ffc1caf51', 'false', '2020-04-20T03:24:46.000Z', '2020-03-07T14:27:45.000Z', '{"Stoicos":"Ut despicatio sunt"}', '{"avatar_url":"https://picsum.photos/200?random=6"}', 'f', '2020-12-21T00:09:21.000Z', '2020-09-09T21:05:14.000Z', DEFAULT, '2020-05-09T16:33:02.000Z', DEFAULT, DEFAULT, '2020-10-26T09:56:23.000Z', DEFAULT, DEFAULT, '2020-12-24T11:28:38.000Z', DEFAULT, '2020-11-11T22:20:54.000Z', DEFAULT, '2020-05-09T04:26:45.000Z', DEFAULT), ('55b67276-434e-5c2e-9260-6e1009fa264a', 'e4153ca5-d012-5995-bad4-086731587974', 'user191:ilovehiking', 'ClubModeratorSupervisor', 'Vada_Nicolas46208@say-mean.net', '$2b$11$E7F6G5H4I3J2K1L9M8N7', '2020-11-23T10:14:34.000Z', '2020-05-05T04:51:58.000Z', '7909b720-b731-57bd-bd73-23cdbb712bfa', '2020-11-19T10:37:35.000Z', '3966e100-3bff-5ca8-ad4b-8f35d89e7a99', '2020-12-12T11:38:55.000Z', '7eec18e3-90f7-5b16-ac22-1718e4311fa1', 'false', '2020-01-01T00:39:45.000Z', '2020-09-13T21:07:17.000Z', '{"Cibo":"Sibi si"}', '{"avatar_url":"https://picsum.photos/200?random=7"}', 't', '2020-01-21T00:16:40.000Z', '2020-10-10T21:24:39.000Z', DEFAULT, '2020-10-14T09:47:47.000Z', DEFAULT, DEFAULT, '2020-01-01T00:10:09.000Z', DEFAULT, DEFAULT, '2020-04-08T03:51:22.000Z', DEFAULT, '2020-08-08T19:19:01.000Z', DEFAULT, '2020-12-24T23:37:57.000Z', DEFAULT), ('dbb1dad3-0e55-5854-ac4a-5853ba42b0ed', '8bb5337a-4ae8-5fe9-834c-d09e97c220b7', 'user187:ilovebasketball', 'LiteraryResearchManager', 'Princess_Mills19974@disbarvestment.info', '$2a$10$Q8R9T7Y6U5I4H3G2F1E', '2020-07-07T06:26:51.000Z', '2020-07-07T18:21:23.000Z', '108bd49d-8a58-5136-a44b-7180d54ffd7b', '2020-06-14T17:52:11.000Z', '6865ce34-4ba6-5ea9-bd01-a96ce9a4bead', '2020-11-23T10:22:36.000Z', 'b36058c2-7f4a-5d0a-a143-d33a159f96c9', 'false', '2020-05-13T16:42:33.000Z', '2020-10-26T09:10:21.000Z', '{"Aut":"Moda ad multoque"}', '{"avatar_url":"https://picsum.photos/200?random=8"}', 't', '2020-02-02T14:01:58.000Z', '2020-04-28T15:17:26.000Z', DEFAULT, '2020-08-16T07:50:43.000Z', DEFAULT, DEFAULT, '2020-04-24T03:42:26.000Z', DEFAULT, DEFAULT, '2020-01-09T12:37:53.000Z', DEFAULT, '2020-03-15T14:52:20.000Z', DEFAULT, '2020-08-16T19:40:49.000Z', DEFAULT), ('956ce2d6-50f6-5a40-9f45-d6a6ebe53493', 'b36ab93a-34cf-5d2f-8309-1f65466da6f0', 'user181:ilovepilates', 'CommunityLiaisonManager', 'Arthur.Little41425@highlightstroke.info', '$2b$11$E2D1C6B5A4H3G2F1E6D5', '2020-09-01T08:16:45.000Z', '2020-08-04T20:09:45.000Z', '22cb9fc6-58a3-55f5-9f12-06e2d21cd400', '2020-06-14T17:42:02.000Z', '90ae1d0f-7420-5e65-8ac3-5605a0fd1ff1', '2020-05-01T04:54:34.000Z', 'f6c2a780-3786-56f2-a5ef-6808e5cb5c96', 'true', '2020-10-10T21:54:36.000Z', '2020-12-13T00:03:16.000Z', '{"Quibus":"Geomete minimper cum"}', '{"avatar_url":"https://picsum.photos/200?random=9"}', 'f', '2020-01-01T12:56:38.000Z', '2020-06-14T05:43:06.000Z', DEFAULT, '2020-04-20T15:38:38.000Z', DEFAULT, DEFAULT, '2020-10-06T09:34:30.000Z', DEFAULT, DEFAULT, '2020-01-17T12:48:09.000Z', DEFAULT, '2020-05-05T16:59:25.000Z', DEFAULT, '2020-12-08T11:56:27.000Z', DEFAULT), ('07a278f3-bf45-5e25-824d-e1411e981100', '44315cac-0a3d-513e-ae25-923183abdce2', 'user194:myfavoritegame', 'CommunityHelperManager', 'Shanna.Boyle39480@creative-lute.info', '$2y$10$C3B2A1D4E5F6G7H8I9J8', '2020-12-16T23:31:46.000Z', '2020-09-05T20:26:15.000Z', 'd8fccc86-0c38-5fe7-8ef8-afebc221508c', '2020-03-23T02:50:09.000Z', 'c8358687-b653-5ca0-9ff9-f44da22d275c', '2020-03-19T02:43:05.000Z', '05bb5786-ae6c-53da-9c72-9e0f830b8cf5', 'true', '2020-12-24T11:33:04.000Z', '2020-07-15T06:45:10.000Z', '{"Caret":"Omnem poetis"}', '{"avatar_url":"https://picsum.photos/200?random=10"}', 'f', '2020-10-10T22:07:18.000Z', '2020-08-20T19:15:43.000Z', DEFAULT, '2020-05-09T04:20:13.000Z', DEFAULT, DEFAULT, '2020-07-07T06:29:32.000Z', DEFAULT, DEFAULT, '2020-03-23T03:06:14.000Z', DEFAULT, '2020-08-20T07:59:39.000Z', DEFAULT, '2020-07-19T07:03:38.000Z', DEFAULT), ('7b9bfa04-6690-5169-b61c-0c5a2850ca05', 'bc6c992f-6177-5b38-a99d-4c1f8bf2d0e3', 'user180:myfavoritebird', 'BookRecommendationManager', 'Nigel.Bailey70616@immaculatevolatility.biz', 'PBKDF2$H$9$M9L8K7J6I5H4G3F2', '2020-06-14T17:51:36.000Z', '2020-12-20T23:39:17.000Z', '3f65655a-6961-5cf5-b048-696d56c6947e', '2020-11-11T22:48:38.000Z', 'bca2274b-589a-5c19-a96f-af41952843c7', '2020-10-18T09:55:40.000Z', 'ba2e3d67-0765-5360-9e40-e75b2db86b69', 'true', '2020-01-05T01:03:21.000Z', '2020-03-27T14:30:25.000Z', '{"Res":"A quicquam intellegat"}', '{"avatar_url":"https://picsum.photos/200?random=11"}', 'f', '2020-03-11T02:41:20.000Z', '2020-11-15T10:24:13.000Z', DEFAULT, '2020-10-18T09:51:07.000Z', DEFAULT, DEFAULT, '2020-02-26T13:52:06.000Z', DEFAULT, DEFAULT, '2020-06-02T06:08:46.000Z', DEFAULT, '2020-09-21T09:00:18.000Z', DEFAULT, '2020-12-28T12:02:02.000Z', DEFAULT), ('881472a8-265f-57f8-b4fd-82cf0687c589', '5ca75a8e-3605-5166-aa74-4e2e2fc0beef', 'user162:myfavoriteauthor', 'ForumAdministrator', 'Carolyn_Weimann23421@grippingcondominium.info', '$2a$10$D2E3F4G5H6I7J8K9L8M', '2020-11-11T22:25:34.000Z', '2020-04-12T15:32:19.000Z', 'd35dc686-4bbc-5c0e-b308-2bb961871d01', '2020-02-26T13:51:18.000Z', '23642e6e-9088-5fd1-84f2-127b6454df3d', '2020-07-03T18:43:33.000Z', '38602006-9884-54d1-b01c-4bab6551fcf1', 'true', '2020-11-07T10:39:42.000Z', '2020-01-05T00:36:47.000Z', '{"Voluptas":"Faciam quamquamvis"}', '{"avatar_url":"https://picsum.photos/200?random=12"}', 'f', '2020-06-14T17:48:55.000Z', '2020-03-03T02:49:56.000Z', DEFAULT, '2020-05-09T16:16:36.000Z', DEFAULT, DEFAULT, '2020-07-03T06:59:45.000Z', DEFAULT, DEFAULT, '2020-12-20T12:14:43.000Z', DEFAULT, '2020-08-12T19:33:18.000Z', DEFAULT, '2020-09-21T08:27:20.000Z', DEFAULT), ('5577ca7e-874d-5faf-92a9-3d5aed92d738', '12b3f6e4-8e09-5767-b1ce-9d45589acea2', 'user178:myfavoritepoem', 'BookClubSupervisor', 'Neil_Pollich55903@creamy-scenario.com', '$2y$10$G7F6E5D4C3B2A1H9J8K7', '2020-07-23T18:20:49.000Z', '2020-11-03T22:56:25.000Z', 'dce4dd4a-a01f-55c8-bdae-7a5b43752930', '2020-07-15T18:42:07.000Z', 'fcf29619-1f80-565c-9e2c-cae86a211915', '2020-04-12T15:29:03.000Z', '087d59c4-6324-58a2-b886-46e0ca9073a4', 'false', '2020-04-16T15:43:14.000Z', '2020-03-15T14:02:07.000Z', '{"Omnino":"Etiam quis"}', '{"avatar_url":"https://picsum.photos/200?random=13"}', 'f', '2020-10-22T21:38:50.000Z', '2020-08-24T19:55:37.000Z', DEFAULT, '2020-10-26T09:37:10.000Z', DEFAULT, DEFAULT, '2020-01-01T00:24:36.000Z', DEFAULT, DEFAULT, '2020-10-10T21:19:53.000Z', DEFAULT, '2020-03-15T02:26:50.000Z', DEFAULT, '2020-10-18T10:04:38.000Z', DEFAULT), ('e9db4923-f5e7-5041-a8ca-b4b4a20eed11', '461f046b-b8af-5c8e-95dd-0f9194531ecb', 'user167:ilovehiking', 'LiteraryAnalyst', 'Ollie.Kulas48928@suppurateemotion.com', 'PBKDF2$H$9$L9M8K7J6I5H4G3F2E1', '2020-12-28T11:16:28.000Z', '2020-03-07T02:28:54.000Z', 'ec3d00e1-afac-5227-b338-1dd190272b5c', '2020-03-11T02:23:58.000Z', '4b0f9500-8c60-52b5-ac9b-9d91cb9d9fc5', '2020-01-13T00:06:44.000Z', '9a14be8c-2933-59c4-af88-700fc59c3fe4', 'true', '2020-07-07T06:14:23.000Z', '2020-07-23T06:28:24.000Z', '{"Ere":"Afferat aut epicosop"}', '{"avatar_url":"https://picsum.photos/200?random=14"}', 't', '2020-07-11T18:19:49.000Z', '2020-02-26T01:17:30.000Z', DEFAULT, '2020-04-04T15:42:48.000Z', DEFAULT, DEFAULT, '2020-09-25T08:08:31.000Z', DEFAULT, DEFAULT, '2020-04-08T15:55:33.000Z', DEFAULT, '2020-07-07T07:07:45.000Z', DEFAULT, '2020-04-20T15:07:24.000Z', DEFAULT), ('8781879c-5a57-5586-9b0e-c3e432941888', 'dce623ef-801d-54b0-a2df-9358c082e29e', 'user165:ilovecycling', 'ForumSupervisor', 'Talia_Lynch40694@unrealisticdirector.biz', '$2a$10$D4E3F2G1H6I5J4K3L2M1', '2020-12-24T23:27:14.000Z', '2020-05-17T16:43:54.000Z', 'd8b83192-c22e-59b1-9332-054667c77fa5', '2020-08-08T19:31:21.000Z', 'b26c5b79-35d0-5732-80b2-9fb4129e4bd1', '2020-07-27T06:26:57.000Z', '3100cd69-23a8-50ea-8562-4984fb8b86a9', 'false', '2020-07-23T19:05:34.000Z', '2020-11-27T22:34:41.000Z', '{"Im":"Quos tam facil"}', '{"avatar_url":"https://picsum.photos/200?random=15"}', 't', '2020-06-26T17:42:22.000Z', '2020-08-12T07:35:44.000Z', DEFAULT, '2020-02-10T01:28:11.000Z', DEFAULT, DEFAULT, '2020-10-22T21:34:38.000Z', DEFAULT, DEFAULT, '2020-06-22T17:19:00.000Z', DEFAULT, '2020-07-19T07:07:36.000Z', DEFAULT, '2020-11-19T11:01:56.000Z', DEFAULT), ('6ef55e39-a225-5b82-be62-b880c209176a', '82d62e5d-3a42-5fcc-8eba-42d842fea91a', 'user186:myfavoritecity', 'ReadingListManager', 'Erick.Considine81131@spur-oats.biz', '$2b$10$F9E8D7C6B5A4H3G2F1', '2020-06-14T05:29:21.000Z', '2020-12-04T23:25:02.000Z', '298e9058-c870-53af-bf12-a1c619d8abf5', '2020-03-11T14:40:24.000Z', '65a520af-b62e-5cc2-be21-20ff7c234207', '2020-08-16T19:21:57.000Z', '14428140-3449-585a-be2b-087162f8a0bf', 'false', '2020-11-19T23:00:11.000Z', '2020-05-05T04:48:21.000Z', '{"Verum":"Quia omnia"}', '{"avatar_url":"https://picsum.photos/200?random=16"}', 'f', '2020-12-16T11:59:44.000Z', '2020-02-10T01:21:33.000Z', DEFAULT, '2020-07-23T06:51:21.000Z', DEFAULT, DEFAULT, '2020-10-26T09:10:21.000Z', DEFAULT, DEFAULT, '2020-06-02T05:43:21.000Z', DEFAULT, '2020-09-17T08:37:24.000Z', DEFAULT, '2020-05-25T16:20:30.000Z', DEFAULT), ('17d84372-828b-5792-a02b-f3402781a5f0', '4906cefc-1eec-5209-9bcc-28e8cf7c862a', 'user161:ilovereading', 'BookDiscussionSupervisor', 'Aniyah_Waelchi44677@generatetimbale.info', 'PBKDF2$H$9$L8K7M6N5O4P3Q2R1', '2020-11-03T22:44:53.000Z', '2020-04-20T15:45:30.000Z', '8cdd027a-ce6f-5506-a316-7822f1353797', '2020-12-20T11:22:03.000Z', '455e0053-a7dc-5d41-a11b-3da489f2421d', '2020-08-04T07:45:31.000Z', 'd3916960-02c7-5a24-a383-d86396d00f3d', 'false', '2020-08-20T20:02:05.000Z', '2020-02-02T01:22:42.000Z', '{"In":"Etiam ea morte"}', '{"avatar_url":"https://picsum.photos/200?random=17"}', 't', '2020-06-14T17:25:58.000Z', '2020-07-23T18:55:40.000Z', DEFAULT, '2020-06-26T05:43:03.000Z', DEFAULT, DEFAULT, '2020-09-05T20:12:23.000Z', DEFAULT, DEFAULT, '2020-10-14T21:16:41.000Z', DEFAULT, '2020-08-16T19:24:37.000Z', DEFAULT, '2020-06-02T17:42:40.000Z', DEFAULT), ('9e676382-8549-5610-b859-aacd62166db8', 'c9ea0237-6687-557a-b9a6-7641ce93392e', 'user182:myfavoritehotel', 'BookDiscussionSupervisor', 'Conner_Feest37814@hollow-raise.info', '$2y$10$G9H8I7J6K5L4M3N2B1A5', '2020-02-18T13:25:53.000Z', '2020-01-17T00:42:06.000Z', '0e683ca7-20f9-5a5a-9e1f-46b4b6c372cb', '2020-02-26T13:39:31.000Z', 'feb7b4bd-afdc-5d20-ae2a-7fd9eec81b10', '2020-10-18T09:51:35.000Z', '5ad2bb96-c81d-5bbc-b9a6-53fe546ccb22', 'true', '2020-09-05T09:01:33.000Z', '2020-01-25T00:57:09.000Z', '{"Finitudo":"Quo doleam"}', '{"avatar_url":"https://picsum.photos/200?random=18"}', 'f', '2020-08-28T07:32:10.000Z', '2020-10-26T09:42:17.000Z', DEFAULT, '2020-10-10T09:22:26.000Z', DEFAULT, DEFAULT, '2020-12-04T11:26:34.000Z', DEFAULT, DEFAULT, '2020-07-11T06:37:17.000Z', DEFAULT, '2020-05-05T04:20:17.000Z', DEFAULT, '2020-11-27T10:59:58.000Z', DEFAULT), ('45d297a6-0fe7-5771-90a3-092faa6f6de8', '698b6e50-7060-5752-b30f-c3c5d2ee3400', 'user173:ilovefashion', 'BookClubSupportManager', 'Marvin.Corwin74662@bubblycharlatan.org', '$2a$10$A5B4C3D2E1F6G7H8I9J8', '2020-12-04T11:14:05.000Z', '2020-08-24T19:34:11.000Z', 'f0be1a98-8c7d-5bb0-b20f-279de28f7280', '2020-04-20T03:10:54.000Z', 'ba01c93c-b4e5-5596-843d-0ef5bf24a95d', '2020-05-05T16:43:48.000Z', 'ec833d7d-89e5-5c56-abb0-ea6740f2d93d', 'true', '2020-12-16T11:29:05.000Z', '2020-09-17T08:18:11.000Z', '{"Ate":"Satisse parte"}', '{"avatar_url":"https://picsum.photos/200?random=19"}', 't', '2020-05-13T04:53:36.000Z', '2020-05-05T05:01:45.000Z', DEFAULT, '2020-09-25T08:22:02.000Z', DEFAULT, DEFAULT, '2020-08-20T07:26:19.000Z', DEFAULT, DEFAULT, '2020-10-26T21:49:51.000Z', DEFAULT, '2020-12-28T11:31:16.000Z', DEFAULT, '2020-04-16T15:46:43.000Z', DEFAULT), ('22486593-fa1f-57e6-b81c-ac242f356e80', 'f50300db-d620-587a-a6c0-46d7f9ace912', 'user196:myfavoritecity', 'CommunityOutreachManager', 'Marlee_Cummerata76784@grotesquebrass.net', '$2a$10$Q8R9T7Y6U5I4H3G2F1E', '2020-11-03T10:50:00.000Z', '2020-01-01T12:42:39.000Z', '5e141a97-563a-5b94-9611-5bea78ec4aec', '2020-12-20T23:27:24.000Z', '278603e9-16d5-5812-8a1b-481d109d286c', '2020-11-27T10:26:38.000Z', '435fb74e-df80-5ad6-95c6-73e488bd7c61', 'false', '2020-10-22T09:58:10.000Z', '2020-06-10T05:12:09.000Z', '{"Natur":"Suscepi et"}', '{"avatar_url":"https://picsum.photos/200?random=20"}', 'f', '2020-10-02T10:10:19.000Z', '2020-12-29T00:03:18.000Z', DEFAULT, '2020-12-20T23:29:37.000Z', DEFAULT, DEFAULT, '2020-03-23T02:04:56.000Z', DEFAULT, DEFAULT, '2020-01-01T12:24:35.000Z', DEFAULT, '2020-12-24T23:48:20.000Z', DEFAULT, '2020-08-16T07:39:53.000Z', DEFAULT), ('78c74432-a7fd-5fe5-8693-81e38c402025', '05eee4fe-379a-5426-9023-edc77e045168', 'user174:myfavoritecity', 'CommunitySupportManager', 'Darren.Monahan56206@hairy-vicinity.org', '$2b$11$E8F7G6H5I4J3K2L1M9N8', '2020-05-01T04:28:49.000Z', '2020-01-17T12:46:18.000Z', 'dae43083-bf29-54d4-b4d8-56f4ab7c3b2a', '2020-09-09T20:22:56.000Z', '3b72488b-69d0-5a00-bedb-d2a64aae9b57', '2020-04-28T03:51:55.000Z', 'c7012a1b-ce8d-513c-ba73-08e4dc60de7c', 'true', '2020-04-16T03:45:26.000Z', '2020-01-13T12:39:28.000Z', '{"Vero":"Ad rogatu"}', '{"avatar_url":"https://picsum.photos/200?random=21"}', 'f', '2020-08-28T19:47:39.000Z', '2020-04-12T03:11:21.000Z', DEFAULT, '2020-11-27T22:23:50.000Z', DEFAULT, DEFAULT, '2020-02-22T01:19:11.000Z', DEFAULT, DEFAULT, '2020-05-13T04:28:13.000Z', DEFAULT, '2020-03-27T02:40:39.000Z', DEFAULT, '2020-06-06T17:17:33.000Z', DEFAULT);
INSERT INTO public.profiles (id,created_at,name,theme,first_name,last_name,user_id,email) VALUES (28, DEFAULT, 'Lily Tran', DEFAULT, 'Jaggerdon', 'Ortiz', '44315cac-0a3d-513e-ae25-923183abdce2', 'Randy.Borer81915@sarcastic-brilliant.info'), (29, DEFAULT, 'Gabriel Brooks', DEFAULT, 'Journy', 'Diaz', '0f5d546a-dd80-5406-a005-a4f3061b9fb4', 'Susan_Kirlin45345@buck-trend.net'), (30, DEFAULT, 'Julian Martin', DEFAULT, 'Jovianna', 'Flores', '461f046b-b8af-5c8e-95dd-0f9194531ecb', 'Margot.Zemlak81277@certify-lesson.info'), (31, DEFAULT, 'Jackson Chen', DEFAULT, 'Kolton', 'Sullivan', '698b6e50-7060-5752-b30f-c3c5d2ee3400', 'Makayla_Baumbach12619@bright-tophat.info'), (32, DEFAULT, 'Emily Tran', DEFAULT, 'Jovianna', 'Hernandez', '5ca75a8e-3605-5166-aa74-4e2e2fc0beef', 'Jamie.Turner95263@cheek-package.org'), (33, DEFAULT, 'Ethan Martin', DEFAULT, 'Kalel', 'Flores', '8bb5337a-4ae8-5fe9-834c-d09e97c220b7', 'Chauncey.Pouros29793@lost-book.info'), (34, DEFAULT, 'Lily Tran', DEFAULT, 'Kaydence', 'Flores', '5fef9e7c-116a-5504-a6ae-d16f4442d448', 'Maurine_Ziemann54328@hinder-respect.biz'), (35, DEFAULT, 'Ethan Thompson', DEFAULT, 'Kolton', 'Medina', '12b3f6e4-8e09-5767-b1ce-9d45589acea2', 'Antwon.Rowe86872@amortizeperspective.name'), (36, DEFAULT, 'Lily Brown', DEFAULT, 'Jensen', 'Ward', 'c9ea0237-6687-557a-b9a6-7641ce93392e', 'Alejandra_Wilderman22776@intrepid-portfolio.org'), (37, DEFAULT, 'Lily Lee', DEFAULT, 'Kamber', 'Diaz', 'f50300db-d620-587a-a6c0-46d7f9ace912', 'Spencer.Bednar9349@dream-general.org'), (38, DEFAULT, 'Emily Tran', DEFAULT, 'Kamden', 'Ortiz', 'b36ab93a-34cf-5d2f-8309-1f65466da6f0', 'Stanford.Johns656@enrollbagpipe.com');
SELECT setval('"public"."profiles_id_seq"'::regclass, (SELECT MAX("id") FROM "public"."profiles"));
INSERT INTO auth.users (instance_id,id,aud,role,email,encrypted_password,email_confirmed_at,invited_at,confirmation_token,confirmation_sent_at,recovery_token,recovery_sent_at,email_change_token_new,email_change,email_change_sent_at,last_sign_in_at,raw_app_meta_data,raw_user_meta_data,is_super_admin,created_at,updated_at,phone,phone_confirmed_at,phone_change,phone_change_token,phone_change_sent_at,email_change_token_current,email_change_confirm_status,banned_until,reauthentication_token,reauthentication_sent_at,is_sso_user,deleted_at,is_anonymous) VALUES ('78ef0fb4-6f94-54d0-b18a-19c46d5a06ca', '87a989ce-5650-5f06-8bfb-a61e520ab0b2', 'user171:ilovecooking', 'ReadingChallengeSupervisor', 'Jaqueline_Bernier83043@deficient-associate.org', '$2a$10$C8D7E6F5G4H3I2J1K9L8', '2020-09-17T08:32:59.000Z', '2020-08-28T07:59:18.000Z', '1fb47cd5-0d63-5be5-834d-6548a27d526f', '2020-11-23T22:12:42.000Z', '6047fb87-b594-543e-af47-782a3107b939', '2020-11-07T10:46:20.000Z', '973937f9-6e0f-5422-a884-10386c331280', 'true', '2020-03-15T02:58:10.000Z', '2020-12-12T11:59:54.000Z', '{"Hoc":"Quietem disciplinae"}', '{"Omnium":"Voluptate cendi"}', 't', '2020-04-12T03:53:04.000Z', '2020-09-09T08:39:57.000Z', DEFAULT, '2020-11-27T10:55:11.000Z', DEFAULT, DEFAULT, '2020-04-20T03:18:36.000Z', DEFAULT, DEFAULT, '2020-06-26T05:26:31.000Z', DEFAULT, '2020-02-10T01:34:57.000Z', DEFAULT, '2020-09-21T20:36:12.000Z', DEFAULT), ('8a676be8-cb1b-5c9d-996e-bab60e23ded2', '51d76c9d-39e4-5ebe-8990-81db507dfa2c', 'user182:myfavoritehotel', 'CommunityLiaisonManager', 'Tatum.Altenwerth6843@seal-fishery.net', '$2y$10$J7I6H5G4F3E2D1C6B5A4', '2020-09-13T08:23:00.000Z', '2020-01-01T00:02:20.000Z', '55ca2383-ba54-5f99-b3f3-92aaf6529670', '2020-09-01T20:42:16.000Z', '7dcd32e4-0c2f-5711-a293-9b283f08ee5e', '2020-01-13T00:12:19.000Z', '6c182d49-e1ae-5716-aced-2063db2cbad9', 'false', '2020-05-25T04:52:17.000Z', '2020-03-27T02:10:43.000Z', '{"Arendum":"Possunt si dicer"}', '{"Doctis":"Superet et"}', 't', '2020-06-02T17:26:07.000Z', '2020-04-28T03:54:16.000Z', DEFAULT, '2020-10-18T09:23:23.000Z', DEFAULT, DEFAULT, '2020-03-23T02:53:10.000Z', DEFAULT, DEFAULT, '2020-05-05T17:08:31.000Z', DEFAULT, '2020-01-09T00:36:16.000Z', DEFAULT, '2020-09-25T20:38:56.000Z', DEFAULT), ('38e68fa6-26c5-58d8-b35a-811388a8dd7c', 'a0cecd0f-4b4a-57a5-801e-f895480398d0', 'user163:ilovetraveling', 'LiteraryAnalyst', 'Ciara.Swift42960@suppose-developmental.com', '$2b$11$E2D1C6B5A4H3G2F1E6D5', '2020-09-25T20:17:37.000Z', '2020-01-25T00:30:56.000Z', 'cd3fa880-26b8-56f4-8a63-87cfe5bab788', '2020-06-10T17:41:10.000Z', 'cf6cc908-3d7e-51b0-8e40-e6d457b31fd7', '2020-08-04T19:20:06.000Z', 'c8b1b1b9-6bf7-5eb3-96a2-f49ed143e44d', 'true', '2020-12-16T12:07:18.000Z', '2020-09-17T08:25:03.000Z', '{"Formavitur":"Non dicamus quibus"}', '{"Quis":"Putan mirero domusdamna"}', 'f', '2020-11-11T22:28:07.000Z', '2020-02-10T01:27:01.000Z', DEFAULT, '2020-01-25T12:36:32.000Z', DEFAULT, DEFAULT, '2020-07-19T06:58:02.000Z', DEFAULT, DEFAULT, '2020-07-23T06:42:01.000Z', DEFAULT, '2020-12-04T11:49:17.000Z', DEFAULT, '2020-09-21T20:25:42.000Z', DEFAULT), ('b30068f5-2e7c-5c21-ac29-112cc6889b3f', '4e32ffa4-17ba-52c3-8dd2-16289b8a098d', 'user178:myfavoritepoem', 'CommunitySupportSupervisor', 'Brice.Homenick18713@awemountain.com', '$2b$10$F2E1D6C5B4A3G2H1I9J8', '2020-05-05T17:04:47.000Z', '2020-04-08T03:51:22.000Z', '83837de3-661c-5bf3-b070-d8456ebe39b1', '2020-02-18T01:46:02.000Z', '61d519e0-dcb5-508e-8df5-59568958e506', '2020-03-07T14:02:55.000Z', '100ad389-34cb-57bb-9169-12aaf867c0bb', 'false', '2020-11-27T10:48:18.000Z', '2020-07-11T07:08:31.000Z', '{"Cenda":"Officiatur vita"}', '{"Cursionem":"Facerit opho rentur"}', 't', '2020-10-10T09:32:49.000Z', '2020-09-21T21:01:49.000Z', DEFAULT, '2020-09-13T20:16:36.000Z', DEFAULT, DEFAULT, '2020-10-18T21:45:17.000Z', DEFAULT, DEFAULT, '2020-01-21T12:39:22.000Z', DEFAULT, '2020-04-24T16:02:56.000Z', DEFAULT, '2020-12-16T23:24:54.000Z', DEFAULT), ('ef02a469-0224-52bc-9f74-2891975c1169', 'c0fa04b8-1924-5aff-b1b0-38839764b184', 'user200:myfavoritepoem', 'ContentValidatorManager', 'Marguerite.Parker98621@handynut.org', '$2a$10$A5B4C3D2E1F6G7H8I9J8', '2020-10-18T21:36:33.000Z', '2020-05-17T16:39:00.000Z', 'fe29675f-ad46-50e7-82c7-3d66e67f4fe4', '2020-11-27T11:07:39.000Z', 'dc4ebbe7-b33d-55d9-8690-1b3db5bf31d4', '2020-05-21T16:15:39.000Z', 'de2b4215-d1d6-5f1d-9d85-8d43353bfcbe', 'false', '2020-04-28T03:43:19.000Z', '2020-01-25T12:38:23.000Z', '{"Sedul":"Viderim si"}', '{"Numquam":"Es voluptate ad"}', 't', '2020-10-18T21:14:39.000Z', '2020-12-13T00:02:13.000Z', DEFAULT, '2020-09-01T20:54:09.000Z', DEFAULT, DEFAULT, '2020-10-10T21:38:59.000Z', DEFAULT, DEFAULT, '2020-12-04T23:21:05.000Z', DEFAULT, '2020-02-10T13:20:44.000Z', DEFAULT, '2020-04-24T15:23:33.000Z', DEFAULT);
INSERT INTO public.profiles (id,created_at,name,theme,first_name,last_name,user_id,email) VALUES (39, DEFAULT, 'Julian Davis', DEFAULT, 'Jovianna', 'Ortiz', '87a989ce-5650-5f06-8bfb-a61e520ab0b2', 'Berry_Lehner53828@redactcicada.info'), (40, DEFAULT, 'Ethan Hall', DEFAULT, 'Kymberley', 'Horton', '51d76c9d-39e4-5ebe-8990-81db507dfa2c', 'Summer.Tremblay2056@worm-insolence.name'), (41, DEFAULT, 'Gabriel Hall', DEFAULT, 'Jazlyn', 'Hall', 'a0cecd0f-4b4a-57a5-801e-f895480398d0', 'Sage.Waelchi30031@quacktime.com'), (42, DEFAULT, 'Gabriel Hall', DEFAULT, 'Kaysondra', 'Hawkins', '4e32ffa4-17ba-52c3-8dd2-16289b8a098d', 'Chris.Murazik98048@top-codon.biz'), (43, DEFAULT, 'Emily Patel', DEFAULT, 'Kamber', 'Ramos', 'c0fa04b8-1924-5aff-b1b0-38839764b184', 'Urban.Murray87979@fossilise-gym.name');
INSERT INTO public.clubs (id,created_at,name,description,creator_profile_id,last_edited_by_member_id) VALUES (6, DEFAULT, 'The Reading Room Bookworms', 'Join the Timeless Tales Club for a monthly exploration of classic literature! Meetings are held every 1st and 3rd Thursday of the month.', 39, NULL), (7, DEFAULT, 'The Fiction Fusion Club', 'The Romance Renegades Club is dedicated to exploring the world of romance novels. Meetings are held every 2nd and 4th Thursday of the month.', 40, NULL), (8, DEFAULT, 'The Fiction Fusion Club', 'The Memoir Masters Club is dedicated to exploring the world of memoirs. Meetings are held bi-monthly on the 1st Saturday of the month.', 41, NULL), (9, DEFAULT, 'The Reading Room Book Club', 'The Literary Lions Club is a community for readers of all genres. Meetings are held bi-monthly on the 2nd Saturday of the month.', 42, NULL), (10, DEFAULT, 'The Book Club Connection Society', 'The Mystery Solvers Club is dedicated to exploring the world of mystery novels. Meetings are held every 3rd Friday of the month at 6 PM.', 43, NULL);
SELECT setval('"public"."profiles_id_seq"'::regclass, (SELECT MAX("id") FROM "public"."profiles"));
SELECT setval('"public"."clubs_id_seq"'::regclass, (SELECT MAX("id") FROM "public"."clubs"));
INSERT INTO public.club_invite_codes (id,club_id,code,expiration_date,created_at) VALUES (1, 9, DEFAULT, '2020-03-15T14:38:14.000Z', DEFAULT), (2, 9, DEFAULT, '2020-06-26T05:14:10.000Z', DEFAULT), (3, 8, DEFAULT, '2020-01-21T13:00:42.000Z', DEFAULT), (4, 9, DEFAULT, '2020-03-07T14:15:30.000Z', DEFAULT), (5, 6, DEFAULT, '2020-11-07T11:12:06.000Z', DEFAULT);
SELECT setval('"public"."club_invite_codes_id_seq"'::regclass, (SELECT MAX("id") FROM "public"."club_invite_codes"));
INSERT INTO public.members (id,created_at,club_id,favorite,reading_tab_index,user_profile_id) VALUES (57, DEFAULT, 9, DEFAULT, DEFAULT, 38), (58, DEFAULT, 9, DEFAULT, DEFAULT, 29), (59, DEFAULT, 7, DEFAULT, DEFAULT, 31), (60, DEFAULT, 10, DEFAULT, DEFAULT, 33), (61, DEFAULT, 8, DEFAULT, DEFAULT, 30), (62, DEFAULT, 10, DEFAULT, DEFAULT, 31), (63, DEFAULT, 6, DEFAULT, DEFAULT, 30), (64, DEFAULT, 9, DEFAULT, DEFAULT, 29), (65, DEFAULT, 9, DEFAULT, DEFAULT, 35), (66, DEFAULT, 10, DEFAULT, DEFAULT, 38), (67, DEFAULT, 6, DEFAULT, DEFAULT, 35), (68, DEFAULT, 7, DEFAULT, DEFAULT, 34), (69, DEFAULT, 9, DEFAULT, DEFAULT, 37), (70, DEFAULT, 7, DEFAULT, DEFAULT, 38), (71, DEFAULT, 10, DEFAULT, DEFAULT, 28), (72, DEFAULT, 7, DEFAULT, DEFAULT, 28), (73, DEFAULT, 6, DEFAULT, DEFAULT, 28), (74, DEFAULT, 7, DEFAULT, DEFAULT, 34), (75, DEFAULT, 9, DEFAULT, DEFAULT, 30), (76, DEFAULT, 6, DEFAULT, DEFAULT, 34), (77, DEFAULT, 9, DEFAULT, DEFAULT, 38), (78, DEFAULT, 10, DEFAULT, DEFAULT, 38), (79, DEFAULT, 9, DEFAULT, DEFAULT, 28), (80, DEFAULT, 6, DEFAULT, DEFAULT, 31), (81, DEFAULT, 7, DEFAULT, DEFAULT, 35), (82, DEFAULT, 9, DEFAULT, DEFAULT, 29), (83, DEFAULT, 10, DEFAULT, DEFAULT, 33), (84, DEFAULT, 8, DEFAULT, DEFAULT, 35), (85, DEFAULT, 7, DEFAULT, DEFAULT, 31), (86, DEFAULT, 10, DEFAULT, DEFAULT, 37), (87, DEFAULT, 9, DEFAULT, DEFAULT, 33), (88, DEFAULT, 10, DEFAULT, DEFAULT, 28), (89, DEFAULT, 6, DEFAULT, DEFAULT, 29), (90, DEFAULT, 9, DEFAULT, DEFAULT, 38), (91, DEFAULT, 10, DEFAULT, DEFAULT, 31), (92, DEFAULT, 10, DEFAULT, DEFAULT, 29), (93, DEFAULT, 9, DEFAULT, DEFAULT, 33), (94, DEFAULT, 7, DEFAULT, DEFAULT, 36), (95, DEFAULT, 9, DEFAULT, DEFAULT, 36), (96, DEFAULT, 6, DEFAULT, DEFAULT, 36), (97, DEFAULT, 6, DEFAULT, DEFAULT, 28), (98, DEFAULT, 9, DEFAULT, DEFAULT, 33);
SELECT setval('"public"."members_id_seq"'::regclass, (SELECT MAX("id") FROM "public"."members"));
INSERT INTO public.member_roles (id,created_at,member_id,role,last_edited_by_member_id) VALUES (46, DEFAULT, 83, 'MODERATOR', NULL), (47, DEFAULT, 75, 'MODERATOR', NULL), (48, DEFAULT, 81, 'ADMIN', NULL), (49, DEFAULT, 72, 'ADMIN', NULL), (50, DEFAULT, 62, 'MEMBER', NULL), (51, DEFAULT, 78, 'ADMIN', NULL), (52, DEFAULT, 57, 'ADMIN', NULL), (53, DEFAULT, 64, 'ADMIN', NULL), (54, DEFAULT, 77, 'MEMBER', NULL), (55, DEFAULT, 88, 'ADMIN', NULL), (56, DEFAULT, 61, 'MEMBER', NULL), (57, DEFAULT, 93, 'MODERATOR', NULL), (58, DEFAULT, 67, 'MEMBER', NULL), (59, DEFAULT, 63, 'MEMBER', NULL), (60, DEFAULT, 79, 'MODERATOR', NULL), (61, DEFAULT, 92, 'ADMIN', NULL), (62, DEFAULT, 70, 'MEMBER', NULL), (63, DEFAULT, 71, 'MODERATOR', NULL), (64, DEFAULT, 68, 'MODERATOR', NULL), (65, DEFAULT, 87, 'MEMBER', NULL), (66, DEFAULT, 82, 'MEMBER', NULL), (67, DEFAULT, 74, 'ADMIN', NULL), (68, DEFAULT, 60, 'ADMIN', NULL), (69, DEFAULT, 94, 'MEMBER', NULL), (70, DEFAULT, 66, 'MODERATOR', NULL), (71, DEFAULT, 90, 'ADMIN', NULL), (72, DEFAULT, 73, 'MEMBER', NULL), (73, DEFAULT, 97, 'MODERATOR', NULL), (74, DEFAULT, 58, 'MODERATOR', NULL), (75, DEFAULT, 96, 'MEMBER', NULL), (76, DEFAULT, 59, 'MODERATOR', NULL), (77, DEFAULT, 65, 'MEMBER', NULL), (78, DEFAULT, 76, 'MODERATOR', NULL), (79, DEFAULT, 98, 'MEMBER', NULL), (80, DEFAULT, 85, 'ADMIN', NULL), (81, DEFAULT, 84, 'ADMIN', NULL), (82, DEFAULT, 91, 'MEMBER', NULL), (83, DEFAULT, 69, 'MEMBER', NULL), (84, DEFAULT, 86, 'ADMIN', NULL), (85, DEFAULT, 95, 'MEMBER', NULL), (86, DEFAULT, 80, 'MODERATOR', NULL), (87, DEFAULT, 89, 'MODERATOR', NULL);
UPDATE public.member_roles SET last_edited_by_member_id = 91 WHERE id = 46;
UPDATE public.member_roles SET last_edited_by_member_id = 66 WHERE id = 47;
UPDATE public.member_roles SET last_edited_by_member_id = 76 WHERE id = 48;
UPDATE public.member_roles SET last_edited_by_member_id = 75 WHERE id = 49;
UPDATE public.member_roles SET last_edited_by_member_id = 62 WHERE id = 50;
UPDATE public.member_roles SET last_edited_by_member_id = 60 WHERE id = 51;
UPDATE public.member_roles SET last_edited_by_member_id = 73 WHERE id = 52;
UPDATE public.member_roles SET last_edited_by_member_id = 59 WHERE id = 53;
UPDATE public.member_roles SET last_edited_by_member_id = 95 WHERE id = 54;
UPDATE public.member_roles SET last_edited_by_member_id = 74 WHERE id = 55;
UPDATE public.member_roles SET last_edited_by_member_id = 66 WHERE id = 56;
UPDATE public.member_roles SET last_edited_by_member_id = 93 WHERE id = 57;
UPDATE public.member_roles SET last_edited_by_member_id = 71 WHERE id = 58;
UPDATE public.member_roles SET last_edited_by_member_id = 91 WHERE id = 59;
UPDATE public.member_roles SET last_edited_by_member_id = 85 WHERE id = 60;
UPDATE public.member_roles SET last_edited_by_member_id = 74 WHERE id = 61;
UPDATE public.member_roles SET last_edited_by_member_id = 79 WHERE id = 62;
UPDATE public.member_roles SET last_edited_by_member_id = 79 WHERE id = 63;
UPDATE public.member_roles SET last_edited_by_member_id = 93 WHERE id = 64;
UPDATE public.member_roles SET last_edited_by_member_id = 73 WHERE id = 65;
UPDATE public.member_roles SET last_edited_by_member_id = 72 WHERE id = 66;
UPDATE public.member_roles SET last_edited_by_member_id = 71 WHERE id = 67;
UPDATE public.member_roles SET last_edited_by_member_id = 78 WHERE id = 68;
UPDATE public.member_roles SET last_edited_by_member_id = 76 WHERE id = 69;
UPDATE public.member_roles SET last_edited_by_member_id = 96 WHERE id = 70;
UPDATE public.member_roles SET last_edited_by_member_id = 81 WHERE id = 71;
UPDATE public.member_roles SET last_edited_by_member_id = 83 WHERE id = 72;
UPDATE public.member_roles SET last_edited_by_member_id = 91 WHERE id = 73;
UPDATE public.member_roles SET last_edited_by_member_id = 82 WHERE id = 74;
UPDATE public.member_roles SET last_edited_by_member_id = 77 WHERE id = 75;
UPDATE public.member_roles SET last_edited_by_member_id = 85 WHERE id = 76;
UPDATE public.member_roles SET last_edited_by_member_id = 61 WHERE id = 77;
UPDATE public.member_roles SET last_edited_by_member_id = 66 WHERE id = 78;
UPDATE public.member_roles SET last_edited_by_member_id = 64 WHERE id = 79;
UPDATE public.member_roles SET last_edited_by_member_id = 83 WHERE id = 80;
UPDATE public.member_roles SET last_edited_by_member_id = 69 WHERE id = 81;
UPDATE public.member_roles SET last_edited_by_member_id = 96 WHERE id = 82;
UPDATE public.member_roles SET last_edited_by_member_id = 59 WHERE id = 83;
UPDATE public.member_roles SET last_edited_by_member_id = 89 WHERE id = 84;
UPDATE public.member_roles SET last_edited_by_member_id = 69 WHERE id = 85;
UPDATE public.member_roles SET last_edited_by_member_id = 85 WHERE id = 86;
UPDATE public.member_roles SET last_edited_by_member_id = 91 WHERE id = 87;
SELECT setval('"public"."member_roles_id_seq"'::regclass, (SELECT MAX("id") FROM "public"."member_roles"));
INSERT INTO public.books (id,created_at,title,authors,page_count,image_url,image_width,image_height,open_library_id,creator_member_id) VALUES (11, DEFAULT, 'The Age of Miracles', '{"John le Carre"}', 627, 'https://picsum.photos/200/300?random=0', 200, 300, 'c61e6f6e-6828-5f2c-97a6-98147e03fd8b', 92), (12, DEFAULT, 'The First Fifteen Lives of Harry August', '{"Johann Wolfgang Goethe"}', 248, 'https://picsum.photos/200/300?random=1', 200, 300, '65c285f4-f8ff-5cfc-86c1-f45c5c579484', 81), (13, DEFAULT, 'The Invisible Library', '{"Boris Pasternak"}', 745, 'https://picsum.photos/200/300?random=2', 200, 300, '171a5445-58ce-5590-9d41-32a81be0cd9c', 78), (14, DEFAULT, 'The Forbidden', '{"Charles Dickens"}', 734, 'https://picsum.photos/200/300?random=3', 200, 300, 'd2a20164-1d81-5dcb-8440-f49312a31e5b', 87), (15, DEFAULT, 'The Age of Miracles', '{"Emily Bronte"}', 470, 'https://picsum.photos/200/300?random=4', 200, 300, 'aa8c23a9-cc7f-518c-b0ad-b64b30b482a1', 82), (16, DEFAULT, 'The House of Shattered Wings', '{"Michael Crichton"}', 393, 'https://picsum.photos/200/300?random=5', 200, 300, 'a682f91c-56ad-51cc-9764-1b2d57d536c7', 87), (17, DEFAULT, 'The Last Storyteller', '{"Philip K Dick"}', 531, 'https://picsum.photos/200/300?random=6', 200, 300, 'b07006d3-065b-5846-a425-ec4c18bdb499', 72), (18, DEFAULT, 'The Shadow of the Wind', '{"Robert Harris"}', 432, 'https://picsum.photos/200/300?random=7', 200, 300, '71c3ffe6-3c2d-5543-bd48-72f6618850d8', 60), (19, DEFAULT, 'The Night Circus', '{"Richard Llewellyn"}', 401, 'https://picsum.photos/200/300?random=8', 200, 300, 'd61e934d-32e6-5b82-ae6d-ed55fb8d9d80', 67), (20, DEFAULT, 'The Night Circus', '{"Richard Llewellyn"}', 334, 'https://picsum.photos/200/300?random=9', 200, 300, '7a1251c4-523c-51cd-b5af-5646d26b0482', 59);
SELECT setval('"public"."books_id_seq"'::regclass, (SELECT MAX("id") FROM "public"."books"));
INSERT INTO auth.users (instance_id,id,aud,role,email,encrypted_password,email_confirmed_at,invited_at,confirmation_token,confirmation_sent_at,recovery_token,recovery_sent_at,email_change_token_new,email_change,email_change_sent_at,last_sign_in_at,raw_app_meta_data,raw_user_meta_data,is_super_admin,created_at,updated_at,phone,phone_confirmed_at,phone_change,phone_change_token,phone_change_sent_at,email_change_token_current,email_change_confirm_status,banned_until,reauthentication_token,reauthentication_sent_at,is_sso_user,deleted_at,is_anonymous) VALUES ('42981d63-69bc-513f-b12c-9720be05ec7c', '4111a59f-03f1-5b8e-841c-7925241b5790', 'user198:myfavoritecomic', 'ForumAdministrator', 'Glenna_Schinner40330@hangsea.biz', '$2y$10$G6F5E4D3C2B1A6G7H8I9J', '2020-09-13T20:47:50.000Z', '2020-11-03T11:06:40.000Z', '792f8b12-d1de-52be-8487-78383b9fd8ac', '2020-02-18T01:48:50.000Z', '6a039142-288b-5f17-8eb0-1ec48a1dc19e', '2020-07-07T18:55:23.000Z', 'a2a91e3a-14b9-52ac-98a8-1473f08ada9a', 'false', '2020-07-27T18:19:01.000Z', '2020-08-28T07:52:05.000Z', '{"Quibus":"Nihillaram statu"}', '{"Nisi":"Inem non pacuvii"}', 't', '2020-11-15T23:08:30.000Z', '2020-08-08T19:10:16.000Z', DEFAULT, '2020-07-11T18:33:34.000Z', DEFAULT, DEFAULT, '2020-10-22T10:11:21.000Z', DEFAULT, DEFAULT, '2020-12-24T11:59:03.000Z', DEFAULT, '2020-12-05T00:03:36.000Z', DEFAULT, '2020-12-04T11:39:36.000Z', DEFAULT), ('1466f798-a5f3-55c9-8dbc-12f78a9a73bc', '632bf0f3-3b93-5b66-8432-d42157fecc57', 'user188:myfavoriteflower', 'ReadingGuideCurator', 'Frank.Zulauf22755@unlearn-biscuit.org', '$2a$10$D2E3F4G5H6I7J8K9L8M', '2020-03-19T14:47:52.000Z', '2020-03-19T14:27:43.000Z', 'bf4bcfbb-d671-57bc-9f6f-1cdfa6741967', '2020-05-21T16:46:10.000Z', '34133d7c-8c88-5118-a8d0-a4785ef30615', '2020-07-11T06:36:14.000Z', '28f86e4b-c625-5eb7-8c65-48d8bd7faf7d', 'true', '2020-11-15T22:32:44.000Z', '2020-11-11T23:03:11.000Z', '{"Iis":"Ingenus et vitae"}', '{"Posse":"Etenta privenime modus"}', 't', '2020-12-24T23:30:30.000Z', '2020-09-25T21:00:36.000Z', DEFAULT, '2020-07-03T18:13:58.000Z', DEFAULT, DEFAULT, '2020-10-22T21:51:18.000Z', DEFAULT, DEFAULT, '2020-10-22T09:49:27.000Z', DEFAULT, '2020-11-07T22:11:51.000Z', DEFAULT, '2020-05-17T05:00:12.000Z', DEFAULT), ('6fd71420-280c-5cb7-8fd9-a53ba8ddcf78', '6157a6c8-0fc7-56b4-9d95-73f0b765b4fb', 'user165:ilovecycling', 'BookClubSupportSupervisor', 'Norberto.Sporer37296@chidecasualty.info', 'PBKDF2$H$9$L9M8K7J6I5H4G3F2E1', '2020-12-24T11:29:34.000Z', '2020-11-11T23:06:41.000Z', 'cf5dc1f8-c75c-5ef5-9e9f-16fda9f81c70', '2020-01-25T12:36:32.000Z', '3f43e426-df77-569b-984d-9d5d6a3937ca', '2020-06-06T05:16:31.000Z', '8a57f761-e490-58c1-9090-5f932b56b56d', 'true', '2020-02-02T01:32:43.000Z', '2020-11-03T22:19:01.000Z', '{"Per":"Dignius theophrasti"}', '{"In":"Id mihi"}', 't', '2020-10-14T21:57:00.000Z', '2020-01-09T00:26:08.000Z', DEFAULT, '2020-08-24T07:21:16.000Z', DEFAULT, DEFAULT, '2020-02-14T13:37:49.000Z', DEFAULT, DEFAULT, '2020-03-15T14:45:00.000Z', DEFAULT, '2020-10-10T21:55:04.000Z', DEFAULT, '2020-01-17T00:51:54.000Z', DEFAULT), ('1f05f6d6-4aa1-5520-b906-a3d1adfe810a', '9e989cb1-9ee6-5073-a20c-7e974ad2428e', 'user167:ilovehiking', 'CommunitySupportSupervisor', 'Terrance.Green59464@sweetpoverty.com', '$2a$10$A5B4C3D2E1F6G7H8I9J8', '2020-04-12T15:43:30.000Z', '2020-11-03T22:56:04.000Z', 'f29857b0-c6cf-57a3-bb71-f8f1ddef21e3', '2020-09-13T08:21:15.000Z', '6a6bc13e-d104-5073-9109-b892b74467c6', '2020-10-26T09:57:12.000Z', 'd0701e73-79d7-5545-9afb-77558cf2b478', 'true', '2020-05-25T05:02:54.000Z', '2020-08-12T19:43:04.000Z', '{"Et":"Omnes utilla"}', '{"Nec":"Ut cum"}', 't', '2020-09-09T08:56:01.000Z', '2020-04-04T15:36:44.000Z', DEFAULT, '2020-06-26T05:56:41.000Z', DEFAULT, DEFAULT, '2020-12-24T23:27:21.000Z', DEFAULT, DEFAULT, '2020-04-16T03:26:27.000Z', DEFAULT, '2020-11-19T22:22:32.000Z', DEFAULT, '2020-10-26T21:21:04.000Z', DEFAULT), ('f86633c9-ebdf-5696-9062-0fb44d737fae', '976dd0dd-3838-57c5-a89b-a7c96f6acd13', 'user184:myfavoritecar', 'DiscussionHostManager', 'Camryn.Cummerata25712@indolent-version.biz', '$2b$11$E7F6G5H4I3J2K1L9M8N7', '2020-08-20T07:07:05.000Z', '2020-08-16T07:30:20.000Z', 'c16f7120-bd43-53f0-8f53-041abe1892b9', '2020-05-09T16:38:38.000Z', 'bc646d51-5b86-5e1b-982f-6fcbee001c7e', '2020-04-04T15:40:13.000Z', '1fcc2b34-70f6-50d4-9ff6-bbbc2d0325a2', 'true', '2020-09-25T09:02:07.000Z', '2020-10-02T09:25:28.000Z', '{"In":"Gaudeat sine"}', '{"Es":"Contempus mandarumen ipem"}', 't', '2020-08-28T08:01:17.000Z', '2020-12-21T00:02:42.000Z', DEFAULT, '2020-02-14T13:37:27.000Z', DEFAULT, DEFAULT, '2020-09-25T08:33:13.000Z', DEFAULT, DEFAULT, '2020-05-13T16:54:53.000Z', DEFAULT, '2020-01-13T00:25:09.000Z', DEFAULT, '2020-10-10T09:56:49.000Z', DEFAULT), ('eb7037cd-5727-5546-9b96-f329a5227e15', '4bf31376-047f-5fd4-bb54-61e305d7f2a1', 'user178:myfavoritepoem', 'ContentArchivist', 'Margie.Abshire42175@scoutantling.biz', '$2a$10$C7D6E5F4G3H2I1J9K8L7M', '2020-04-24T03:48:08.000Z', '2020-02-22T01:15:21.000Z', '30ac8248-061f-5b13-96df-a9295a57ccc2', '2020-01-17T00:24:10.000Z', 'c3e5f949-0f9d-5f34-a69e-f618b7549624', '2020-08-04T19:32:41.000Z', '76ef47e5-f6d0-5537-95d6-cfb37739c15f', 'false', '2020-10-22T09:31:23.000Z', '2020-09-21T08:42:57.000Z', '{"Quidem":"Non bella ratione"}', '{"Quorum":"Etiam hominstructior"}', 'f', '2020-05-25T04:59:31.000Z', '2020-11-23T22:34:57.000Z', DEFAULT, '2020-04-28T15:54:16.000Z', DEFAULT, DEFAULT, '2020-11-15T22:30:52.000Z', DEFAULT, DEFAULT, '2020-04-08T15:45:11.000Z', DEFAULT, '2020-11-15T10:51:50.000Z', DEFAULT, '2020-03-07T03:00:22.000Z', DEFAULT), ('79b09a47-7e61-54c9-a97a-fd59e7b1254d', '096f32ca-9582-5ba7-9266-392bf73f6098', 'user163:ilovetraveling', 'ContentValidatorManager', 'Bennett.Grant81483@presage-crewmember.org', '$2b$10$F2E1D6C5B4A3G2H1I9J8', '2020-01-21T00:37:17.000Z', '2020-12-24T23:26:18.000Z', '628c7729-ec5b-5e64-b959-ae7eddd183a7', '2020-01-05T00:41:54.000Z', '526b5d5d-4ca0-5656-b4e2-59222202bb46', '2020-07-23T06:54:22.000Z', '59b4efe1-6fe3-5a34-8ec7-1a605d42c68d', 'true', '2020-07-03T06:58:56.000Z', '2020-10-06T09:13:17.000Z', '{"Cohaerest":"Et totelab"}', '{"Dicam":"Epicur autemus nimus"}', 't', '2020-05-17T04:23:09.000Z', '2020-06-22T17:24:21.000Z', DEFAULT, '2020-02-02T01:26:40.000Z', DEFAULT, DEFAULT, '2020-08-08T19:32:24.000Z', DEFAULT, DEFAULT, '2020-02-06T01:49:48.000Z', DEFAULT, '2020-06-26T17:23:57.000Z', DEFAULT, '2020-12-08T23:33:51.000Z', DEFAULT), ('bc15358a-6695-5807-8535-dea493bb0cb3', '878aeed2-8154-547a-936e-d0da4735da15', 'user169:ilovephotography', 'ContentEditorManager', 'Austyn.Shanahan44994@stompwitch.net', '$2b$10$F2E1D6C5B4A3G2H1I9J8', '2020-01-01T00:43:00.000Z', '2020-11-11T11:02:36.000Z', '8a65f41a-b869-5f38-a772-2bb03b98af5d', '2020-12-16T11:57:10.000Z', '48a69833-4e13-52d1-b7af-665f5ba9555d', '2020-09-09T08:33:47.000Z', '106b2b0c-099a-529b-add1-599bce6f129c', 'false', '2020-11-11T22:35:56.000Z', '2020-08-12T07:26:04.000Z', '{"Dicano":"Scriptorquem quo indiviter"}', '{"Quisitassec":"Quia tam"}', 'f', '2020-05-01T04:40:42.000Z', '2020-05-05T16:28:40.000Z', DEFAULT, '2020-09-05T08:36:31.000Z', DEFAULT, DEFAULT, '2020-08-28T19:18:18.000Z', DEFAULT, DEFAULT, '2020-12-28T23:45:15.000Z', DEFAULT, '2020-09-13T08:22:39.000Z', DEFAULT, '2020-08-08T08:04:27.000Z', DEFAULT), ('63fbc341-789a-586c-8673-fd2f8ec10a58', 'a585b683-806d-5b13-a6b0-6cfd5563f648', 'user165:ilovecycling', 'CommunitySupportSupervisor', 'Annette_Auer81256@remind-rethinking.info', 'PBKDF2$H$9$L9M8K7J6I5H4G3F2E1', '2020-04-08T03:18:52.000Z', '2020-03-19T02:30:31.000Z', '552c80e0-4a8c-597c-ad1f-5da21d7e159d', '2020-03-11T14:40:24.000Z', 'ec8658f0-0014-5adc-ba54-825a524c66ff', '2020-08-20T19:27:36.000Z', 'd7174f69-518b-5897-842b-46859a2ff175', 'true', '2020-05-05T16:33:26.000Z', '2020-07-11T06:21:47.000Z', '{"Gravis":"Instructiorib quale difficiter"}', '{"Sed":"Meque diligita"}', 'f', '2020-05-25T16:34:00.000Z', '2020-08-28T07:35:12.000Z', DEFAULT, '2020-03-07T02:35:54.000Z', DEFAULT, DEFAULT, '2020-02-10T13:59:53.000Z', DEFAULT, DEFAULT, '2020-12-16T23:49:50.000Z', DEFAULT, '2020-08-12T19:51:21.000Z', DEFAULT, '2020-09-05T08:17:31.000Z', DEFAULT), ('1ad2bb15-2d93-5547-a4ac-b63cfdec2cc3', '16fbcb63-e258-5938-abe8-a41efd02fadf', 'user170:myfavoriteperfume', 'BookReviewerManager', 'Gayle_Feil36441@wavy-mattock.org', '$2y$10$G7F6E5D4C3B2A1H9J8K7', '2020-01-17T00:10:18.000Z', '2020-06-26T17:20:34.000Z', '97da72cf-ecce-5b8d-985b-37dcfd6c5a29', '2020-05-21T04:10:10.000Z', '446a94e4-57bc-5840-b847-f1c86168dbd3', '2020-11-23T10:38:07.000Z', '00c96ba3-6ff2-530e-bb18-729bd9c8c62a', 'true', '2020-10-14T22:08:53.000Z', '2020-05-25T16:35:59.000Z', '{"Feranimus":"Poena atem autem"}', '{"Libidonium":"Sunt qui dicita"}', 't', '2020-09-13T08:57:50.000Z', '2020-02-06T02:00:31.000Z', DEFAULT, '2020-03-11T14:14:45.000Z', DEFAULT, DEFAULT, '2020-12-24T11:49:23.000Z', DEFAULT, DEFAULT, '2020-11-23T22:48:36.000Z', DEFAULT, '2020-07-03T18:20:36.000Z', DEFAULT, '2020-12-04T23:32:30.000Z', DEFAULT), ('7ce0a94c-ee17-56b1-b698-be08d519f433', 'ad24aa5e-d940-5a9a-8e60-53fe49cbcd86', 'user181:ilovepilates', 'CommunitySupportSupervisor', 'Raina_Reilly47493@poisetill.org', '$2b$11$E2D1C6B5A4H3G2F1E6D5', '2020-04-20T15:55:24.000Z', '2020-09-01T08:33:17.000Z', '683cf42b-80f1-560a-aa08-03baa56b8a35', '2020-10-10T09:52:23.000Z', 'fa240dec-1ae6-536c-ace1-9c1f0b0e7ad1', '2020-01-01T12:21:41.000Z', '49da13d7-9533-5865-b3cd-0776e1c60634', 'true', '2020-07-07T06:47:56.000Z', '2020-12-08T11:43:38.000Z', '{"Deter":"Magni laetamicur modicita"}', '{"Neces":"Reiciendum maximus ere"}', 't', '2020-05-09T04:20:14.000Z', '2020-04-08T15:27:43.000Z', DEFAULT, '2020-11-19T22:36:52.000Z', DEFAULT, DEFAULT, '2020-01-17T12:33:29.000Z', DEFAULT, DEFAULT, '2020-06-02T17:41:44.000Z', DEFAULT, '2020-12-08T11:37:14.000Z', DEFAULT, '2020-12-04T23:46:57.000Z', DEFAULT);
INSERT INTO public.profiles (id,created_at,name,theme,first_name,last_name,user_id,email) VALUES (44, DEFAULT, 'Lily Brown', DEFAULT, 'Kasen', 'Coleman', '4111a59f-03f1-5b8e-841c-7925241b5790', 'Myra.Sauer41183@scratchyartichoke.net'), (45, DEFAULT, 'Logan Brooks', DEFAULT, 'Kasyn', 'Harrison', '632bf0f3-3b93-5b66-8432-d42157fecc57', 'Rhiannon_O_Keefe95533@draughtbackdrop.com'), (46, DEFAULT, 'Gabriel Brooks', DEFAULT, 'Jovianna', 'Gibson', '6157a6c8-0fc7-56b4-9d95-73f0b765b4fb', 'Mellie_Waelchi70776@mortardiction.name'), (47, DEFAULT, 'Julian Martin', DEFAULT, 'Juel', 'Simmons', '9e989cb1-9ee6-5073-a20c-7e974ad2428e', 'Carrie_Nikolaus30948@foolishflytrap.net'), (48, DEFAULT, 'Emily Tran', DEFAULT, 'Kamber', 'Hall', '976dd0dd-3838-57c5-a89b-a7c96f6acd13', 'Scarlett_Effertz49755@somberwebmail.net'), (49, DEFAULT, 'Gabriel Wilson', DEFAULT, 'Kallie', 'Lane', '4bf31376-047f-5fd4-bb54-61e305d7f2a1', 'Lilian.Hahn28733@big-vascular.name'), (50, DEFAULT, 'Sofia Brown', DEFAULT, 'Jagger', 'Diaz', '096f32ca-9582-5ba7-9266-392bf73f6098', 'Joanne.Klein14386@puzzled-net.com'), (51, DEFAULT, 'Julian Tran', DEFAULT, 'Kymberli', 'Harrison', '878aeed2-8154-547a-936e-d0da4735da15', 'Shayne.Hills80702@stitchnightlife.net'), (52, DEFAULT, 'Gabriel Brooks', DEFAULT, 'Korbin', 'Griffin', 'a585b683-806d-5b13-a6b0-6cfd5563f648', 'Jared_Ratke60605@muddyyoke.biz'), (53, DEFAULT, 'Emily Davis', DEFAULT, 'Journy', 'Lee', '16fbcb63-e258-5938-abe8-a41efd02fadf', 'Demetrius.Pouros35980@demanding-attribute.name'), (54, DEFAULT, 'Julian Davis', DEFAULT, 'Journie', 'Griffin', 'ad24aa5e-d940-5a9a-8e60-53fe49cbcd86', 'Haylie_Greenholt51956@steel-awareness.info');
INSERT INTO public.members (id,created_at,club_id,favorite,reading_tab_index,user_profile_id) VALUES (99, DEFAULT, 9, DEFAULT, DEFAULT, 44), (100, DEFAULT, 8, DEFAULT, DEFAULT, 45), (101, DEFAULT, 7, DEFAULT, DEFAULT, 46), (102, DEFAULT, 10, DEFAULT, DEFAULT, 47), (103, DEFAULT, 6, DEFAULT, DEFAULT, 48), (104, DEFAULT, 9, DEFAULT, DEFAULT, 49), (105, DEFAULT, 7, DEFAULT, DEFAULT, 50), (106, DEFAULT, 7, DEFAULT, DEFAULT, 51), (107, DEFAULT, 7, DEFAULT, DEFAULT, 52), (108, DEFAULT, 8, DEFAULT, DEFAULT, 53), (109, DEFAULT, 9, DEFAULT, DEFAULT, 54);
INSERT INTO public.readings (id,created_at,club_id,book_id,current_page,is_finished,is_current,interval_start_date,interval_days,interval_pages,interval_type,creator_member_id,last_edited_by_member_id) VALUES (12, DEFAULT, 10, 18, 196, DEFAULT, 't', DEFAULT, DEFAULT, DEFAULT, 'SCHEDULED', 99, NULL), (13, DEFAULT, 9, 14, 163, DEFAULT, 't', DEFAULT, DEFAULT, DEFAULT, 'SCHEDULED', 100, NULL), (14, DEFAULT, 6, 19, 139, DEFAULT, 't', DEFAULT, DEFAULT, DEFAULT, 'SCHEDULED', 101, NULL), (15, DEFAULT, 9, 18, 140, DEFAULT, 't', DEFAULT, DEFAULT, DEFAULT, 'BY_MEMBER', 102, NULL), (16, DEFAULT, 10, 12, 156, DEFAULT, 't', DEFAULT, DEFAULT, DEFAULT, 'SCHEDULED', 103, NULL), (17, DEFAULT, 10, 18, 124, DEFAULT, 't', DEFAULT, DEFAULT, DEFAULT, 'BY_MEMBER', 104, NULL), (18, DEFAULT, 10, 16, 198, DEFAULT, 't', DEFAULT, DEFAULT, DEFAULT, 'BY_MEMBER', 105, NULL), (19, DEFAULT, 8, 15, 117, DEFAULT, 'f', DEFAULT, DEFAULT, DEFAULT, 'BY_MEMBER', 106, NULL), (20, DEFAULT, 8, 14, 128, DEFAULT, 't', DEFAULT, DEFAULT, DEFAULT, 'BY_MEMBER', 107, NULL), (21, DEFAULT, 7, 13, 165, DEFAULT, 't', DEFAULT, DEFAULT, DEFAULT, 'SCHEDULED', 108, NULL), (22, DEFAULT, 8, 15, 164, DEFAULT, 't', DEFAULT, DEFAULT, DEFAULT, 'BY_MEMBER', 109, NULL);
SELECT setval('"public"."profiles_id_seq"'::regclass, (SELECT MAX("id") FROM "public"."profiles"));
SELECT setval('"public"."members_id_seq"'::regclass, (SELECT MAX("id") FROM "public"."members"));
SELECT setval('"public"."readings_id_seq"'::regclass, (SELECT MAX("id") FROM "public"."readings"));
INSERT INTO public.intervals (id,created_at,updated_at,member_id,reading_id,is_completed,is_current) VALUES (53, DEFAULT, DEFAULT, 72, 17, 'f', 'f'), (54, DEFAULT, DEFAULT, 60, 18, 'f', 'f'), (55, DEFAULT, DEFAULT, 76, 14, 't', 't'), (56, DEFAULT, DEFAULT, 61, 17, 'f', 't'), (57, DEFAULT, DEFAULT, 59, 20, 't', 't'), (58, DEFAULT, DEFAULT, 86, 22, 'f', 'f'), (59, DEFAULT, DEFAULT, 83, 21, 't', 'f'), (60, DEFAULT, DEFAULT, 98, 21, 'f', 't'), (61, DEFAULT, DEFAULT, 81, 21, 'f', 't'), (62, DEFAULT, DEFAULT, 66, 22, 't', 't'), (63, DEFAULT, DEFAULT, 72, 12, 'f', 't'), (64, DEFAULT, DEFAULT, 65, 14, 'f', 't'), (65, DEFAULT, DEFAULT, 62, 13, 'f', 't'), (66, DEFAULT, DEFAULT, 82, 15, 't', 't'), (67, DEFAULT, DEFAULT, 58, 12, 'f', 't'), (68, DEFAULT, DEFAULT, 82, 22, 'f', 't'), (69, DEFAULT, DEFAULT, 81, 19, 't', 't'), (70, DEFAULT, DEFAULT, 68, 14, 'f', 'f'), (71, DEFAULT, DEFAULT, 59, 19, 'f', 't'), (72, DEFAULT, DEFAULT, 82, 19, 'f', 't'), (73, DEFAULT, DEFAULT, 71, 18, 'f', 't'), (74, DEFAULT, DEFAULT, 91, 17, 'f', 't'), (75, DEFAULT, DEFAULT, 82, 14, 't', 'f'), (76, DEFAULT, DEFAULT, 76, 16, 'f', 'f'), (77, DEFAULT, DEFAULT, 85, 18, 'f', 't'), (78, DEFAULT, DEFAULT, 72, 15, 'f', 't'), (79, DEFAULT, DEFAULT, 62, 13, 't', 'f'), (80, DEFAULT, DEFAULT, 86, 22, 't', 't'), (81, DEFAULT, DEFAULT, 57, 16, 't', 't'), (82, DEFAULT, DEFAULT, 86, 19, 'f', 't'), (83, DEFAULT, DEFAULT, 59, 16, 'f', 't'), (84, DEFAULT, DEFAULT, 72, 17, 't', 'f'), (85, DEFAULT, DEFAULT, 91, 12, 'f', 't'), (86, DEFAULT, DEFAULT, 62, 16, 'f', 't'), (87, DEFAULT, DEFAULT, 76, 19, 'f', 't'), (88, DEFAULT, DEFAULT, 74, 14, 'f', 't'), (89, DEFAULT, DEFAULT, 95, 18, 't', 't'), (90, DEFAULT, DEFAULT, 91, 17, 'f', 'f'), (91, DEFAULT, DEFAULT, 63, 17, 't', 't'), (92, DEFAULT, DEFAULT, 74, 15, 't', 'f'), (93, DEFAULT, DEFAULT, 71, 21, 't', 'f'), (94, DEFAULT, DEFAULT, 87, 18, 't', 't'), (95, DEFAULT, DEFAULT, 69, 17, 'f', 't'), (96, DEFAULT, DEFAULT, 58, 13, 't', 't'), (97, DEFAULT, DEFAULT, 86, 16, 'f', 't'), (98, DEFAULT, DEFAULT, 68, 15, 'f', 't'), (99, DEFAULT, DEFAULT, 88, 17, 'f', 'f'), (100, DEFAULT, DEFAULT, 86, 19, 'f', 'f'), (101, DEFAULT, DEFAULT, 81, 19, 'f', 'f'), (102, DEFAULT, DEFAULT, 70, 16, 'f', 't'), (103, DEFAULT, DEFAULT, 94, 19, 'f', 't'), (104, DEFAULT, DEFAULT, 59, 22, 't', 't');
SELECT setval('"public"."intervals_id_seq"'::regclass, (SELECT MAX("id") FROM "public"."intervals"));
INSERT INTO public.posts (id,created_at,updated_at,reading_id,title,content,likes,is_spoiler,last_edited_by_member_id,author_member_id) VALUES (37, DEFAULT, DEFAULT, 18, 'The Joy of Reading Aloud with Family', 'What''s everyone''s favorite way to organize their bookshelves? I''m in need of some inspiration!', 0, 'f', NULL, 84), (38, DEFAULT, DEFAULT, 19, 'The Joy of Reading with Family', 'I''m looking for a new fantasy series to get into. Anyone have any recommendations? #fantasyseries #bookrecommendations', 1, 'f', NULL, 84), (39, DEFAULT, DEFAULT, 17, 'Why I Love Fantasy Adventure Novels', 'I''m looking for a new sci-fi novel to read. Any suggestions? #scifinovel #bookrecommendations', 3, 'f', NULL, 63), (40, DEFAULT, DEFAULT, 13, 'I''m So Grateful for Book Club Friends!', 'I''m doing a giveaway for a booklight and a copy of ''The Silent Patient''! To enter, just comment below with your favorite thriller.', 8, 'f', NULL, 58), (41, DEFAULT, DEFAULT, 17, 'Why I Love Paranormal Romance Novels', 'Who else loves reading books with strong male protagonists? #strongmen #bookrecommendations', 8, 'f', NULL, 87), (42, DEFAULT, DEFAULT, 19, 'The Power of Book Clubs in Action!', 'Has anyone else read ''The Poppy War''? What did you think of the world-building?', 0, 't', NULL, 61), (43, DEFAULT, DEFAULT, 22, 'I''m So Grateful for Book Club Friends!', 'I''m looking for a new romance novel to read. Any suggestions? #romancenovel #bookrecommendations', 4, 'f', NULL, 87), (44, DEFAULT, DEFAULT, 20, 'I''m So Grateful for Book Clubs Forever!', 'Has anyone else read ''The Golem and the Jinni''? What did you think of the magical realism?', 2, 't', NULL, 72), (45, DEFAULT, DEFAULT, 21, 'My Favorite Bookish Accessories Ever', 'I''m looking for a new historical fiction novel to read. Any suggestions? #historicalfiction #bookrecommendations', 6, 'f', NULL, 83), (46, DEFAULT, DEFAULT, 21, 'The Best Books for Mental Health Awareness', 'Has anyone else read ''The City of Brass''? What did you think of the historical fantasy elements?', 5, 'f', NULL, 58), (47, DEFAULT, DEFAULT, 22, 'I Love Reading on Rainy Days', 'Who else loves reading books with complex, morally ambiguous characters? #morallyambiguous #characterstudy', 8, 't', NULL, 58), (48, DEFAULT, DEFAULT, 22, 'The Best Books for Self-Care Routines', 'I''m looking for a new sci-fi novel to read. Any suggestions? #scifinovel #bookrecommendations', 6, 'f', NULL, 59), (49, DEFAULT, DEFAULT, 21, 'The Best Books for Self-Love Sundays', 'What''s everyone''s favorite way to keep track of their reading challenge? I''m using a spreadsheet and it''s been a game-changer!', 2, 'f', NULL, 95), (50, DEFAULT, DEFAULT, 13, 'My Favorite Book Club Memories This Week', 'Who else loves reading books with diverse characters and perspectives? #diversebooks #representationmatters', 9, 'f', NULL, 98), (51, DEFAULT, DEFAULT, 21, 'My Favorite Book Club Laughter Moments', 'I''m looking for a new romance novel to read. Any suggestions? #romancenovel #bookrecommendations', 6, 'f', NULL, 81), (52, DEFAULT, DEFAULT, 12, 'The Best Books for Mindful Living', 'I just finished reading ''The Power'' and I''m still reeling from the experience. What''s your favorite thriller?', 4, 't', NULL, 69), (53, DEFAULT, DEFAULT, 16, 'The Best Books for Self-Love Sundays', 'I just started a book journal and I''m loving it! Has anyone else tried journaling about their reads? #bookjournal #readinglog', 2, 'f', NULL, 81), (54, DEFAULT, DEFAULT, 17, 'My Favorite Book Club Laughter Moments', 'I just finished reading ''The Hunger Games'' and I''m still reeling from the experience. What''s your favorite dystopian novel?', 2, 'f', NULL, 83), (55, DEFAULT, DEFAULT, 15, 'The Joy of Reading with Family', 'Has anyone else read ''The Song of Achilles''? What did you think of the historical fiction elements?', 4, 'f', NULL, 89), (56, DEFAULT, DEFAULT, 22, 'Why I Love Fantasy Adventure Novels', 'I''m doing a read-along of ''Pride and Prejudice'' and I''d love for you to join me! #prideandprejudice #readalong', 4, 't', NULL, 79), (57, DEFAULT, DEFAULT, 14, 'My Favorite Book Club Experiences Ever', 'I''m looking for a new historical fiction novel to read. Any suggestions? #historicalfiction #bookrecommendations', 0, 'f', NULL, 98), (58, DEFAULT, DEFAULT, 22, 'The Best Books for Self-Care Routines', 'I just finished reading ''The Hunger Games'' and I''m still reeling from the experience. What''s your favorite dystopian novel?', 4, 'f', NULL, 97), (59, DEFAULT, DEFAULT, 18, 'The Best Books for Mental Health Awareness', 'I''m doing a giveaway for a signed copy of ''The Hate U Give''! To enter, just comment below with your favorite YA novel.', 3, 'f', NULL, 85), (60, DEFAULT, DEFAULT, 22, 'My Favorite Book Club Inside Jokes', 'I''m looking for a new mystery novel to read. Any suggestions? #mysterynovel #bookrecommendations', 2, 'f', NULL, 98), (61, DEFAULT, DEFAULT, 18, 'I''m So Ready for the Next Book Hangover!', 'Who else loves reading books with complex, morally ambiguous characters? #morallyambiguous #characterstudy', 5, 't', NULL, 78), (62, DEFAULT, DEFAULT, 15, 'My Favorite Book Club Memories This Week', 'I''m doing a read-along of ''The Night Circus'' and I''d love for you to join me! #thenightcircus #readalong', 3, 'f', NULL, 58), (63, DEFAULT, DEFAULT, 15, 'Why I Love Mystery Thriller Novels', 'Has anyone else read ''The First Law'' trilogy? What did you think of the fantasy world-building?', 8, 't', NULL, 96), (64, DEFAULT, DEFAULT, 13, 'The Best Books for Mental Health Awareness', 'I just finished reading ''The Power'' and I''m still reeling from the experience. What''s your favorite thriller?', 8, 't', NULL, 80), (65, DEFAULT, DEFAULT, 15, 'I''m So Grateful for Book Clubs Forever!', 'I just started a book club with my friends and it''s been so much fun! Who else loves reading books with friends?', 8, 'f', NULL, 80), (66, DEFAULT, DEFAULT, 12, 'The Best Books for Self-Love Sundays', 'I''m doing a read-along of ''Pride and Prejudice'' and I''d love for you to join me! #prideandprejudice #readalong', 9, 'f', NULL, 87), (67, DEFAULT, DEFAULT, 14, 'The Best Books for Self-Love Sundays', 'Has anyone else read ''The Poppy War''? What did you think of the world-building?', 8, 'f', NULL, 59), (68, DEFAULT, DEFAULT, 13, 'My Favorite Book Club Quotes This Year', 'Who else loves reading books with strong female protagonists? #strongwomen #feministbooks', 2, 'f', NULL, 69), (69, DEFAULT, DEFAULT, 18, 'The Joy of Reading with Coffee Mornings', 'Who else loves reading books with strong female friendships? #femalefriendships #bookrecommendations', 2, 'f', NULL, 92), (70, DEFAULT, DEFAULT, 18, 'My Favorite Bookish Decor Ever', 'I''m looking for a new literary fiction novel to read. Any suggestions? #literaryfiction #bookrecommendations', 4, 'f', NULL, 63), (71, DEFAULT, DEFAULT, 22, 'The Joy of Reading with Coffee Mornings', 'I''m looking for a new literary fiction novel to read. Any suggestions? #literaryfiction #bookrecommendations', 6, 'f', NULL, 84), (72, DEFAULT, DEFAULT, 14, 'The Best Books for Mental Health Awareness', 'I''m doing a giveaway for a signed copy of ''The Hate U Give''! To enter, just comment below with your favorite YA novel.', 5, 't', NULL, 66);
UPDATE public.posts SET last_edited_by_member_id = 91 WHERE id = 37;
UPDATE public.posts SET last_edited_by_member_id = 89 WHERE id = 38;
UPDATE public.posts SET last_edited_by_member_id = 71 WHERE id = 39;
UPDATE public.posts SET last_edited_by_member_id = 87 WHERE id = 40;
UPDATE public.posts SET last_edited_by_member_id = 82 WHERE id = 41;
UPDATE public.posts SET last_edited_by_member_id = 78 WHERE id = 42;
UPDATE public.posts SET last_edited_by_member_id = 97 WHERE id = 43;
UPDATE public.posts SET last_edited_by_member_id = 60 WHERE id = 44;
UPDATE public.posts SET last_edited_by_member_id = 87 WHERE id = 45;
UPDATE public.posts SET last_edited_by_member_id = 86 WHERE id = 46;
UPDATE public.posts SET last_edited_by_member_id = 72 WHERE id = 47;
UPDATE public.posts SET last_edited_by_member_id = 67 WHERE id = 48;
UPDATE public.posts SET last_edited_by_member_id = 60 WHERE id = 49;
UPDATE public.posts SET last_edited_by_member_id = 70 WHERE id = 50;
UPDATE public.posts SET last_edited_by_member_id = 57 WHERE id = 51;
UPDATE public.posts SET last_edited_by_member_id = 58 WHERE id = 52;
UPDATE public.posts SET last_edited_by_member_id = 84 WHERE id = 53;
UPDATE public.posts SET last_edited_by_member_id = 87 WHERE id = 54;
UPDATE public.posts SET last_edited_by_member_id = 88 WHERE id = 55;
UPDATE public.posts SET last_edited_by_member_id = 74 WHERE id = 56;
UPDATE public.posts SET last_edited_by_member_id = 80 WHERE id = 57;
UPDATE public.posts SET last_edited_by_member_id = 85 WHERE id = 58;
UPDATE public.posts SET last_edited_by_member_id = 65 WHERE id = 59;
UPDATE public.posts SET last_edited_by_member_id = 82 WHERE id = 60;
UPDATE public.posts SET last_edited_by_member_id = 66 WHERE id = 61;
UPDATE public.posts SET last_edited_by_member_id = 77 WHERE id = 62;
UPDATE public.posts SET last_edited_by_member_id = 89 WHERE id = 63;
UPDATE public.posts SET last_edited_by_member_id = 94 WHERE id = 64;
UPDATE public.posts SET last_edited_by_member_id = 65 WHERE id = 65;
UPDATE public.posts SET last_edited_by_member_id = 65 WHERE id = 66;
UPDATE public.posts SET last_edited_by_member_id = 68 WHERE id = 67;
UPDATE public.posts SET last_edited_by_member_id = 65 WHERE id = 68;
UPDATE public.posts SET last_edited_by_member_id = 80 WHERE id = 69;
UPDATE public.posts SET last_edited_by_member_id = 62 WHERE id = 70;
UPDATE public.posts SET last_edited_by_member_id = 82 WHERE id = 71;
UPDATE public.posts SET last_edited_by_member_id = 68 WHERE id = 72;
SELECT setval('"public"."posts_id_seq"'::regclass, (SELECT MAX("id") FROM "public"."posts"));
INSERT INTO public.comments (id,parent_post_id,content,created_at,updated_at,parent_comment_id,author_member_id,likes) VALUES (211, NULL, 'Who else is planning on reading the next book in the series? ', DEFAULT, DEFAULT, NULL, 94, 7), (212, NULL, 'I''m so excited to discuss the themes of love in this book! ', DEFAULT, DEFAULT, NULL, 98, 0), (213, NULL, 'Does anyone have any favorite fan fiction recommendations for this series? ', DEFAULT, DEFAULT, NULL, 97, 5), (214, NULL, 'I didn''t like the main character''s motivations, but the plot was engaging... ', DEFAULT, DEFAULT, NULL, 78, 8), (215, NULL, 'Does anyone know if the author is planning on writing a spin-off series? ', DEFAULT, DEFAULT, NULL, 97, 7), (216, NULL, 'I''m still trying to figure out the symbolism behind the book''s cover art... ', DEFAULT, DEFAULT, NULL, 72, 3), (217, NULL, 'I loved the way the characters developed throughout the book! ', DEFAULT, DEFAULT, NULL, 65, 0), (218, NULL, 'I''m still trying to wrap my head around the plot twist... anyone else feeling confused? ', DEFAULT, DEFAULT, NULL, 81, 3), (219, NULL, 'Check out this amazing book-inspired art I found: https://www.deviantart.com/... ', DEFAULT, DEFAULT, NULL, 63, 1), (220, NULL, 'Who else is planning on attending the author''s book tour? ', DEFAULT, DEFAULT, NULL, 84, 7), (221, NULL, 'I loved the way the author explored the theme of power in this book! ', DEFAULT, DEFAULT, NULL, 69, 6), (222, NULL, 'Does anyone have any favorite fan fiction recommendations for this series? ', DEFAULT, DEFAULT, NULL, 75, 2), (223, NULL, 'Does anyone know if the author is planning on writing a companion novel? ', DEFAULT, DEFAULT, NULL, 76, 2), (224, NULL, 'I just wanted to share my thoughts on the themes presented in chapter 5... ', DEFAULT, DEFAULT, NULL, 73, 7), (225, NULL, 'Check out this amazing book-inspired art I found: https://www.deviantart.com/... ', DEFAULT, DEFAULT, NULL, 63, 0), (226, NULL, 'Who else is planning on attending the author''s book tour? ', DEFAULT, DEFAULT, NULL, 76, 1), (227, NULL, 'I''m still trying to wrap my head around the world-building in this book... ', DEFAULT, DEFAULT, NULL, 94, 1), (228, NULL, 'I loved the way the author explored the theme of power in this book! ', DEFAULT, DEFAULT, NULL, 80, 1), (229, NULL, 'I just wanted to share a related article I found: https://www.example.com', DEFAULT, DEFAULT, NULL, 60, 9), (230, NULL, 'I''m still trying to figure out the symbolism behind the book''s cover art... ', DEFAULT, DEFAULT, NULL, 68, 6), (231, NULL, 'I''m so excited to discuss the themes of morality in this book! ', DEFAULT, DEFAULT, NULL, 81, 3), (232, NULL, 'Who else is planning on reading the next book in the series? ', DEFAULT, DEFAULT, NULL, 95, 0), (233, NULL, 'Who else is planning on attending the book festival next month? ', DEFAULT, DEFAULT, NULL, 72, 3), (234, NULL, 'I didn''t like the pacing of the book, but the characters were great... ', DEFAULT, DEFAULT, NULL, 88, 3), (235, NULL, 'I''m still trying to process the themes of trauma in this book... ', DEFAULT, DEFAULT, NULL, 94, 0), (236, NULL, 'Does anyone have any favorite quotes from the book? ', DEFAULT, DEFAULT, NULL, 68, 3), (237, NULL, 'Who else is planning on attending the book signing event? ', DEFAULT, DEFAULT, NULL, 88, 1), (238, NULL, 'I''m so frustrated with the love triangle in this book... ', DEFAULT, DEFAULT, NULL, 80, 2), (239, NULL, 'Does anyone have any theories about the author''s inspiration for this series? ', DEFAULT, DEFAULT, NULL, 63, 3), (240, NULL, 'Who else is planning on attending the book festival next month? ', DEFAULT, DEFAULT, NULL, 91, 2), (241, NULL, 'I loved the way the author explored the theme of power in this book! ', DEFAULT, DEFAULT, NULL, 96, 1), (242, NULL, 'I just wanted to share my thoughts on the themes presented in chapter 5... ', DEFAULT, DEFAULT, NULL, 91, 3), (243, NULL, 'I''m so excited to discuss the themes of identity in this book! ', DEFAULT, DEFAULT, NULL, 86, 1), (244, NULL, 'Does anyone have any favorite book clubs they''d recommend? ', DEFAULT, DEFAULT, NULL, 72, 4), (245, NULL, 'I didn''t like the pacing of the book, but the characters were great... ', DEFAULT, DEFAULT, NULL, 63, 2), (246, NULL, 'Does anyone know if the author is planning on writing a companion novel? ', DEFAULT, DEFAULT, NULL, 58, 7), (247, NULL, 'I just wanted to share my thoughts on the themes presented in chapter 5... ', DEFAULT, DEFAULT, NULL, 60, 1), (248, NULL, 'I didn''t like the main character''s motivations, but the plot was engaging... ', DEFAULT, DEFAULT, NULL, 86, 9), (249, NULL, 'I didn''t like the pacing of the book, but the characters were great... ', DEFAULT, DEFAULT, NULL, 75, 8), (250, NULL, 'I loved the way the author wrote the characters'' backstories! ', DEFAULT, DEFAULT, NULL, 59, 9), (251, NULL, 'Does anyone have any favorite book clubs they''d recommend? ', DEFAULT, DEFAULT, NULL, 70, 2), (252, NULL, 'Who else is planning on attending the book signing event? ', DEFAULT, DEFAULT, NULL, 74, 6), (253, NULL, 'I''m so excited to discuss the themes of identity in this book! ', DEFAULT, DEFAULT, NULL, 85, 8), (254, NULL, 'I didn''t like the pacing of the book, but the characters were great... ', DEFAULT, DEFAULT, NULL, 66, 1), (255, NULL, 'Who else is planning on attending the author''s book tour? ', DEFAULT, DEFAULT, NULL, 80, 3), (256, NULL, 'I''m still reeling from the plot twist in chapter 7... anyone else feeling shocked? ', DEFAULT, DEFAULT, NULL, 76, 4), (257, NULL, 'I loved the way the author wrote the dialogue in this book! ', DEFAULT, DEFAULT, NULL, 72, 7), (258, NULL, 'I''m still trying to figure out the symbolism behind the book''s cover art... ', DEFAULT, DEFAULT, NULL, 88, 0), (259, NULL, 'I just wanted to say thanks for the great discussion, everyone! ', DEFAULT, DEFAULT, NULL, 85, 8), (260, NULL, 'I didn''t like the ending, but the rest of the book was great... ', DEFAULT, DEFAULT, NULL, 70, 9), (261, NULL, 'Does anyone have any favorite book-inspired music playlists? ', DEFAULT, DEFAULT, NULL, 97, 7), (262, NULL, 'Who else is planning on attending the book festival next month? ', DEFAULT, DEFAULT, NULL, 67, 9), (263, NULL, 'I just wanted to share a related podcast episode I found: https://www.podcast.com/... ', DEFAULT, DEFAULT, NULL, 83, 6), (264, NULL, 'I loved the way the author wrote the characters'' backstories! ', DEFAULT, DEFAULT, NULL, 69, 5), (265, NULL, 'I loved the way the author explored the theme of family in this book! ', DEFAULT, DEFAULT, NULL, 67, 5), (266, NULL, 'Does anyone have any theories about the author''s inspiration for this series? ', DEFAULT, DEFAULT, NULL, 66, 6), (267, NULL, 'I just wanted to share my thoughts on the themes presented in chapter 5... ', DEFAULT, DEFAULT, NULL, 66, 2), (268, NULL, 'I''m still trying to wrap my head around the plot twist... anyone else feeling confused? ', DEFAULT, DEFAULT, NULL, 82, 5), (269, NULL, 'I didn''t like the ending, but the rest of the book was great... ', DEFAULT, DEFAULT, NULL, 79, 9), (270, NULL, 'I loved the way the author wrote the characters'' backstories! ', DEFAULT, DEFAULT, NULL, 73, 3), (271, NULL, 'Who else is planning on attending the author''s book tour? ', DEFAULT, DEFAULT, NULL, 64, 0), (272, NULL, 'Does anyone know if the author is planning on writing a companion novel? ', DEFAULT, DEFAULT, NULL, 61, 3), (273, NULL, 'Does anyone have any favorite book-inspired music playlists? ', DEFAULT, DEFAULT, NULL, 60, 8), (274, NULL, 'I loved the way the characters developed throughout the book! ', DEFAULT, DEFAULT, NULL, 82, 6), (275, NULL, 'I''m still trying to figure out the symbolism behind the book''s title ', DEFAULT, DEFAULT, NULL, 61, 5), (276, NULL, 'I loved the way the author wrote the dialogue in this book! ', DEFAULT, DEFAULT, NULL, 78, 4), (277, NULL, 'Who else is planning on reading the graphic novel adaptation of this series? ', DEFAULT, DEFAULT, NULL, 67, 6), (278, NULL, 'I loved the way the author explored the theme of power in this book! ', DEFAULT, DEFAULT, NULL, 97, 8), (279, NULL, 'Who else is planning on attending the book festival next month? ', DEFAULT, DEFAULT, NULL, 82, 0), (280, NULL, 'Who else is planning on attending the author''s book tour? ', DEFAULT, DEFAULT, NULL, 60, 3), (281, NULL, 'Does anyone know if the author is planning on writing a companion novel? ', DEFAULT, DEFAULT, NULL, 61, 1), (282, NULL, 'I''m still trying to process the themes of trauma in this book... ', DEFAULT, DEFAULT, NULL, 70, 6), (283, NULL, 'Who else is planning on attending the book-to-screen adaptation panel? ', DEFAULT, DEFAULT, NULL, 86, 2), (284, NULL, 'I didn''t like the pacing of the book, but the characters were great... ', DEFAULT, DEFAULT, NULL, 80, 9), (285, NULL, 'I loved the way the author explored the theme of family in this book! ', DEFAULT, DEFAULT, NULL, 86, 2), (286, NULL, 'I didn''t like the ending, but the rest of the book was great... ', DEFAULT, DEFAULT, NULL, 80, 0), (287, NULL, 'Who else is planning on reading the novella companion to this series? ', DEFAULT, DEFAULT, NULL, 97, 3), (288, NULL, 'I loved the way the author wrote the characters'' backstories! ', DEFAULT, DEFAULT, NULL, 98, 1), (289, NULL, 'I''m still trying to process the themes of friendship in this book... ', DEFAULT, DEFAULT, NULL, 72, 0), (290, NULL, 'Who else is excited for the book''s sequel? ', DEFAULT, DEFAULT, NULL, 80, 2), (291, NULL, 'Who else is planning on reading the novella companion to this series? ', DEFAULT, DEFAULT, NULL, 86, 7), (292, NULL, 'Does anyone have any favorite book-inspired music playlists? ', DEFAULT, DEFAULT, NULL, 62, 7), (293, NULL, 'I loved the way the author explored the theme of family in this book! ', DEFAULT, DEFAULT, NULL, 72, 1), (294, NULL, 'I''m still trying to process the themes of friendship in this book... ', DEFAULT, DEFAULT, NULL, 60, 7), (295, NULL, 'Does anyone have any theories about the author''s inspiration for this series? ', DEFAULT, DEFAULT, NULL, 85, 2), (296, NULL, 'Who else is planning on reading the graphic novel adaptation of this series? ', DEFAULT, DEFAULT, NULL, 69, 1), (297, NULL, 'I didn''t like the pacing of the book, but the characters were great... ', DEFAULT, DEFAULT, NULL, 84, 7), (298, NULL, 'I just wanted to say thanks to everyone for the great recommendations! ', DEFAULT, DEFAULT, NULL, 69, 3), (299, NULL, 'Does anyone have any favorite book clubs they''d recommend? ', DEFAULT, DEFAULT, NULL, 63, 7), (300, NULL, 'I''m still reeling from the plot twist in chapter 7... anyone else feeling shocked? ', DEFAULT, DEFAULT, NULL, 60, 0), (301, NULL, 'I loved the diversity in this book! ', DEFAULT, DEFAULT, NULL, 98, 7), (302, NULL, 'I''m still trying to wrap my head around the world-building in this book... ', DEFAULT, DEFAULT, NULL, 85, 8), (303, NULL, 'I loved the way the author wrote the dialogue in this book! ', DEFAULT, DEFAULT, NULL, 87, 5), (304, NULL, 'Who else is planning on reading the next book in the series? ', DEFAULT, DEFAULT, NULL, 69, 6), (305, NULL, 'Does anyone have any favorite quotes from the book? ', DEFAULT, DEFAULT, NULL, 87, 4), (306, NULL, 'I didn''t like the ending, but the rest of the book was great... ', DEFAULT, DEFAULT, NULL, 63, 4), (307, NULL, 'I loved the way the characters developed throughout the book! ', DEFAULT, DEFAULT, NULL, 67, 9), (308, NULL, 'I''m so excited to discuss the themes of love in this book! ', DEFAULT, DEFAULT, NULL, 93, 3), (309, NULL, 'I''m so excited to discuss the themes of morality in this book! ', DEFAULT, DEFAULT, NULL, 89, 1), (310, NULL, 'I just wanted to share a related article I found: https://www.example.com', DEFAULT, DEFAULT, NULL, 82, 6), (311, NULL, 'Check out this amazing book-inspired art I found: https://www.deviantart.com/... ', DEFAULT, DEFAULT, NULL, 62, 3), (312, NULL, 'Who else is planning on attending the book-to-screen adaptation panel? ', DEFAULT, DEFAULT, NULL, 85, 2), (313, NULL, 'I just wanted to say thanks to everyone for the great recommendations! ', DEFAULT, DEFAULT, NULL, 90, 9), (314, NULL, 'Does anyone have any favorite book-inspired music playlists? ', DEFAULT, DEFAULT, NULL, 96, 0), (315, NULL, 'Does anyone know if the author is planning on writing a spin-off series? ', DEFAULT, DEFAULT, NULL, 88, 0), (316, NULL, 'I''m so frustrated with the love triangle in this book... ', DEFAULT, DEFAULT, NULL, 94, 3), (317, NULL, 'I didn''t like the ending, but the rest of the book was great... ', DEFAULT, DEFAULT, NULL, 98, 5), (318, NULL, 'I just wanted to share my thoughts on the themes presented in chapter 5... ', DEFAULT, DEFAULT, NULL, 80, 8), (319, NULL, 'I loved the way the author wrote the dialogue in this book! ', DEFAULT, DEFAULT, NULL, 66, 9), (320, NULL, 'I just wanted to share my thoughts on the themes presented in chapter 10... ', DEFAULT, DEFAULT, NULL, 76, 8), (321, NULL, 'I''m still trying to wrap my head around the world-building in this book... ', DEFAULT, DEFAULT, NULL, 90, 0), (322, NULL, 'Who else is planning on reading the graphic novel adaptation of this series? ', DEFAULT, DEFAULT, NULL, 57, 0), (323, NULL, 'I just wanted to say thanks for the great discussion, everyone! ', DEFAULT, DEFAULT, NULL, 59, 3), (324, NULL, 'I loved the way the author wrote the characters'' backstories! ', DEFAULT, DEFAULT, NULL, 98, 0), (325, NULL, 'Check out this amazing book-inspired art I found: https://www.deviantart.com/... ', DEFAULT, DEFAULT, NULL, 73, 0), (326, NULL, 'Does anyone know when the paperback edition is coming out? ', DEFAULT, DEFAULT, NULL, 85, 0), (327, NULL, 'Does anyone have any favorite book-inspired music playlists? ', DEFAULT, DEFAULT, NULL, 80, 8), (328, NULL, 'Who else is planning on attending the author''s book tour? ', DEFAULT, DEFAULT, NULL, 82, 7), (329, NULL, 'I didn''t like the main character''s motivations, but the plot was engaging... ', DEFAULT, DEFAULT, NULL, 75, 8), (330, NULL, 'I loved the way the characters developed throughout the book! ', DEFAULT, DEFAULT, NULL, 89, 5), (331, NULL, 'I''m still trying to wrap my head around the world-building in this book... ', DEFAULT, DEFAULT, NULL, 68, 6), (332, NULL, 'Who else is excited for the book''s sequel? ', DEFAULT, DEFAULT, NULL, 74, 4), (333, NULL, 'Does anyone have any favorite fan fiction recommendations for this series? ', DEFAULT, DEFAULT, NULL, 78, 2), (334, NULL, 'I just wanted to say thanks to everyone for the great recommendations! ', DEFAULT, DEFAULT, NULL, 72, 8), (335, NULL, 'Who else is planning on reading the graphic novel adaptation of this series? ', DEFAULT, DEFAULT, NULL, 93, 7), (336, NULL, 'I''m so excited to discuss the themes of love in this book! ', DEFAULT, DEFAULT, NULL, 97, 7), (337, NULL, 'I''m still trying to figure out the symbolism behind the book''s title ', DEFAULT, DEFAULT, NULL, 79, 4), (338, NULL, 'Who else is planning on reading the graphic novel adaptation of this series? ', DEFAULT, DEFAULT, NULL, 77, 8), (339, NULL, 'Does anyone know if the author is planning on writing a spin-off series? ', DEFAULT, DEFAULT, NULL, 57, 3), (340, NULL, 'I just wanted to say thanks for the great discussion, everyone! ', DEFAULT, DEFAULT, NULL, 89, 3), (341, NULL, 'I just wanted to say thanks for the great discussion, everyone! ', DEFAULT, DEFAULT, NULL, 96, 6), (342, NULL, 'Who else is planning on attending the book signing event? ', DEFAULT, DEFAULT, NULL, 98, 3), (343, NULL, 'I''m so excited to discuss the themes of morality in this book! ', DEFAULT, DEFAULT, NULL, 59, 8), (344, NULL, 'Who else is planning on reading the novella companion to this series? ', DEFAULT, DEFAULT, NULL, 66, 9), (345, NULL, 'I loved the way the author explored the theme of family in this book! ', DEFAULT, DEFAULT, NULL, 61, 9), (346, NULL, 'Who else is planning on attending the book festival next month? ', DEFAULT, DEFAULT, NULL, 72, 6), (347, NULL, 'Does anyone have any favorite fan fiction recommendations for this series? ', DEFAULT, DEFAULT, NULL, 76, 9), (348, NULL, 'Who else is planning on attending the book-to-screen adaptation panel? ', DEFAULT, DEFAULT, NULL, 58, 7), (349, NULL, 'I''m still trying to wrap my head around the plot twist... anyone else feeling confused? ', DEFAULT, DEFAULT, NULL, 65, 0), (350, NULL, 'Does anyone know if the author is planning on writing a spin-off series? ', DEFAULT, DEFAULT, NULL, 69, 2), (351, NULL, 'Who else is planning on reading the next book in the series? ', DEFAULT, DEFAULT, NULL, 65, 0), (352, NULL, 'I didn''t like the pacing of the book, but the characters were great... ', DEFAULT, DEFAULT, NULL, 59, 9), (353, NULL, 'I just wanted to share my thoughts on the themes presented in chapter 5... ', DEFAULT, DEFAULT, NULL, 83, 8), (354, NULL, 'I didn''t like the main character''s motivations, but the plot was engaging... ', DEFAULT, DEFAULT, NULL, 91, 1);
UPDATE public.comments SET parent_post_id = 71 WHERE id = 211;
UPDATE public.comments SET parent_post_id = 53 WHERE id = 212;
UPDATE public.comments SET parent_post_id = 45 WHERE id = 213;
UPDATE public.comments SET parent_post_id = 63 WHERE id = 214;
UPDATE public.comments SET parent_post_id = 46 WHERE id = 215;
UPDATE public.comments SET parent_post_id = 48 WHERE id = 216;
UPDATE public.comments SET parent_post_id = 72 WHERE id = 217;
UPDATE public.comments SET parent_post_id = 60 WHERE id = 218;
UPDATE public.comments SET parent_post_id = 45 WHERE id = 219;
UPDATE public.comments SET parent_post_id = 50 WHERE id = 220;
UPDATE public.comments SET parent_post_id = 42 WHERE id = 221;
UPDATE public.comments SET parent_post_id = 59 WHERE id = 222;
UPDATE public.comments SET parent_post_id = 51 WHERE id = 223;
UPDATE public.comments SET parent_post_id = 51 WHERE id = 224;
UPDATE public.comments SET parent_post_id = 71 WHERE id = 225;
UPDATE public.comments SET parent_post_id = 69 WHERE id = 226;
UPDATE public.comments SET parent_post_id = 57 WHERE id = 227;
UPDATE public.comments SET parent_post_id = 39 WHERE id = 228;
UPDATE public.comments SET parent_post_id = 63 WHERE id = 229;
UPDATE public.comments SET parent_post_id = 66 WHERE id = 230;
UPDATE public.comments SET parent_post_id = 64 WHERE id = 231;
UPDATE public.comments SET parent_post_id = 50 WHERE id = 232;
UPDATE public.comments SET parent_post_id = 43 WHERE id = 233;
UPDATE public.comments SET parent_post_id = 41 WHERE id = 234;
UPDATE public.comments SET parent_post_id = 50 WHERE id = 235;
UPDATE public.comments SET parent_post_id = 56 WHERE id = 236;
UPDATE public.comments SET parent_post_id = 64 WHERE id = 237;
UPDATE public.comments SET parent_post_id = 66 WHERE id = 238;
UPDATE public.comments SET parent_post_id = 44 WHERE id = 239;
UPDATE public.comments SET parent_post_id = 61 WHERE id = 240;
UPDATE public.comments SET parent_post_id = 45 WHERE id = 241;
UPDATE public.comments SET parent_post_id = 72 WHERE id = 242;
UPDATE public.comments SET parent_post_id = 42 WHERE id = 243;
UPDATE public.comments SET parent_post_id = 66 WHERE id = 244;
UPDATE public.comments SET parent_post_id = 59 WHERE id = 245;
UPDATE public.comments SET parent_post_id = 62 WHERE id = 246;
UPDATE public.comments SET parent_post_id = 37 WHERE id = 247;
UPDATE public.comments SET parent_post_id = 41 WHERE id = 248;
UPDATE public.comments SET parent_post_id = 54 WHERE id = 249;
UPDATE public.comments SET parent_post_id = 44 WHERE id = 250;
UPDATE public.comments SET parent_post_id = 42 WHERE id = 251;
UPDATE public.comments SET parent_post_id = 41 WHERE id = 252;
UPDATE public.comments SET parent_post_id = 62 WHERE id = 253;
UPDATE public.comments SET parent_post_id = 43 WHERE id = 254;
UPDATE public.comments SET parent_post_id = 41 WHERE id = 255;
UPDATE public.comments SET parent_post_id = 48 WHERE id = 256;
UPDATE public.comments SET parent_post_id = 55 WHERE id = 257;
UPDATE public.comments SET parent_post_id = 46 WHERE id = 258;
UPDATE public.comments SET parent_post_id = 38 WHERE id = 259;
UPDATE public.comments SET parent_post_id = 53 WHERE id = 260;
UPDATE public.comments SET parent_post_id = 53 WHERE id = 261;
UPDATE public.comments SET parent_post_id = 62 WHERE id = 262;
UPDATE public.comments SET parent_post_id = 50 WHERE id = 263;
UPDATE public.comments SET parent_post_id = 38 WHERE id = 264;
UPDATE public.comments SET parent_post_id = 63 WHERE id = 265;
UPDATE public.comments SET parent_post_id = 55 WHERE id = 266;
UPDATE public.comments SET parent_post_id = 52 WHERE id = 267;
UPDATE public.comments SET parent_post_id = 56 WHERE id = 268;
UPDATE public.comments SET parent_post_id = 37 WHERE id = 269;
UPDATE public.comments SET parent_post_id = 53 WHERE id = 270;
UPDATE public.comments SET parent_post_id = 56 WHERE id = 271;
UPDATE public.comments SET parent_post_id = 55 WHERE id = 272;
UPDATE public.comments SET parent_post_id = 64 WHERE id = 273;
UPDATE public.comments SET parent_post_id = 38 WHERE id = 274;
UPDATE public.comments SET parent_post_id = 72 WHERE id = 275;
UPDATE public.comments SET parent_post_id = 45 WHERE id = 276;
UPDATE public.comments SET parent_post_id = 59 WHERE id = 277;
UPDATE public.comments SET parent_post_id = 44 WHERE id = 278;
UPDATE public.comments SET parent_post_id = 52 WHERE id = 279;
UPDATE public.comments SET parent_post_id = 51 WHERE id = 280;
UPDATE public.comments SET parent_post_id = 71 WHERE id = 281;
UPDATE public.comments SET parent_post_id = 46 WHERE id = 282;
UPDATE public.comments SET parent_post_id = 49 WHERE id = 283;
UPDATE public.comments SET parent_post_id = 60 WHERE id = 284;
UPDATE public.comments SET parent_post_id = 53 WHERE id = 285;
UPDATE public.comments SET parent_post_id = 51 WHERE id = 286;
UPDATE public.comments SET parent_post_id = 55 WHERE id = 287;
UPDATE public.comments SET parent_post_id = 61 WHERE id = 288;
UPDATE public.comments SET parent_post_id = 49 WHERE id = 289;
UPDATE public.comments SET parent_post_id = 53 WHERE id = 290;
UPDATE public.comments SET parent_post_id = 66 WHERE id = 291;
UPDATE public.comments SET parent_post_id = 53 WHERE id = 292;
UPDATE public.comments SET parent_post_id = 51 WHERE id = 293;
UPDATE public.comments SET parent_post_id = 38 WHERE id = 294;
UPDATE public.comments SET parent_post_id = 58 WHERE id = 295;
UPDATE public.comments SET parent_post_id = 46 WHERE id = 296;
UPDATE public.comments SET parent_post_id = 53 WHERE id = 297;
UPDATE public.comments SET parent_post_id = 47 WHERE id = 298;
UPDATE public.comments SET parent_post_id = 37 WHERE id = 299;
UPDATE public.comments SET parent_post_id = 43 WHERE id = 300;
UPDATE public.comments SET parent_post_id = 59 WHERE id = 301;
UPDATE public.comments SET parent_post_id = 69 WHERE id = 302;
UPDATE public.comments SET parent_post_id = 63 WHERE id = 303;
UPDATE public.comments SET parent_post_id = 59 WHERE id = 304;
UPDATE public.comments SET parent_post_id = 49 WHERE id = 305;
UPDATE public.comments SET parent_post_id = 64 WHERE id = 306;
UPDATE public.comments SET parent_post_id = 41 WHERE id = 307;
UPDATE public.comments SET parent_post_id = 63 WHERE id = 308;
UPDATE public.comments SET parent_post_id = 52 WHERE id = 309;
UPDATE public.comments SET parent_post_id = 49 WHERE id = 310;
UPDATE public.comments SET parent_post_id = 68 WHERE id = 311;
UPDATE public.comments SET parent_post_id = 61 WHERE id = 312;
UPDATE public.comments SET parent_post_id = 37 WHERE id = 313;
UPDATE public.comments SET parent_post_id = 49 WHERE id = 314;
UPDATE public.comments SET parent_post_id = 41 WHERE id = 315;
UPDATE public.comments SET parent_post_id = 52 WHERE id = 316;
UPDATE public.comments SET parent_post_id = 61 WHERE id = 317;
UPDATE public.comments SET parent_post_id = 57 WHERE id = 318;
UPDATE public.comments SET parent_post_id = 40 WHERE id = 319;
UPDATE public.comments SET parent_post_id = 39 WHERE id = 320;
UPDATE public.comments SET parent_post_id = 39 WHERE id = 321;
UPDATE public.comments SET parent_post_id = 49 WHERE id = 322;
UPDATE public.comments SET parent_post_id = 50 WHERE id = 323;
UPDATE public.comments SET parent_post_id = 60 WHERE id = 324;
UPDATE public.comments SET parent_post_id = 47 WHERE id = 325;
UPDATE public.comments SET parent_post_id = 71 WHERE id = 326;
UPDATE public.comments SET parent_post_id = 38 WHERE id = 327;
UPDATE public.comments SET parent_post_id = 64 WHERE id = 328;
UPDATE public.comments SET parent_post_id = 72 WHERE id = 329;
UPDATE public.comments SET parent_post_id = 47 WHERE id = 330;
UPDATE public.comments SET parent_post_id = 37 WHERE id = 331;
UPDATE public.comments SET parent_post_id = 67 WHERE id = 332;
UPDATE public.comments SET parent_post_id = 44 WHERE id = 333;
UPDATE public.comments SET parent_post_id = 67 WHERE id = 334;
UPDATE public.comments SET parent_post_id = 50 WHERE id = 335;
UPDATE public.comments SET parent_post_id = 60 WHERE id = 336;
UPDATE public.comments SET parent_post_id = 38 WHERE id = 337;
UPDATE public.comments SET parent_post_id = 41 WHERE id = 338;
UPDATE public.comments SET parent_post_id = 61 WHERE id = 339;
UPDATE public.comments SET parent_post_id = 58 WHERE id = 340;
UPDATE public.comments SET parent_post_id = 46 WHERE id = 341;
UPDATE public.comments SET parent_post_id = 45 WHERE id = 342;
UPDATE public.comments SET parent_post_id = 68 WHERE id = 343;
UPDATE public.comments SET parent_post_id = 63 WHERE id = 344;
UPDATE public.comments SET parent_post_id = 61 WHERE id = 345;
UPDATE public.comments SET parent_post_id = 66 WHERE id = 346;
UPDATE public.comments SET parent_post_id = 42 WHERE id = 347;
UPDATE public.comments SET parent_post_id = 72 WHERE id = 348;
UPDATE public.comments SET parent_post_id = 71 WHERE id = 349;
UPDATE public.comments SET parent_post_id = 44 WHERE id = 350;
UPDATE public.comments SET parent_post_id = 67 WHERE id = 351;
UPDATE public.comments SET parent_post_id = 66 WHERE id = 352;
UPDATE public.comments SET parent_post_id = 60 WHERE id = 353;
UPDATE public.comments SET parent_post_id = 59 WHERE id = 354;
SELECT setval('"public"."comments_id_seq"'::regclass, (SELECT MAX("id") FROM "public"."comments"));
INSERT INTO public.comments (id,parent_post_id,content,created_at,updated_at,parent_comment_id,author_member_id,likes) VALUES (355, NULL, 'I''m still reeling from the plot twist in chapter 7... anyone else feeling shocked? ', DEFAULT, DEFAULT, NULL, 68, 5), (356, NULL, 'I''m still trying to wrap my head around the world-building in this book... ', DEFAULT, DEFAULT, NULL, 93, 6), (357, NULL, 'I didn''t like the pacing of the book, but the characters were great... ', DEFAULT, DEFAULT, NULL, 78, 1), (358, NULL, 'I didn''t like the pacing of the book, but the characters were great... ', DEFAULT, DEFAULT, NULL, 83, 4), (359, NULL, 'Does anyone have any favorite book-inspired music playlists? ', DEFAULT, DEFAULT, NULL, 75, 8), (360, NULL, 'Who else is planning on attending the book signing event? ', DEFAULT, DEFAULT, NULL, 70, 6), (361, NULL, 'I''m still reeling from the plot twist in chapter 7... anyone else feeling shocked? ', DEFAULT, DEFAULT, NULL, 98, 8), (362, NULL, 'Who else is planning on reading the next book in the series? ', DEFAULT, DEFAULT, NULL, 83, 5), (363, NULL, 'I''m still trying to process the themes of trauma in this book... ', DEFAULT, DEFAULT, NULL, 78, 2), (364, NULL, 'Who else is planning on reading the novella companion to this series? ', DEFAULT, DEFAULT, NULL, 92, 0), (365, NULL, 'I didn''t like the pacing of the book, but the characters were great... ', DEFAULT, DEFAULT, NULL, 96, 7), (366, NULL, 'I just wanted to share a related podcast episode I found: https://www.podcast.com/... ', DEFAULT, DEFAULT, NULL, 77, 1), (367, NULL, 'Does anyone have any theories about the author''s inspiration for this series? ', DEFAULT, DEFAULT, NULL, 92, 5), (368, NULL, 'I''m so excited to discuss the themes of identity in this book! ', DEFAULT, DEFAULT, NULL, 70, 8), (369, NULL, 'I didn''t like the ending, but the rest of the book was great... ', DEFAULT, DEFAULT, NULL, 97, 9), (370, NULL, 'I loved the way the author wrote the characters'' backstories! ', DEFAULT, DEFAULT, NULL, 77, 9), (371, NULL, 'I''m still trying to wrap my head around the world-building in this book... ', DEFAULT, DEFAULT, NULL, 92, 8), (372, NULL, 'I''m still trying to wrap my head around the world-building in this book... ', DEFAULT, DEFAULT, NULL, 81, 1), (373, NULL, 'I loved the way the author wrote the dialogue in this book! ', DEFAULT, DEFAULT, NULL, 72, 9), (374, NULL, 'Does anyone have any favorite quotes from the book? ', DEFAULT, DEFAULT, NULL, 77, 9), (375, NULL, 'I just wanted to say thanks for the great discussion, everyone! ', DEFAULT, DEFAULT, NULL, 78, 3), (376, NULL, 'I''m still trying to wrap my head around the world-building in this book... ', DEFAULT, DEFAULT, NULL, 85, 4), (377, NULL, 'I didn''t like the pacing of the book, but the characters were great... ', DEFAULT, DEFAULT, NULL, 95, 7), (378, NULL, 'I''m still trying to figure out the symbolism behind the book''s title ', DEFAULT, DEFAULT, NULL, 64, 8), (379, NULL, 'I didn''t like the main character''s motivations, but the plot was engaging... ', DEFAULT, DEFAULT, NULL, 77, 8), (380, NULL, 'Does anyone know if the author is planning on writing a companion novel? ', DEFAULT, DEFAULT, NULL, 90, 2), (381, NULL, 'I didn''t like the ending, but the rest of the book was great... ', DEFAULT, DEFAULT, NULL, 90, 0), (382, NULL, 'I didn''t like the pacing of the book, but the characters were great... ', DEFAULT, DEFAULT, NULL, 85, 5), (383, NULL, 'Does anyone have any favorite quotes from the book? ', DEFAULT, DEFAULT, NULL, 58, 3), (384, NULL, 'Who else is planning on reading the novella companion to this series? ', DEFAULT, DEFAULT, NULL, 95, 1), (385, NULL, 'I''m still trying to wrap my head around the plot twist... anyone else feeling confused? ', DEFAULT, DEFAULT, NULL, 63, 0), (386, NULL, 'I didn''t like the pacing of the book, but the characters were great... ', DEFAULT, DEFAULT, NULL, 88, 9), (387, NULL, 'Who else is planning on reading the graphic novel adaptation of this series? ', DEFAULT, DEFAULT, NULL, 72, 1), (388, NULL, 'I loved the way the author explored the theme of family in this book! ', DEFAULT, DEFAULT, NULL, 94, 8), (389, NULL, 'Who else is planning on reading the next book in the series? ', DEFAULT, DEFAULT, NULL, 74, 2), (390, NULL, 'I loved the diversity in this book! ', DEFAULT, DEFAULT, NULL, 66, 7), (391, NULL, 'Who else is planning on attending the author''s book tour? ', DEFAULT, DEFAULT, NULL, 66, 6), (392, NULL, 'Who else is planning on attending the author''s book tour? ', DEFAULT, DEFAULT, NULL, 82, 8), (393, NULL, 'Does anyone know if the author is planning on writing a companion novel? ', DEFAULT, DEFAULT, NULL, 95, 0), (394, NULL, 'I just wanted to share a related article I found: https://www.example.com', DEFAULT, DEFAULT, NULL, 93, 4), (395, NULL, 'I''m still trying to figure out the symbolism behind the book''s cover art... ', DEFAULT, DEFAULT, NULL, 66, 3), (396, NULL, 'I''m so excited to discuss the themes of identity in this book! ', DEFAULT, DEFAULT, NULL, 73, 4), (397, NULL, 'I loved the way the author explored the theme of family in this book! ', DEFAULT, DEFAULT, NULL, 71, 2), (398, NULL, 'I loved the way the author explored the theme of power in this book! ', DEFAULT, DEFAULT, NULL, 87, 6), (399, NULL, 'I didn''t like the pacing of the book, but the characters were great... ', DEFAULT, DEFAULT, NULL, 78, 9), (400, NULL, 'I loved the way the author wrote the dialogue in this book! ', DEFAULT, DEFAULT, NULL, 59, 5), (401, NULL, 'I just wanted to share my thoughts on the themes presented in chapter 5... ', DEFAULT, DEFAULT, NULL, 73, 6), (402, NULL, 'Does anyone have any favorite book clubs they''d recommend? ', DEFAULT, DEFAULT, NULL, 97, 2), (403, NULL, 'I didn''t like the main character''s motivations, but the plot was engaging... ', DEFAULT, DEFAULT, NULL, 96, 9), (404, NULL, 'Who else is planning on attending the book-to-screen adaptation panel? ', DEFAULT, DEFAULT, NULL, 94, 2), (405, NULL, 'I just wanted to share my thoughts on the themes presented in chapter 5... ', DEFAULT, DEFAULT, NULL, 74, 7), (406, NULL, 'I loved the way the author explored the theme of power in this book! ', DEFAULT, DEFAULT, NULL, 75, 5), (407, NULL, 'I loved the way the author wrote the dialogue in this book! ', DEFAULT, DEFAULT, NULL, 73, 8), (408, NULL, 'Who else is planning on attending the book festival next month? ', DEFAULT, DEFAULT, NULL, 84, 3), (409, NULL, 'Who else is planning on reading the novella companion to this series? ', DEFAULT, DEFAULT, NULL, 73, 3), (410, NULL, 'Check out this amazing book-inspired art I found: https://www.deviantart.com/... ', DEFAULT, DEFAULT, NULL, 84, 6), (411, NULL, 'I loved the way the author explored the theme of power in this book! ', DEFAULT, DEFAULT, NULL, 72, 5), (412, NULL, 'I''m so excited to discuss the themes of love in this book! ', DEFAULT, DEFAULT, NULL, 82, 4), (413, NULL, 'I''m still trying to wrap my head around the world-building in this book... ', DEFAULT, DEFAULT, NULL, 63, 4), (414, NULL, 'I just wanted to share a related podcast episode I found: https://www.podcast.com/... ', DEFAULT, DEFAULT, NULL, 75, 0), (415, NULL, 'Who else is planning on reading the next book in the series? ', DEFAULT, DEFAULT, NULL, 95, 2), (416, NULL, 'I just wanted to share my thoughts on the themes presented in chapter 10... ', DEFAULT, DEFAULT, NULL, 73, 9), (417, NULL, 'Does anyone have any favorite quotes from the book? ', DEFAULT, DEFAULT, NULL, 91, 4), (418, NULL, 'I''m still trying to process the themes of trauma in this book... ', DEFAULT, DEFAULT, NULL, 89, 3), (419, NULL, 'I just wanted to share my thoughts on the themes presented in chapter 10... ', DEFAULT, DEFAULT, NULL, 95, 1), (420, NULL, 'I''m still trying to wrap my head around the plot twist... anyone else feeling confused? ', DEFAULT, DEFAULT, NULL, 86, 4);
UPDATE public.comments SET parent_post_id = 39, parent_comment_id = 253 WHERE id = 355;
UPDATE public.comments SET parent_post_id = 72, parent_comment_id = 294 WHERE id = 356;
UPDATE public.comments SET parent_post_id = 47, parent_comment_id = 271 WHERE id = 357;
UPDATE public.comments SET parent_post_id = 45, parent_comment_id = 339 WHERE id = 358;
UPDATE public.comments SET parent_post_id = 59, parent_comment_id = 253 WHERE id = 359;
UPDATE public.comments SET parent_post_id = 37, parent_comment_id = 311 WHERE id = 360;
UPDATE public.comments SET parent_post_id = 55, parent_comment_id = 276 WHERE id = 361;
UPDATE public.comments SET parent_post_id = 53, parent_comment_id = 218 WHERE id = 362;
UPDATE public.comments SET parent_post_id = 55, parent_comment_id = 244 WHERE id = 363;
UPDATE public.comments SET parent_post_id = 70, parent_comment_id = 260 WHERE id = 364;
UPDATE public.comments SET parent_post_id = 45, parent_comment_id = 333 WHERE id = 365;
UPDATE public.comments SET parent_post_id = 49, parent_comment_id = 311 WHERE id = 366;
UPDATE public.comments SET parent_post_id = 58, parent_comment_id = 306 WHERE id = 367;
UPDATE public.comments SET parent_post_id = 50, parent_comment_id = 237 WHERE id = 368;
UPDATE public.comments SET parent_post_id = 47, parent_comment_id = 295 WHERE id = 369;
UPDATE public.comments SET parent_post_id = 50, parent_comment_id = 235 WHERE id = 370;
UPDATE public.comments SET parent_post_id = 63, parent_comment_id = 257 WHERE id = 371;
UPDATE public.comments SET parent_post_id = 53, parent_comment_id = 326 WHERE id = 372;
UPDATE public.comments SET parent_post_id = 65, parent_comment_id = 339 WHERE id = 373;
UPDATE public.comments SET parent_post_id = 47, parent_comment_id = 308 WHERE id = 374;
UPDATE public.comments SET parent_post_id = 55, parent_comment_id = 349 WHERE id = 375;
UPDATE public.comments SET parent_post_id = 42, parent_comment_id = 254 WHERE id = 376;
UPDATE public.comments SET parent_post_id = 68, parent_comment_id = 222 WHERE id = 377;
UPDATE public.comments SET parent_post_id = 56, parent_comment_id = 323 WHERE id = 378;
UPDATE public.comments SET parent_post_id = 43, parent_comment_id = 213 WHERE id = 379;
UPDATE public.comments SET parent_post_id = 67, parent_comment_id = 340 WHERE id = 380;
UPDATE public.comments SET parent_post_id = 48, parent_comment_id = 265 WHERE id = 381;
UPDATE public.comments SET parent_post_id = 70, parent_comment_id = 310 WHERE id = 382;
UPDATE public.comments SET parent_post_id = 39, parent_comment_id = 291 WHERE id = 383;
UPDATE public.comments SET parent_post_id = 56, parent_comment_id = 298 WHERE id = 384;
UPDATE public.comments SET parent_post_id = 41, parent_comment_id = 269 WHERE id = 385;
UPDATE public.comments SET parent_post_id = 60, parent_comment_id = 284 WHERE id = 386;
UPDATE public.comments SET parent_post_id = 39, parent_comment_id = 220 WHERE id = 387;
UPDATE public.comments SET parent_post_id = 49, parent_comment_id = 278 WHERE id = 388;
UPDATE public.comments SET parent_post_id = 39, parent_comment_id = 327 WHERE id = 389;
UPDATE public.comments SET parent_post_id = 68, parent_comment_id = 270 WHERE id = 390;
UPDATE public.comments SET parent_post_id = 56, parent_comment_id = 249 WHERE id = 391;
UPDATE public.comments SET parent_post_id = 66, parent_comment_id = 340 WHERE id = 392;
UPDATE public.comments SET parent_post_id = 48, parent_comment_id = 232 WHERE id = 393;
UPDATE public.comments SET parent_post_id = 43, parent_comment_id = 344 WHERE id = 394;
UPDATE public.comments SET parent_post_id = 52, parent_comment_id = 226 WHERE id = 395;
UPDATE public.comments SET parent_post_id = 56, parent_comment_id = 291 WHERE id = 396;
UPDATE public.comments SET parent_post_id = 56, parent_comment_id = 225 WHERE id = 397;
UPDATE public.comments SET parent_post_id = 63, parent_comment_id = 297 WHERE id = 398;
UPDATE public.comments SET parent_post_id = 72, parent_comment_id = 298 WHERE id = 399;
UPDATE public.comments SET parent_post_id = 59, parent_comment_id = 277 WHERE id = 400;
UPDATE public.comments SET parent_post_id = 60, parent_comment_id = 318 WHERE id = 401;
UPDATE public.comments SET parent_post_id = 71, parent_comment_id = 327 WHERE id = 402;
UPDATE public.comments SET parent_post_id = 54, parent_comment_id = 215 WHERE id = 403;
UPDATE public.comments SET parent_post_id = 37, parent_comment_id = 304 WHERE id = 404;
UPDATE public.comments SET parent_post_id = 40, parent_comment_id = 325 WHERE id = 405;
UPDATE public.comments SET parent_post_id = 58, parent_comment_id = 303 WHERE id = 406;
UPDATE public.comments SET parent_post_id = 41, parent_comment_id = 278 WHERE id = 407;
UPDATE public.comments SET parent_post_id = 58, parent_comment_id = 302 WHERE id = 408;
UPDATE public.comments SET parent_post_id = 67, parent_comment_id = 257 WHERE id = 409;
UPDATE public.comments SET parent_post_id = 52, parent_comment_id = 307 WHERE id = 410;
UPDATE public.comments SET parent_post_id = 72, parent_comment_id = 298 WHERE id = 411;
UPDATE public.comments SET parent_post_id = 63, parent_comment_id = 211 WHERE id = 412;
UPDATE public.comments SET parent_post_id = 67, parent_comment_id = 312 WHERE id = 413;
UPDATE public.comments SET parent_post_id = 38, parent_comment_id = 239 WHERE id = 414;
UPDATE public.comments SET parent_post_id = 69, parent_comment_id = 287 WHERE id = 415;
UPDATE public.comments SET parent_post_id = 59, parent_comment_id = 247 WHERE id = 416;
UPDATE public.comments SET parent_post_id = 38, parent_comment_id = 312 WHERE id = 417;
UPDATE public.comments SET parent_post_id = 54, parent_comment_id = 224 WHERE id = 418;
UPDATE public.comments SET parent_post_id = 42, parent_comment_id = 211 WHERE id = 419;
UPDATE public.comments SET parent_post_id = 37, parent_comment_id = 218 WHERE id = 420;
SELECT setval('"public"."comments_id_seq"'::regclass, (SELECT MAX("id") FROM "public"."comments"));
