INSERT INTO public.books (id,open_library_id,title,description,authors,page_count,cover_image_url,cover_image_width,cover_image_height,created_at) VALUES (41, 'OL7950145M', 'Dangerous Visions', NULL, '{"Harlan Ellison"}', 592, 'https://covers.openlibrary.org/b/id/477258-M.jpg', 180, 268, DEFAULT), (42, 'OL9655772M', 'Childhood''s End', 'Childhood''s End is a 1953 science fiction novel by British author Arthur C. Clarke. The story follows the peaceful alien invasion of Earth by the mysterious Overlords, whose arrival ends all war, helps form a world government, and turns the planet into a near-utopia. Many questions are asked about the origins and mission of the aliens, but they avoid answering, preferring to remain in their ships, governing through indirect rule. Decades later, the Overlords eventually show themselves, and their impact on human culture leads to a Golden Age. However, the last generation of children on Earth begin to display powerful psychic abilities, heralding their evolution into a group mind, a transcendent form of life. ', '{"Arthur C. Clarke"}', 224, 'https://covers.openlibrary.org/b/id/207485-M.jpg', 180, 302, DEFAULT), (43, 'OL25440979M', 'Discourses, Fragments, Handbook', NULL, '{"Epictetus"}', 390, 'https://covers.openlibrary.org/b/id/7275050-M.jpg', 180, 274, DEFAULT), (44, 'OL24211309M', 'JEM', 'The discovery of another habitable world might spell salvation to the three (Food Bloc, Fuel Bloc & People Bloc) bitterly competing power blocs of the war torn & resource-starved 21st century. But when their representatives arrive on Jem, with its three intelligent species, they discover instead the perfect situation into which to export their rivalries. Subtitled, with savage irony, ''The Making of a Utopia'', Jem is one of Frederik Pohl''s most powerful novels.', '{"Frederik Pohl"}', 314, 'https://covers.openlibrary.org/b/id/6522059-M.jpg', 180, 274, DEFAULT), (45, 'OL5725664M', 'Letters from a Stoic', NULL, '{"Seneca the Younger"}', 254, 'https://covers.openlibrary.org/b/id/103759-M.jpg', 180, 275, DEFAULT);
SELECT setval('"public"."books_id_seq"'::regclass, (SELECT MAX("id") FROM "public"."books"));
INSERT INTO public.clubs (id,created_at,name,description,editor_member_id,creator_user_id) VALUES (76, DEFAULT, 'The Reading Room Bookworms', 'Join the Timeless Tales Club for a monthly exploration of classic literature! Meetings are held every 1st and 3rd Thursday of the month.', NULL, NULL), (77, DEFAULT, 'The Fiction Fusion Club', 'The Romance Renegades Club is dedicated to exploring the world of romance novels. Meetings are held every 2nd and 4th Thursday of the month.', NULL, NULL);
INSERT INTO public.readings (id,club_id,book_id,interval_page_length,start_date,is_current,is_finished,join_in_progress,created_at,editor_member_id,creator_member_id) VALUES (125, 76, 45, DEFAULT, '2024-06-03T16:17:57.100Z', DEFAULT, DEFAULT, 'f', DEFAULT, NULL, NULL), (126, 76, 41, DEFAULT, '2024-06-03T16:17:57.100Z', DEFAULT, DEFAULT, 't', DEFAULT, NULL, NULL), (127, 76, 41, DEFAULT, '2024-05-29T16:17:57.100Z', DEFAULT, DEFAULT, 't', DEFAULT, NULL, NULL), (128, 76, 43, DEFAULT, '2024-06-03T16:17:57.100Z', DEFAULT, DEFAULT, 'f', DEFAULT, NULL, NULL), (129, 76, 41, DEFAULT, '2024-05-29T16:17:57.100Z', DEFAULT, DEFAULT, 'f', DEFAULT, NULL, NULL), (130, 77, 45, DEFAULT, '2024-06-03T16:17:57.102Z', DEFAULT, DEFAULT, 't', DEFAULT, NULL, NULL), (131, 77, 44, DEFAULT, '2024-05-29T16:17:57.102Z', DEFAULT, DEFAULT, 't', DEFAULT, NULL, NULL), (132, 77, 42, DEFAULT, '2024-05-29T16:17:57.102Z', DEFAULT, DEFAULT, 't', DEFAULT, NULL, NULL), (133, 77, 42, DEFAULT, '2024-06-03T16:17:57.102Z', DEFAULT, DEFAULT, 'f', DEFAULT, NULL, NULL);
SELECT setval('"public"."clubs_id_seq"'::regclass, (SELECT MAX("id") FROM "public"."clubs"));
SELECT setval('"public"."readings_id_seq"'::regclass, (SELECT MAX("id") FROM "public"."readings"));
INSERT INTO public.club_invite_codes (id,club_id,expiration_date,code,uses,created_at,creator_member_id) VALUES (41, 76, '2020-03-15T14:38:14.000Z', DEFAULT, 3674024, DEFAULT, NULL), (42, 76, '2020-06-26T05:14:10.000Z', DEFAULT, 6883433, DEFAULT, NULL), (43, 76, '2020-01-21T13:00:42.000Z', DEFAULT, 7013921, DEFAULT, NULL), (44, 76, '2020-03-07T14:15:30.000Z', DEFAULT, 12823243, DEFAULT, NULL), (45, 76, '2020-11-07T11:12:06.000Z', DEFAULT, 11450317, DEFAULT, NULL);
SELECT setval('"public"."club_invite_codes_id_seq"'::regclass, (SELECT MAX("id") FROM "public"."club_invite_codes"));
INSERT INTO auth.users (instance_id,id,aud,role,email,encrypted_password,email_confirmed_at,invited_at,confirmation_token,confirmation_sent_at,recovery_token,recovery_sent_at,email_change_token_new,email_change,email_change_sent_at,last_sign_in_at,raw_app_meta_data,raw_user_meta_data,is_super_admin,created_at,updated_at,phone,phone_confirmed_at,phone_change,phone_change_token,phone_change_sent_at,email_change_token_current,email_change_confirm_status,banned_until,reauthentication_token,reauthentication_sent_at,is_sso_user,deleted_at,is_anonymous) VALUES ('732d875a-4eaa-5077-b9e1-bf2f8c42b435', 'd122e410-63ae-5786-88a3-ae221d669cfb', 'user193:ilovecooking', 'ReadingGuideManager', 'Archibald.Lebsack96905@detoxifyoriginality.com', '$2y$10$G7F6E5D4C3B2A1H9J8K7', '2020-07-03T18:29:00.000Z', '2020-02-10T13:50:20.000Z', '1d610d75-6f5e-507d-8699-1f0dc5ffb704', '2020-12-16T11:52:51.000Z', 'c4092957-10bf-5918-a75a-a419bd1aac91', '2020-07-03T07:02:26.000Z', '97bbf796-fa9e-5218-9c52-0e3140a5a0bf', 'true', '2020-10-14T21:37:19.000Z', '2020-08-08T08:00:22.000Z', '{"Am":"Ationem ipsi"}', '{"Isfaciamsi":"Antiam et"}', 'f', '2020-12-24T11:56:29.000Z', '2020-08-08T07:35:54.000Z', DEFAULT, '2020-08-04T07:58:48.000Z', DEFAULT, DEFAULT, '2020-07-27T18:22:18.000Z', DEFAULT, DEFAULT, '2020-10-02T09:39:54.000Z', DEFAULT, '2020-11-23T10:19:00.000Z', DEFAULT, '2020-12-04T12:06:03.000Z', DEFAULT), ('a405c8b1-d1d6-5d1c-863c-6508ab4aab6c', 'a0b714be-fcfb-59d0-b017-a89b18b2db1d', 'user177:ilovecoffee', 'DiscussionForumSupervisor', 'Julian_Friesen14446@coalescebestseller.org', 'PBKDF2$H$9$L9M8K7J6I5H4G3F2E1', '2020-06-14T17:53:14.000Z', '2020-11-07T11:00:41.000Z', '63c5413b-5b15-5767-986a-04eacc706d42', '2020-09-09T20:21:11.000Z', 'ab6a4f14-77d9-506f-82d4-65b92694cd67', '2020-04-08T15:15:15.000Z', '2c2a3d6a-98b1-53d1-8404-4be9899c2277', 'false', '2020-11-15T23:01:30.000Z', '2020-11-19T22:33:37.000Z', '{"Cum":"Multa est concludatque"}', '{"Quod":"Propter conclusione"}', 'f', '2020-05-17T17:05:13.000Z', '2020-01-17T01:00:38.000Z', DEFAULT, '2020-03-07T02:41:51.000Z', DEFAULT, DEFAULT, '2020-01-09T00:32:32.000Z', DEFAULT, DEFAULT, '2020-04-28T03:54:57.000Z', DEFAULT, '2020-11-07T22:32:08.000Z', DEFAULT, '2020-09-05T08:33:21.000Z', DEFAULT), ('6a7943ea-31e0-5ed5-8630-df94ded4c99d', '79213ffa-ed5c-5bf8-8bd2-9471942148de', 'user175:ilovebiking', 'ForumAdministrator', 'Lucinda.Emard13721@bluecure.info', '$2y$10$J5I4H3G2F1E6D5C4B3A2', '2020-01-09T00:45:07.000Z', '2020-04-16T03:25:59.000Z', '016a7cbc-c933-5053-b363-521a43cc5c7d', '2020-01-25T12:39:41.000Z', '4c27088d-d63d-5221-989b-d932a35ecef8', '2020-06-06T17:25:50.000Z', '1120e2d6-65ef-5b61-944c-7872f4965545', 'false', '2020-05-17T04:18:15.000Z', '2020-11-03T10:25:40.000Z', '{"Arum":"Tem affirmiser physici"}', '{"A":"Aliquidae quem"}', 't', '2020-09-01T08:40:59.000Z', '2020-11-03T22:20:18.000Z', DEFAULT, '2020-06-22T17:53:22.000Z', DEFAULT, DEFAULT, '2020-08-08T07:58:03.000Z', DEFAULT, DEFAULT, '2020-08-28T19:37:38.000Z', DEFAULT, '2020-08-20T20:04:32.000Z', DEFAULT, '2020-10-22T09:22:04.000Z', DEFAULT), ('6cf75074-bf6f-5d8a-8c5b-cf1343a87633', '9e74113b-c6e6-53b3-9e83-5e4b7d37f439', 'user162:myfavoriteauthor', 'ReadingGuideSupervisor', 'Earl.Bergstrom60365@scrambleicing.info', '$2b$10$F2E1D6C5B4A3G2H1I9J8', '2020-12-24T11:56:15.000Z', '2020-06-02T05:36:15.000Z', '6dc68779-d292-562f-9e5c-50eecb3bb95f', '2020-08-16T19:35:21.000Z', '3f1900a9-3323-5ec2-bc17-13aad1d88388', '2020-06-14T05:43:41.000Z', 'b8f62108-85be-5c6a-a3fa-2830f9cc467d', 'true', '2020-07-23T06:53:34.000Z', '2020-11-07T10:29:48.000Z', '{"Potes":"Esse posit interis"}', '{"Ent":"Accedis variis"}', 't', '2020-10-02T21:25:41.000Z', '2020-06-26T17:36:32.000Z', DEFAULT, '2020-07-27T18:42:40.000Z', DEFAULT, DEFAULT, '2020-06-02T17:32:53.000Z', DEFAULT, DEFAULT, '2020-01-17T00:58:11.000Z', DEFAULT, '2020-06-02T06:04:55.000Z', DEFAULT, '2020-12-20T11:42:26.000Z', DEFAULT), ('80b4da62-1a18-550b-939f-fa540cd12ac5', '46f615a5-498d-58d7-8d5b-6189dabbd0cd', 'user187:ilovebasketball', 'ContentValidatorManager', 'Jamel.Douglas52145@delectable-cellar.org', 'PBKDF2$H$9$N9M8L7K6J5I4H3G2', '2020-09-05T09:04:42.000Z', '2020-02-18T13:48:57.000Z', '7c696ea1-e461-5f9b-8f1b-cd4edd90b0fa', '2020-11-07T22:58:28.000Z', '7f456938-7994-53bf-873e-d38e911767b2', '2020-05-01T16:31:17.000Z', '1d870ff3-f77e-566f-bded-8f54c18a3aa0', 'true', '2020-04-28T15:59:51.000Z', '2020-08-16T19:56:47.000Z', '{"Directu":"Aliquidem ex"}', '{"Itaque":"Animi inquit"}', 't', '2020-06-06T17:50:39.000Z', '2020-12-28T23:14:15.000Z', DEFAULT, '2020-05-21T04:25:54.000Z', DEFAULT, DEFAULT, '2020-09-01T08:46:21.000Z', DEFAULT, DEFAULT, '2020-11-27T10:46:12.000Z', DEFAULT, '2020-08-04T07:35:23.000Z', DEFAULT, '2020-12-28T11:43:37.000Z', DEFAULT), ('c1209851-0ba4-5b3e-9fc5-830b98bcdd4f', '98b2d7e1-2abf-5729-8c26-2dcf16c7c952', 'user186:myfavoritecity', 'BookClubSupervisor', 'Erica.Morissette59206@dangerous-passage.org', '$2y$10$J7I6H5G4F3E2D1C6B5A4', '2020-12-08T23:49:14.000Z', '2020-10-06T22:00:14.000Z', '4129f9a8-87ad-5036-ad2d-699e423749c6', '2020-01-09T12:27:46.000Z', 'ef476e5c-55f7-554f-b4fe-10a9f7bb0c54', '2020-07-07T18:21:02.000Z', 'd9e5dea7-7621-5022-aed8-a7ebdcf3d8be', 'false', '2020-05-01T17:00:31.000Z', '2020-10-02T21:37:28.000Z', '{"Contra":"Vestra postremum in"}', '{"Idis":"Habet et"}', 't', '2020-03-15T02:17:37.000Z', '2020-04-24T15:59:33.000Z', DEFAULT, '2020-08-20T20:10:22.000Z', DEFAULT, DEFAULT, '2020-12-20T23:48:44.000Z', DEFAULT, DEFAULT, '2020-10-06T22:08:59.000Z', DEFAULT, '2020-07-07T06:31:17.000Z', DEFAULT, '2020-10-22T09:44:12.000Z', DEFAULT), ('9bcff9ad-5a39-5aa8-baf5-5820483f6e1a', '8e180b50-9adf-59f5-a266-68adbaec9cb0', 'user191:ilovehiking', 'BookSuggestionCurator', 'Arvilla.Schmitt75857@bed-satin.biz', '$2b$11$E2D1C6B5A4H3G2F1E6D5', '2020-09-21T09:12:05.000Z', '2020-08-20T07:14:12.000Z', '14ea3389-47b6-58e2-8dab-48ef4394d247', '2020-06-22T05:33:26.000Z', '8127a32e-c7ff-5b51-b9f3-ec52c4a11bca', '2020-04-12T15:45:29.000Z', 'a5761770-ae7d-5dc0-8b76-ddb9519f5c54', 'true', '2020-10-10T09:34:33.000Z', '2020-10-06T09:58:29.000Z', '{"Concur":"Quam pondeniquem"}', '{"Studia":"Ut memorum"}', 't', '2020-01-21T00:58:22.000Z', '2020-10-02T22:01:41.000Z', DEFAULT, '2020-02-18T13:16:20.000Z', DEFAULT, DEFAULT, '2020-11-19T10:44:48.000Z', DEFAULT, DEFAULT, '2020-06-22T17:55:21.000Z', DEFAULT, '2020-05-01T04:13:20.000Z', DEFAULT, '2020-04-20T16:06:01.000Z', DEFAULT), ('8bee2d60-f6e2-5402-9f64-a07a1156a6b4', 'd6edd669-7156-56a9-8b67-a85a08ae9973', 'user200:myfavoritepoem', 'ClubModeratorManager', 'Natalie_Runolfsdottir43922@addlecappelletti.info', '$2b$11$E7F6G5H4I3J2K1L9M8N7', '2020-07-11T06:26:55.000Z', '2020-05-25T16:36:13.000Z', 'f03dc7de-66a0-51f2-8bbd-f28a332d08fe', '2020-08-04T19:55:59.000Z', 'c7a7b062-5e37-5f1e-ae1f-cf55261bf684', '2020-09-25T20:26:28.000Z', 'aeb9ae22-edbe-5bf1-b508-c0ccdda9788e', 'true', '2020-09-01T20:15:35.000Z', '2020-09-25T08:44:32.000Z', '{"Inescenset":"Recorum es"}', '{"Quando":"Eae bene expeten"}', 't', '2020-06-26T17:13:42.000Z', '2020-05-01T16:29:24.000Z', DEFAULT, '2020-06-14T05:21:12.000Z', DEFAULT, DEFAULT, '2020-12-16T11:16:51.000Z', DEFAULT, DEFAULT, '2020-02-26T13:11:20.000Z', DEFAULT, '2020-09-05T08:39:11.000Z', DEFAULT, '2020-08-08T07:56:59.000Z', DEFAULT), ('ced9e154-1e20-5e17-b875-c7621d6aa7de', '765fe8b2-13e2-5096-974d-d2e5c29f761e', 'user194:myfavoritegame', 'ClubCoOwnerManager', 'Edwina.McDermott28265@mushycompetition.com', 'PBKDF2$H$9$L7K6M5N4O3P2R1Q', '2020-05-01T04:55:03.000Z', '2020-08-16T19:19:16.000Z', '67cd21c6-ea7a-5b62-9e64-6b6a69b57880', '2020-02-18T01:16:27.000Z', '61259985-c983-5d6e-8a1d-cfb2568e41f6', '2020-03-23T14:45:08.000Z', 'e65527fa-3843-53b0-98ed-d4f91f11efb3', 'true', '2020-04-28T15:18:08.000Z', '2020-05-25T04:33:25.000Z', '{"Anda":"Tum solem sunt"}', '{"Hoc":"Habendum copula exmultos"}', 't', '2020-03-23T14:36:24.000Z', '2020-08-28T20:05:01.000Z', DEFAULT, '2020-11-07T22:11:09.000Z', DEFAULT, DEFAULT, '2020-02-18T13:03:09.000Z', DEFAULT, DEFAULT, '2020-05-01T16:41:10.000Z', DEFAULT, '2020-10-10T21:12:32.000Z', DEFAULT, '2020-07-23T06:58:07.000Z', DEFAULT), ('3fe4cc00-e703-5b81-810a-47b93207a161', '124f5930-c34e-5c25-bb3a-0dd5af545915', 'user183:ilovehorses', 'ContentEditorManager', 'Corbin.Keebler1214@tarnish-running.biz', 'PBKDF2$H$9$L9M8K7J6I5H4G3F2E1', '2020-07-07T06:16:22.000Z', '2020-05-13T16:18:25.000Z', 'c8eb5ef8-810d-5303-ad29-6760939223fd', '2020-10-18T09:27:35.000Z', '529382fe-56c5-5824-b0ae-eeb892033518', '2020-09-21T08:48:05.000Z', '8094f56b-83a9-57c1-95b3-f97e34f00e6a', 'true', '2020-11-19T22:48:59.000Z', '2020-12-25T00:11:38.000Z', '{"Ne":"Idissimus hoc"}', '{"Praetere":"Quasi restatem"}', 'f', '2020-06-06T17:42:30.000Z', '2020-11-07T10:27:07.000Z', DEFAULT, '2020-02-26T13:40:41.000Z', DEFAULT, DEFAULT, '2020-10-22T21:45:57.000Z', DEFAULT, DEFAULT, '2020-09-09T08:23:11.000Z', DEFAULT, '2020-02-22T01:42:29.000Z', DEFAULT, '2020-02-18T01:16:40.000Z', DEFAULT), ('8a9eba2f-d97d-582a-952d-03d6d0005199', '3185812e-f74c-5896-ac7b-10e3dc27bdce', 'user176:myfavoritecomic', 'BookDiscussionSupervisor', 'Eldon.Grimes65551@underspendteammate.org', '$2b$11$F1E2D3C4B5A6G7H8I9J8', '2020-03-11T02:27:56.000Z', '2020-04-20T15:10:33.000Z', '6c8b91d9-6fd6-5496-a2c0-aac45f8e31d5', '2020-08-16T20:02:50.000Z', 'ba989826-94b7-5017-8d26-009b5c4c1672', '2020-01-17T00:12:03.000Z', '32ea6d13-7f45-5006-b83c-987a298a2856', 'false', '2020-02-18T13:06:04.000Z', '2020-12-08T11:50:37.000Z', '{"Qui":"Atu hosti"}', '{"Serit":"Hominquit perfeci curios"}', 't', '2020-06-18T17:50:30.000Z', '2020-11-07T10:59:44.000Z', DEFAULT, '2020-09-09T20:24:00.000Z', DEFAULT, DEFAULT, '2020-02-18T13:34:58.000Z', DEFAULT, DEFAULT, '2020-02-02T01:32:08.000Z', DEFAULT, '2020-03-03T02:29:12.000Z', DEFAULT, '2020-08-08T19:16:48.000Z', DEFAULT), ('fed4db0a-6bcb-5b5a-a94a-43f8143651f3', 'c1e6fb7b-4ee9-5a71-b528-26ed40f3bd30', 'user175:ilovebiking', 'CommunityHelperManager', 'Assunta_DuBuque70409@unusualmeringue.org', '$2a$10$D3E2F4G5H6I7J8K9L8M', '2020-08-24T08:11:36.000Z', '2020-07-11T06:47:04.000Z', '97b047eb-e60d-50f0-bc40-c921b8d359a1', '2020-12-08T11:26:37.000Z', '0f68e675-6c7b-524a-8257-c4cae7fc8143', '2020-02-02T13:52:11.000Z', '17f051a8-c545-5a21-b360-d5c02870ba4b', 'true', '2020-12-04T23:17:07.000Z', '2020-05-21T16:25:47.000Z', '{"Ilis":"Et dolorest"}', '{"Ad":"Forte simi ut"}', 'f', '2020-10-18T09:22:21.000Z', '2020-01-21T00:40:39.000Z', DEFAULT, '2020-01-25T01:04:09.000Z', DEFAULT, DEFAULT, '2020-02-26T13:24:02.000Z', DEFAULT, DEFAULT, '2020-12-04T23:37:16.000Z', DEFAULT, '2020-02-14T01:27:55.000Z', DEFAULT, '2020-12-28T23:24:03.000Z', DEFAULT), ('5cb0aa48-4e1d-5d31-bc14-462ca4eb5166', '4bf2f190-0c87-543d-86d4-17ebe269acb9', 'user161:ilovereading', 'BookClubSupportSupervisor', 'Hellen_Glover83754@querulousfence.info', '$2y$10$G6F5E4D3C2B1A6G7H8I9J', '2020-11-03T22:22:24.000Z', '2020-09-25T08:20:52.000Z', '158b8726-d57c-56f6-9a31-3cdd23d1f2ac', '2020-04-04T03:19:43.000Z', '6973bfc8-100d-56a4-adba-c12a0bdc92c3', '2020-01-13T13:02:33.000Z', '962f0eee-a457-5125-8de1-f8dfa90394ed', 'true', '2020-03-03T15:01:28.000Z', '2020-01-05T12:37:07.000Z', '{"Et":"Tenta ata"}', '{"Etur":"De iisque"}', 'f', '2020-06-22T17:06:52.000Z', '2020-11-27T22:46:13.000Z', DEFAULT, '2020-09-13T08:19:17.000Z', DEFAULT, DEFAULT, '2020-08-24T20:00:52.000Z', DEFAULT, DEFAULT, '2020-06-22T17:28:33.000Z', DEFAULT, '2020-03-03T02:43:17.000Z', DEFAULT, '2020-02-22T13:40:23.000Z', DEFAULT), ('951f236d-8064-5e80-80ca-d44822fcab62', '55cc00be-1fa5-5347-8ffe-b309fe74b172', 'user177:ilovecoffee', 'LiteraryResearchManager', 'Justina.Pagac86306@querulouswording.org', '$2y$10$G5F4E3D2C1B6A5F4G3H2', '2020-08-16T19:37:19.000Z', '2020-01-21T00:06:52.000Z', '24602704-3746-58f9-817d-a7821a33f40a', '2020-09-01T20:14:11.000Z', 'eba0d855-98ce-5da6-97c3-e804191f191d', '2020-11-15T10:41:00.000Z', '8ff65eb9-5e80-583d-9b89-9796db75e3d1', 'true', '2020-04-04T15:29:24.000Z', '2020-05-01T17:02:02.000Z', '{"Am":"Si non"}', '{"Omneminsid":"Potes alii cum"}', 'f', '2020-09-01T20:50:53.000Z', '2020-08-16T07:15:53.000Z', DEFAULT, '2020-01-25T12:21:58.000Z', DEFAULT, DEFAULT, '2020-04-12T15:14:58.000Z', DEFAULT, DEFAULT, '2020-11-15T10:59:03.000Z', DEFAULT, '2020-12-20T12:13:33.000Z', DEFAULT, '2020-07-19T18:58:23.000Z', DEFAULT), ('3712f10d-c479-52fb-84bc-4e3b8d1a256d', '47c23d57-38bd-5cc2-8651-b009a1f42806', 'user170:myfavoriteperfume', 'BookClubSupportManager', 'Amara.Jaskolski93505@leveragepotato.info', '$2a$10$Q8R9T7Y6U5I4H3G2F1E', '2020-04-12T03:28:56.000Z', '2020-12-08T12:07:17.000Z', 'ecbd6955-7d87-5153-8464-5c4513109eff', '2020-05-05T04:52:11.000Z', 'c60ca96f-866c-55b0-8531-a3d1d1a17724', '2020-08-08T19:37:53.000Z', '140e2148-4243-588a-9bee-40fac262cd6d', 'false', '2020-02-18T01:20:38.000Z', '2020-08-28T19:43:20.000Z', '{"Odere":"Instructus indoctis vult"}', '{"Aut":"Numquam est"}', 'f', '2020-07-23T06:47:30.000Z', '2020-08-24T20:06:56.000Z', DEFAULT, '2020-03-03T14:40:29.000Z', DEFAULT, DEFAULT, '2020-10-02T09:46:25.000Z', DEFAULT, DEFAULT, '2020-10-02T09:36:38.000Z', DEFAULT, '2020-06-14T17:53:21.000Z', DEFAULT, '2020-06-10T05:33:49.000Z', DEFAULT), ('2546333a-0d06-51cd-b494-e803e8d9fc39', 'fbc9220b-02e7-5fc4-b019-12db4590df9b', 'user179:iloveyoga', 'BookClubCurator', 'Henderson_Swift64434@uniformfit.org', '$2a$10$D6E5F4G3H2I1J9K8L7M', '2020-02-02T13:24:06.000Z', '2020-04-08T15:54:17.000Z', '29b370e9-ac02-5ebb-86f1-e037923c5bff', '2020-02-22T01:18:22.000Z', '7fdd5f78-6ad1-53e2-a352-f1f2850313ec', '2020-08-12T07:47:23.000Z', 'ce1a4ae5-901c-5daa-9e89-dc1c66df8350', 'true', '2020-11-19T10:22:32.000Z', '2020-06-18T17:55:59.000Z', '{"Sit":"Voluptas nat de"}', '{"Disserita":"Quid autem propteristot"}', 'f', '2020-06-02T05:29:44.000Z', '2020-01-13T00:49:29.000Z', DEFAULT, '2020-07-19T06:53:09.000Z', DEFAULT, DEFAULT, '2020-10-02T21:17:53.000Z', DEFAULT, DEFAULT, '2020-06-14T05:14:33.000Z', DEFAULT, '2020-10-02T21:15:26.000Z', DEFAULT, '2020-03-19T02:18:44.000Z', DEFAULT), ('7777b9e0-c80a-5a0a-9c58-ebd235ea0470', '0d203f57-dffc-5774-84a9-2bc0964b9e0f', 'user171:ilovecooking', 'ContentValidatorManager', 'Jayne.Ebert16875@advantage-goldfish.org', '$2b$11$E8F7G6H5I4J3K2L1M9N8', '2020-06-14T18:04:18.000Z', '2020-05-21T04:59:48.000Z', '1020b1e4-bc59-5fc5-a9a8-1ca56b6b2ccb', '2020-03-27T02:45:05.000Z', 'e8f516e4-3594-5541-a80f-4d507d6a97a9', '2020-03-19T02:19:47.000Z', 'cbc91e78-d396-5970-879c-33b4013f1e3f', 'true', '2020-08-04T07:11:50.000Z', '2020-10-02T21:41:46.000Z', '{"Natur":"Ne maiorum"}', '{"Solum":"Endum coniunculpa"}', 'f', '2020-03-23T14:07:02.000Z', '2020-08-12T20:06:09.000Z', DEFAULT, '2020-11-23T10:37:39.000Z', DEFAULT, DEFAULT, '2020-11-23T10:35:25.000Z', DEFAULT, DEFAULT, '2020-06-26T17:56:21.000Z', DEFAULT, '2020-11-27T23:01:56.000Z', DEFAULT, '2020-03-11T14:52:58.000Z', DEFAULT), ('16ea8dcc-b15b-5c7a-a77f-6963a7c39a42', '83405876-35fa-50e4-aad9-f2f3e4cc5c0f', 'user186:myfavoritecity', 'ClubCoOwnerManager', 'Talia_Prosacco68419@acrobatic-wake.org', 'PBKDF2$H$9$N9M8L7K6J5I4H3G2', '2020-02-26T13:23:06.000Z', '2020-11-03T23:07:15.000Z', 'cef28b08-cea4-5abd-bfda-a333bc7b18fd', '2020-07-11T18:17:43.000Z', '12a3e078-421c-5cd2-9dd9-0f44d2a8426f', '2020-11-27T10:39:34.000Z', 'cc7efef3-0cd7-5797-93af-40342ef3869a', 'false', '2020-11-23T10:37:39.000Z', '2020-11-15T10:34:28.000Z', '{"Ut":"Est probam"}', '{"De":"Et eorum gaudem"}', 't', '2020-11-07T10:19:19.000Z', '2020-08-24T07:22:26.000Z', DEFAULT, '2020-12-04T23:36:42.000Z', DEFAULT, DEFAULT, '2020-06-14T17:08:22.000Z', DEFAULT, DEFAULT, '2020-10-14T10:07:29.000Z', DEFAULT, '2020-03-15T02:05:44.000Z', DEFAULT, '2020-08-08T19:24:22.000Z', DEFAULT), ('79cd10df-76b9-59d5-99b5-763802f3f135', '31f46313-391e-5a8c-a736-92eec4a9ba42', 'user188:myfavoriteflower', 'ContentInspectorManager', 'Jakayla.Kutch63016@triumphukulele.net', 'PBKDF2$H$9$N9M8L7K6J5I4H3G2', '2020-06-06T05:55:33.000Z', '2020-12-24T11:12:40.000Z', 'e1c7c9db-f4d9-5731-a2c1-0febd6154ab6', '2020-10-26T09:19:48.000Z', '752cf68b-7c86-57ec-a1bb-244c8df3c198', '2020-03-23T14:36:38.000Z', '15aae165-6f77-507d-bcef-3282d4082ef6', 'true', '2020-11-23T22:37:10.000Z', '2020-09-01T20:58:21.000Z', '{"Perpessio":"Doloribus quadamus"}', '{"Laetit":"Horribilit nis"}', 't', '2020-06-14T05:30:52.000Z', '2020-05-17T04:10:41.000Z', DEFAULT, '2020-01-09T00:40:34.000Z', DEFAULT, DEFAULT, '2020-07-11T06:18:25.000Z', DEFAULT, DEFAULT, '2020-06-22T05:33:12.000Z', DEFAULT, '2020-10-06T22:06:11.000Z', DEFAULT, '2020-04-08T15:22:35.000Z', DEFAULT), ('c93a9336-4bf9-5f76-9455-cacbeae306cf', '4a739175-a270-58f5-ad61-27ddb24949a4', 'user178:myfavoritepoem', 'BookClubSupportSupervisor', 'Jo_Breitenberg97944@plead-dioxide.info', '$2y$10$G9H8I7J6K5L4M3N2B1A5', '2020-12-17T00:04:51.000Z', '2020-06-14T17:25:58.000Z', '713d4dd6-e015-5c54-baf2-11bf012ecc88', '2020-02-06T01:57:29.000Z', '15b0cea2-4c1c-5c96-b6cd-991ac38884e0', '2020-12-24T11:49:51.000Z', '61022211-04e8-57d3-b9b3-939a00f1244e', 'true', '2020-07-07T06:43:38.000Z', '2020-11-27T10:23:23.000Z', '{"Tibus":"Esse multa"}', '{"Si":"Deorsummam suum"}', 't', '2020-12-12T23:11:11.000Z', '2020-12-24T12:01:36.000Z', DEFAULT, '2020-02-14T01:51:27.000Z', DEFAULT, DEFAULT, '2020-08-12T20:03:21.000Z', DEFAULT, DEFAULT, '2020-11-03T23:04:55.000Z', DEFAULT, '2020-09-21T20:55:53.000Z', DEFAULT, '2020-05-13T16:42:40.000Z', DEFAULT), ('33d6bfb1-8138-5370-a5f4-bebc8dc2d53a', 'a540372d-b80a-55a8-b1b2-afb89be356a3', 'user194:myfavoritegame', 'ReadingGuideSupervisor', 'Aleen.Franey81564@previous-seat.com', '$2b$11$E3D2C1B6A5F4G3H2I9J8', '2020-08-28T07:22:22.000Z', '2020-07-23T06:35:51.000Z', 'aa9b3b28-c3c8-509d-8655-b7300ed60e52', '2020-04-08T15:16:18.000Z', '3e58aace-c6c3-521f-b4f9-e1dbfad70264', '2020-07-15T18:33:51.000Z', '1fe78665-d439-5dae-b6d8-916377a805cc', 'true', '2020-12-04T12:12:42.000Z', '2020-10-26T09:49:17.000Z', '{"Aut":"Vitiis aut"}', '{"Ant":"Missimum quasi molest"}', 't', '2020-07-15T18:25:56.000Z', '2020-11-15T10:55:48.000Z', DEFAULT, '2020-05-13T05:07:43.000Z', DEFAULT, DEFAULT, '2020-08-20T07:12:48.000Z', DEFAULT, DEFAULT, '2020-10-06T09:30:53.000Z', DEFAULT, '2020-04-24T03:32:24.000Z', DEFAULT, '2020-09-09T21:05:42.000Z', DEFAULT), ('4d3655e1-6a1f-579f-862d-e89f74695869', 'c57ac931-d567-5a74-aa01-847bc68d528d', 'user162:myfavoriteauthor', 'ContentArchivist', 'Courtney.O_Reilly17516@school-capitalism.org', 'PBKDF2$H$9$L7K6M5N4O3P2R1Q3', '2020-08-20T07:32:44.000Z', '2020-05-13T04:47:05.000Z', '06481635-2db5-5bcb-a5dd-2290af2ee204', '2020-10-22T21:58:32.000Z', '4769ab65-c39d-5232-a987-34cac2ebe5ae', '2020-01-17T00:15:19.000Z', '6f1cb70d-8a40-5b3f-b80f-8f5d24f78bf0', 'true', '2020-12-04T23:14:40.000Z', '2020-07-27T18:31:01.000Z', '{"Aeter":"Utionesse te"}', '{"Sed":"Diuturus pueril"}', 't', '2020-12-24T12:11:24.000Z', '2020-08-12T07:31:12.000Z', DEFAULT, '2020-01-09T00:49:25.000Z', DEFAULT, DEFAULT, '2020-02-14T01:53:12.000Z', DEFAULT, DEFAULT, '2020-08-12T19:55:04.000Z', DEFAULT, '2020-04-28T03:41:06.000Z', DEFAULT, '2020-09-21T20:40:02.000Z', DEFAULT), ('4384d189-d9e9-574c-a5a4-6b0377f06d2d', '875f9f94-5278-52ed-84aa-5adf3e2f2030', 'user181:ilovepilates', 'ContentValidatorSupervisor', 'John.Mills31444@cribapplication.net', '$2a$10$D3E2F4G5H6I7J8K9L8M', '2020-08-16T20:00:09.000Z', '2020-11-27T22:25:56.000Z', '1ad7349e-0e34-586a-969e-0b749b23f51a', '2020-11-03T22:19:36.000Z', 'c1d86cc6-d7e9-59cc-a650-9a195b106394', '2020-06-26T17:55:52.000Z', '1951b3ef-0a1f-5608-b58c-eb9eb832f393', 'false', '2020-12-08T23:32:34.000Z', '2020-03-11T02:28:03.000Z', '{"Philosophi":"Eorum nihillime amiciter"}', '{"Quae":"Epta sed tuum"}', 't', '2020-06-26T18:08:49.000Z', '2020-07-11T18:30:39.000Z', DEFAULT, '2020-07-15T07:04:16.000Z', DEFAULT, DEFAULT, '2020-06-14T05:50:33.000Z', DEFAULT, DEFAULT, '2020-12-21T00:01:33.000Z', DEFAULT, '2020-03-07T02:10:51.000Z', DEFAULT, '2020-09-21T20:26:45.000Z', DEFAULT), ('66546704-9c65-574e-9461-dd5783325fff', '08275bd1-84d3-568c-b397-fb93653101e0', 'user169:ilovephotography', 'BookClubCurator', 'Melissa.Cole59074@mammothwrestler.info', '$2a$10$C8D7E6F5G4H3I2J1K9L8', '2020-06-22T05:29:28.000Z', '2020-02-06T13:16:28.000Z', 'bfe1395d-ebb7-5024-9e90-0cf333a06a07', '2020-06-26T18:05:12.000Z', '30d8abc2-d172-5153-a84e-e3b5e75a452d', '2020-01-21T01:00:14.000Z', '0b811b69-b608-522a-b5b8-9ea96e6b38f7', 'true', '2020-09-13T08:46:39.000Z', '2020-05-09T04:31:38.000Z', '{"Quam":"Modius dignisi"}', '{"Traditistip":"Aliquarum in"}', 'f', '2020-04-20T03:42:07.000Z', '2020-05-25T16:54:24.000Z', DEFAULT, '2020-10-02T09:18:21.000Z', DEFAULT, DEFAULT, '2020-04-16T03:41:00.000Z', DEFAULT, DEFAULT, '2020-07-11T07:02:27.000Z', DEFAULT, '2020-10-02T09:59:28.000Z', DEFAULT, '2020-12-08T23:43:59.000Z', DEFAULT), ('ca822ce0-9c18-5463-b639-9fd441b0bb6d', '5533b5c2-2482-5ecb-b3ab-6885ff46926e', 'user162:myfavoriteauthor', 'BookClubPresident', 'Nicole.Zemlak26877@diligentdick.com', '$2y$10$G5F4E3D2C1B6A5F4G3H2', '2020-05-21T04:53:10.000Z', '2020-04-04T15:17:37.000Z', 'b8e363f2-c2e5-53db-b195-f408e53f9535', '2020-01-05T12:22:13.000Z', '1d36d565-35c3-5e51-a41e-a80aff6cdce2', '2020-07-03T18:42:03.000Z', '77263124-bb9c-5983-a471-7697d17b77e9', 'false', '2020-07-03T19:01:51.000Z', '2020-03-23T14:11:35.000Z', '{"Inquamquam":"Compareatur statu nostra"}', '{"Res":"Orum doloris am"}', 't', '2020-02-22T01:28:52.000Z', '2020-03-27T02:21:19.000Z', DEFAULT, '2020-07-27T18:45:42.000Z', DEFAULT, DEFAULT, '2020-06-26T06:03:20.000Z', DEFAULT, DEFAULT, '2020-11-11T23:12:03.000Z', DEFAULT, '2020-10-22T09:24:03.000Z', DEFAULT, '2020-08-20T07:31:40.000Z', DEFAULT), ('bad7605f-c1d6-5e42-a73e-db6fc7ce1616', '1403acc9-c389-5c4a-8dce-c183309a6b3b', 'user190:myfavoritecity', 'ContentValidatorManager', 'Juliet.Schumm27002@barrenchief.info', '$2y$10$G9H8I7J6K5L4M3N2B1A5', '2020-06-18T05:21:22.000Z', '2020-01-09T00:47:48.000Z', 'b79f8678-0da2-5257-8979-de8960f3286e', '2020-12-16T23:35:22.000Z', 'f72737a0-def8-5eb8-9eef-ebc8c8e904c7', '2020-10-26T09:13:44.000Z', '7ba2abdf-518f-5d23-b141-64523d94c3ad', 'false', '2020-01-05T12:41:12.000Z', '2020-05-21T04:38:50.000Z', '{"Mihi":"Quae caret hominest"}', '{"Voluptate":"Qua quadam"}', 'f', '2020-09-09T08:57:12.000Z', '2020-02-14T01:03:19.000Z', DEFAULT, '2020-01-09T12:39:24.000Z', DEFAULT, DEFAULT, '2020-01-09T13:03:53.000Z', DEFAULT, DEFAULT, '2020-07-27T06:28:42.000Z', DEFAULT, '2020-04-16T03:39:36.000Z', DEFAULT, '2020-02-18T13:09:20.000Z', DEFAULT), ('0080d523-3a7c-501b-b8c5-d788790006d5', 'd84c4bc8-7bd1-5480-a1b8-fa5f62994dec', 'user171:ilovecooking', 'ContentValidatorSupervisor', 'Verdie.Aufderhar40570@befitguess.info', 'PBKDF2$H$9$N9M8L7K6J5I4H3G2', '2020-08-08T07:22:10.000Z', '2020-10-10T09:57:24.000Z', 'b8fbb401-2971-51c9-9c79-1f09ad9ec37c', '2020-12-20T11:46:24.000Z', '0ce9ee62-0685-5781-a092-b59f4537e127', '2020-11-03T10:11:54.000Z', '5614df85-c79a-5712-a442-9ba0e74487cc', 'false', '2020-01-21T00:23:46.000Z', '2020-07-19T19:03:03.000Z', '{"Eo":"A omnisi"}', '{"Eramputan":"Am coniuntque distinere"}', 'f', '2020-12-24T23:42:09.000Z', '2020-10-14T10:08:18.000Z', DEFAULT, '2020-04-12T03:56:05.000Z', DEFAULT, DEFAULT, '2020-07-23T06:13:43.000Z', DEFAULT, DEFAULT, '2020-07-19T06:21:21.000Z', DEFAULT, '2020-03-11T14:07:39.000Z', DEFAULT, '2020-09-21T08:48:39.000Z', DEFAULT), ('eadfab7b-3973-5896-9b2d-03e1a522e71a', '6eac6a61-bfaa-5dc9-9e3a-0840fbdc8fb9', 'user168:myfavoritefood', 'CommunityOutreachManager', 'Marguerite_Rolfson28848@advancedpatience.info', '$2b$11$E4F3G2H1I9J8K7L6M5O', '2020-11-15T22:58:14.000Z', '2020-08-08T19:35:20.000Z', '37b04472-28c0-5dea-943c-c9fc20a8721b', '2020-05-17T16:43:26.000Z', '10b4f552-dc90-5418-bac7-62a074e808d1', '2020-02-26T13:53:37.000Z', '0862c302-ff36-5381-a26f-a1263c1b1bb1', 'true', '2020-10-18T21:59:16.000Z', '2020-06-14T05:33:53.000Z', '{"Locis":"Iudicuros necesse conscientiamque"}', '{"Effugiam":"Optionemus vel"}', 't', '2020-02-10T01:25:37.000Z', '2020-07-23T06:55:12.000Z', DEFAULT, '2020-12-16T12:02:39.000Z', DEFAULT, DEFAULT, '2020-10-06T21:15:09.000Z', DEFAULT, DEFAULT, '2020-02-10T13:48:14.000Z', DEFAULT, '2020-10-10T21:25:49.000Z', DEFAULT, '2020-11-27T22:41:19.000Z', DEFAULT), ('f908d69c-8c75-58ca-b22c-594651c645f7', '35c489e6-8cca-5c89-bb0e-3b797809c34e', 'user189:ilovephotography', 'ReadingChallengeSupervisor', 'Delaney_Schultz73072@befitpocketwatch.com', '$2y$10$J7I6H5G4F3E2D1C6B5A4', '2020-08-12T19:47:09.000Z', '2020-07-19T18:47:54.000Z', '555ef799-0f79-526c-8458-84d85ad69a7f', '2020-06-22T17:36:00.000Z', 'dd9ff086-7bf6-5f6c-9b17-1c0980b8d322', '2020-09-21T21:01:00.000Z', 'a613dd7f-6ed7-5bb9-9a71-8acf716816ec', 'true', '2020-01-25T01:03:13.000Z', '2020-06-18T05:26:02.000Z', '{"Iis":"Dolorum iudicipsos"}', '{"Tale":"Amus genii"}', 't', '2020-09-01T20:48:19.000Z', '2020-02-14T01:25:21.000Z', DEFAULT, '2020-09-05T08:28:07.000Z', DEFAULT, DEFAULT, '2020-11-27T11:02:59.000Z', DEFAULT, DEFAULT, '2020-09-05T08:20:12.000Z', DEFAULT, '2020-10-10T21:35:36.000Z', DEFAULT, '2020-01-01T12:05:50.000Z', DEFAULT), ('24a6921d-158d-5449-b66b-3adf91c821e0', 'fe87ad02-3028-5ed7-b175-a16be9bfe354', 'user174:myfavoritecity', 'BookClubGovernor', 'Major_Botsford99199@insidious-fireman.biz', '$2b$10$F3E2D1C6B5A4H3G2F1E', '2020-10-26T09:17:49.000Z', '2020-09-13T09:01:06.000Z', '24420dea-a4fa-5844-9d8d-fe3484ee6b29', '2020-04-24T03:24:22.000Z', 'd3165483-ad47-5b3e-8cba-84fbfe8ec26f', '2020-07-07T18:52:36.000Z', '4777ab58-8641-50c1-91f5-7099031b7cc1', 'false', '2020-10-14T21:31:15.000Z', '2020-10-18T09:32:22.000Z', '{"Quidem":"Accura viris"}', '{"Et":"Dolor homindocen est"}', 'f', '2020-12-28T12:09:36.000Z', '2020-03-27T14:29:43.000Z', DEFAULT, '2020-09-01T20:23:03.000Z', DEFAULT, DEFAULT, '2020-06-26T17:20:28.000Z', DEFAULT, DEFAULT, '2020-12-12T11:30:04.000Z', DEFAULT, '2020-10-14T21:48:08.000Z', DEFAULT, '2020-07-23T18:36:26.000Z', DEFAULT), ('e1e1d37e-5769-51b9-817f-136a7d8a9546', '7bcf1cb2-d6d2-5d60-aa9c-7307582df83a', 'user162:myfavoriteauthor', 'ForumSupervisor', 'Ramiro_Rogahn3011@witty-beret.com', '$2a$10$Q8R9T7Y6U5I4H3G2F1E', '2020-04-12T03:40:56.000Z', '2020-06-26T06:05:47.000Z', '2fca8c85-2cbe-5210-8dfc-e7f391f9829c', '2020-06-10T17:51:39.000Z', 'ad15cba2-2ac8-5094-9da3-7f760de774ef', '2020-10-10T21:28:51.000Z', 'd7aedd18-7422-5b54-84c0-bbdcf7305b43', 'true', '2020-02-06T01:55:16.000Z', '2020-03-11T14:39:20.000Z', '{"Aut":"Non or"}', '{"Ingenus":"Quo quaeri"}', 't', '2020-03-07T02:16:05.000Z', '2020-10-06T09:41:22.000Z', DEFAULT, '2020-08-16T19:13:05.000Z', DEFAULT, DEFAULT, '2020-11-19T22:46:11.000Z', DEFAULT, DEFAULT, '2020-02-14T01:49:20.000Z', DEFAULT, '2020-05-25T16:19:05.000Z', DEFAULT, '2020-12-21T00:01:47.000Z', DEFAULT), ('b0cec6f7-e24d-5147-b6f2-3c67840c704e', '9505e53a-60e4-5c72-98b4-76343e7a5701', 'user171:ilovecooking', 'BookReviewerManager', 'Israel.Raynor43094@instil-clarity.net', '$2b$11$E7F6G5H4I3J2K1L9M8N7', '2020-03-19T02:23:45.000Z', '2020-07-11T06:28:47.000Z', '67bc7de1-8902-5ccb-b5b0-9f14708eec47', '2020-07-23T06:32:49.000Z', 'bde4d763-e91d-5ee2-b05e-87a7005ce404', '2020-10-26T21:32:58.000Z', '08f7e998-b7b2-52c5-a6fe-4fa4017fb3b7', 'true', '2020-08-24T19:19:38.000Z', '2020-10-26T09:47:04.000Z', '{"Causamicat":"Tensio nihilis"}', '{"Rebus":"Quod sapientium horum"}', 't', '2020-02-26T13:50:28.000Z', '2020-08-20T08:05:07.000Z', DEFAULT, '2020-03-19T14:41:13.000Z', DEFAULT, DEFAULT, '2020-08-12T19:37:43.000Z', DEFAULT, DEFAULT, '2020-09-25T08:18:12.000Z', DEFAULT, '2020-09-17T20:58:09.000Z', DEFAULT, '2020-06-14T17:43:06.000Z', DEFAULT), ('45364223-c7fc-5e98-8a59-7835c9359cd8', '076bfb8d-85a5-58e9-b586-6c41075e3a9b', 'user180:myfavoritebird', 'CommunityHelperManager', 'Kyra_Sauer35633@staid-overnighter.com', '$2b$10$F2E1D6C5B4A3G2H1I9J8', '2020-02-02T13:18:58.000Z', '2020-11-15T10:21:26.000Z', '2e5a2cce-ef48-5aeb-861e-b192660b4958', '2020-02-06T13:52:01.000Z', 'd6de6cf7-6b18-5929-a6a1-e1380494747a', '2020-04-16T03:05:35.000Z', '6b43d91e-fa37-5b0e-ab9f-bee5e0d38730', 'false', '2020-05-25T16:30:10.000Z', '2020-12-16T12:03:55.000Z', '{"Inum":"Nobisse ea"}', '{"Rent":"Utrumque non"}', 'f', '2020-11-07T10:30:02.000Z', '2020-02-10T01:44:58.000Z', DEFAULT, '2020-08-28T20:08:59.000Z', DEFAULT, DEFAULT, '2020-05-13T16:21:34.000Z', DEFAULT, DEFAULT, '2020-04-24T04:01:04.000Z', DEFAULT, '2020-05-21T04:13:12.000Z', DEFAULT, '2020-01-09T00:09:42.000Z', DEFAULT), ('5ba2b55b-a513-57ac-a313-a3048e5aadcb', '9db3112a-9345-59e3-acfc-999320898afc', 'user194:myfavoritegame', 'ContentArchivist', 'Jessyca.Wisozk86858@riposte-lysine.biz', 'PBKDF2$H$9$M7L6K5J4I3H2G1F9', '2020-09-01T08:48:33.000Z', '2020-10-22T09:34:17.000Z', '4657359f-4019-5b4a-aa9f-027093f8c05d', '2020-12-08T11:48:10.000Z', '0c0d0575-aefe-5af7-8996-b656c8e4ed0d', '2020-01-25T12:57:16.000Z', '62a87b20-f4b0-53b0-a468-c2ba2f6636b0', 'false', '2020-11-11T10:38:50.000Z', '2020-03-27T14:26:20.000Z', '{"Quibus":"Celerem epicur"}', '{"Solem":"Silia epicis cuius"}', 't', '2020-01-09T00:24:44.000Z', '2020-03-07T02:39:02.000Z', DEFAULT, '2020-07-03T18:21:47.000Z', DEFAULT, DEFAULT, '2020-02-22T13:45:03.000Z', DEFAULT, DEFAULT, '2020-03-23T14:14:44.000Z', DEFAULT, '2020-05-05T16:18:03.000Z', DEFAULT, '2020-08-08T07:51:31.000Z', DEFAULT), ('e540fbf7-b3cc-5c09-8e87-1c535f102eed', '57a2ed55-e9d1-56f3-bd0a-be496ddaa535', 'user187:ilovebasketball', 'BookRecommendationManager', 'Oliver_Reinger78068@bravepagoda.biz', '$2b$11$F1E2D3C4B5A6G7H8I9J8', '2020-03-23T02:54:13.000Z', '2020-01-01T12:39:37.000Z', '0fc7e080-74d0-5030-a388-e5c89722ca0a', '2020-05-05T04:21:12.000Z', '691534c0-4a53-5b3b-bbe0-2591989ea09c', '2020-10-26T21:54:52.000Z', 'da135e6a-f03a-5a4c-9ed9-dfb8331b53c3', 'true', '2020-06-18T17:56:41.000Z', '2020-10-06T09:46:02.000Z', '{"A":"Periis ferrenovat inerire"}', '{"Voluptate":"Dixitia est"}', 't', '2020-07-23T06:44:07.000Z', '2020-09-25T20:51:45.000Z', DEFAULT, '2020-08-28T19:18:04.000Z', DEFAULT, DEFAULT, '2020-09-01T20:59:23.000Z', DEFAULT, DEFAULT, '2020-04-04T04:07:09.000Z', DEFAULT, '2020-05-09T04:42:08.000Z', DEFAULT, '2020-12-08T23:45:37.000Z', DEFAULT), ('c3fcf550-1f00-59fa-aec4-c89d63107e5f', '39ad94f8-6a01-5247-8505-529ec3e0359a', 'user167:ilovehiking', 'CommunityOutreachManager', 'Marietta.Beier74171@complex-session.net', 'PBKDF2$H$9$L7K6M5N4O3P2R1Q3', '2020-12-04T23:30:45.000Z', '2020-09-09T08:56:16.000Z', '6e09c1d7-5f7e-5443-80e1-7cddabc46935', '2020-01-21T00:45:54.000Z', 'c0a3a92f-19de-5a0e-a7b2-145af79f44fe', '2020-04-16T15:43:34.000Z', '26d64047-8854-51d7-9c67-b9cfd94f69e6', 'true', '2020-07-19T18:39:38.000Z', '2020-04-12T15:39:12.000Z', '{"Torem":"Firmare advero id"}', '{"Praebeat":"Quid sum"}', 'f', '2020-11-15T22:47:24.000Z', '2020-05-21T04:31:02.000Z', DEFAULT, '2020-05-13T04:28:19.000Z', DEFAULT, DEFAULT, '2020-12-24T11:26:05.000Z', DEFAULT, DEFAULT, '2020-11-03T22:37:39.000Z', DEFAULT, '2020-05-09T16:42:49.000Z', DEFAULT, '2020-02-10T01:23:46.000Z', DEFAULT);
INSERT INTO public.users (id,first_name,last_name,avatar_url,name) VALUES ('d122e410-63ae-5786-88a3-ae221d669cfb', 'Joshua', 'Harris', 'https://avatars.githubusercontent.com/u/123456?v=4', 'Abigail Garcia'), ('a0b714be-fcfb-59d0-b017-a89b18b2db1d', 'Andrew', 'Jackson', 'https://fbcdn-sphotos-h-a.akamaihd.net/hphotos-ak-xap1/t31.0-8/1234567890_1234567890_1234567890_n.jpg', 'Alexander Hall'), ('79213ffa-ed5c-5bf8-8bd2-9471942148de', 'Elijah', 'Anderson', 'https://cdn.pixabay.com/photo/2022/01/01/12/34/56/avatar-1234567890.jpg', 'Gabriella Kim'), ('9e74113b-c6e6-53b3-9e83-5e4b7d37f439', 'Andrew', 'Jackson', 'https://www.gravatar.com/avatar/1234567890?s=80&d=identicon&r=PG', 'Sofia Patel'), ('46f615a5-498d-58d7-8d5b-6189dabbd0cd', 'Ava', 'Jackson', 'https://pbs.twimg.com/profile_images/1234567890/Photo_on_12-23-20_at_10.34_AM.jpg', 'Ava Lee'), ('98b2d7e1-2abf-5729-8c26-2dcf16c7c952', 'Sophia', 'Jackson', 'https://cloudinary.com/avatar-1234567890.jpg', 'Mia Patel'), ('8e180b50-9adf-59f5-a266-68adbaec9cb0', 'Hannah', 'Davis', 'https://cdn.pixabay.com/photo/2022/01/01/12/34/56/avatar-1234567890.jpg', 'Luna Hall'), ('d6edd669-7156-56a9-8b67-a85a08ae9973', 'Alexander', 'Martinez', 'https://avatars2.githubusercontent.com/u/123456?v=4', 'Sofia Patel'), ('765fe8b2-13e2-5096-974d-d2e5c29f761e', 'Riley', 'Wood', 'https://www.gravatar.com/avatar/1234567890?s=80&d=identicon&r=PG', 'Emily Wong'), ('124f5930-c34e-5c25-bb3a-0dd5af545915', 'Avery', 'Robinson', 'https://fbcdn-sphotos-h-a.akamaihd.net/hphotos-ak-xap1/t31.0-8/1234567890_1234567890_1234567890_n.jpg', 'Olivia Brown'), ('3185812e-f74c-5896-ac7b-10e3dc27bdce', 'Emily', 'Lewis', 'https://cdn.pixabay.com/photo/2022/01/01/12/34/56/avatar-1234567890.jpg', 'Isabella Garcia'), ('c1e6fb7b-4ee9-5a71-b528-26ed40f3bd30', 'Sophia', 'Thomas', 'https://i.imgur.com/1234567890.jpg', 'Sofia Patel'), ('4bf2f190-0c87-543d-86d4-17ebe269acb9', 'Ava', 'Harrison', 'https://s.gravatar.com/avatar/205e460b479e2e5dbaed405ec3a84628?s=80', 'Julian Sanchez'), ('55cc00be-1fa5-5347-8ffe-b309fe74b172', 'Ava', 'Gonzalez', 'https://pbs.twimg.com/profile_images/1234567890/Photo_on_12-23-20_at_10.34_AM.jpg', 'Logan Garcia'), ('47c23d57-38bd-5cc2-8651-b009a1f42806', 'Lucas', 'Johnson', 'https://avatars.githubusercontent.com/u/123456?v=4', 'Mia Patel'), ('fbc9220b-02e7-5fc4-b019-12db4590df9b', 'Isabella', 'Hernandez', 'https://avatars.githubusercontent.com/u/123456?v=4', 'Ava Morales'), ('0d203f57-dffc-5774-84a9-2bc0964b9e0f', 'Logan', 'Martin', 'https://lh3.googleusercontent.com/a-/AOh14GhZ3TIyXm7DXT7V4iO2M3Q', 'Ava Morales'), ('83405876-35fa-50e4-aad9-f2f3e4cc5c0f', 'Abigail', 'Hernandez', 'https://pbs.twimg.com/profile_images/1234567890/Photo_on_12-23-20_at_10.34_AM.jpg', 'Olivia Brown'), ('31f46313-391e-5a8c-a736-92eec4a9ba42', 'Riley', 'Garcia', 'https://cdn.pixabay.com/photo/2022/01/01/12/34/56/avatar-1234567890.jpg', 'Benjamin Brown'), ('4a739175-a270-58f5-ad61-27ddb24949a4', 'Hannah', 'Harrison', 'https://pbs.twimg.com/profile_images/1234567890/Photo_on_12-23-20_at_10.34_AM.jpg', 'Sofia Sanchez'), ('a540372d-b80a-55a8-b1b2-afb89be356a3', 'Ethan', 'Moore', 'https://lh3.googleusercontent.com/a-/AOh14GhZ3TIyXm7DXT7V4iO2M3Q', 'Sofia Patel'), ('c57ac931-d567-5a74-aa01-847bc68d528d', 'Lily', 'Martin', 'https://fbcdn-sphotos-h-a.akamaihd.net/hphotos-ak-xap1/t31.0-8/1234567890_1234567890_1234567890_n.jpg', 'Charlotte Patel'), ('875f9f94-5278-52ed-84aa-5adf3e2f2030', 'Aiden', 'Davis', 'https://example.net/avatar/1234567890.jpg', 'Maya Sanchez'), ('08275bd1-84d3-568c-b397-fb93653101e0', 'Aiden', 'Taylor', 'https://i.imgur.com/1234567890.jpg', 'Gabriella Kim'), ('5533b5c2-2482-5ecb-b3ab-6885ff46926e', 'Elijah', 'Jackson', 'https://fbcdn-sphotos-h-a.akamaihd.net/hphotos-ak-xap1/t31.0-8/1234567890_1234567890_1234567890_n.jpg', 'Abigail Garcia'), ('1403acc9-c389-5c4a-8dce-c183309a6b3b', 'Emily', 'Lee', 'https://s.gravatar.com/avatar/205e460b479e2e5dbaed405ec3a84628?s=80', 'Julian Kim'), ('d84c4bc8-7bd1-5480-a1b8-fa5f62994dec', 'Elijah', 'Williams', 'https://pbs.twimg.com/profile_images/1234567890/Photo_on_12-23-20_at_10.34_AM.jpg', 'Michael Patel'), ('6eac6a61-bfaa-5dc9-9e3a-0840fbdc8fb9', 'William', 'Johnson', 'https://example.io/avatar/1234567890.jpg', 'Logan Lee'), ('35c489e6-8cca-5c89-bb0e-3b797809c34e', 'Kayla', 'Lewis', 'https://www.gravatar.com/avatar/1234567890?s=80&d=identicon&r=PG', 'Liam Chen'), ('fe87ad02-3028-5ed7-b175-a16be9bfe354', 'Ethan', 'Lewis', 'https://pbs.twimg.com/profile_images/1234567890/Photo_on_12-23-20_at_10.34_AM.jpg', 'Charlotte Lee'), ('7bcf1cb2-d6d2-5d60-aa9c-7307582df83a', 'Charlotte', 'Sanchez', 'https://i.imgur.com/1234567890.jpg', 'Emily Brown'), ('9505e53a-60e4-5c72-98b4-76343e7a5701', 'Harper', 'Williams', 'https://i.imgur.com/1234567890.jpg', 'Abigail Kim'), ('076bfb8d-85a5-58e9-b586-6c41075e3a9b', 'Lucas', 'Brown', 'https://pbs.twimg.com/profile_images/1234567890/Photo_on_12-23-20_at_10.34_AM.jpg', 'Charlotte Patel'), ('9db3112a-9345-59e3-acfc-999320898afc', 'Anthony', 'Johnson', 'https://www.gravatar.com/avatar/1234567890?s=80&d=identicon&r=PG', 'Ava Chen'), ('57a2ed55-e9d1-56f3-bd0a-be496ddaa535', 'Andrew', 'Patel', 'https://s.gravatar.com/avatar/205e460b479e2e5dbaed405ec3a84628?s=80', 'Ava Morales'), ('39ad94f8-6a01-5247-8505-529ec3e0359a', 'Amelia', 'Miller', 'https://s.gravatar.com/avatar/205e460b479e2e5dbaed405ec3a84628?s=80', 'Ava Chen');
INSERT INTO public.members (id,user_id,club_id,is_favorite,created_at) VALUES (439, 'd122e410-63ae-5786-88a3-ae221d669cfb', 76, DEFAULT, DEFAULT), (440, 'a0b714be-fcfb-59d0-b017-a89b18b2db1d', 77, DEFAULT, DEFAULT), (441, '79213ffa-ed5c-5bf8-8bd2-9471942148de', 77, DEFAULT, DEFAULT), (442, '9e74113b-c6e6-53b3-9e83-5e4b7d37f439', 76, DEFAULT, DEFAULT), (443, '46f615a5-498d-58d7-8d5b-6189dabbd0cd', 77, DEFAULT, DEFAULT), (444, '98b2d7e1-2abf-5729-8c26-2dcf16c7c952', 76, DEFAULT, DEFAULT), (445, '8e180b50-9adf-59f5-a266-68adbaec9cb0', 76, DEFAULT, DEFAULT), (446, 'd6edd669-7156-56a9-8b67-a85a08ae9973', 77, DEFAULT, DEFAULT), (447, '765fe8b2-13e2-5096-974d-d2e5c29f761e', 76, DEFAULT, DEFAULT), (448, '124f5930-c34e-5c25-bb3a-0dd5af545915', 77, DEFAULT, DEFAULT), (449, '3185812e-f74c-5896-ac7b-10e3dc27bdce', 76, DEFAULT, DEFAULT), (450, 'c1e6fb7b-4ee9-5a71-b528-26ed40f3bd30', 77, DEFAULT, DEFAULT), (451, '4bf2f190-0c87-543d-86d4-17ebe269acb9', 77, DEFAULT, DEFAULT), (452, '55cc00be-1fa5-5347-8ffe-b309fe74b172', 77, DEFAULT, DEFAULT), (453, '47c23d57-38bd-5cc2-8651-b009a1f42806', 76, DEFAULT, DEFAULT), (454, 'fbc9220b-02e7-5fc4-b019-12db4590df9b', 76, DEFAULT, DEFAULT), (455, '0d203f57-dffc-5774-84a9-2bc0964b9e0f', 77, DEFAULT, DEFAULT), (456, '83405876-35fa-50e4-aad9-f2f3e4cc5c0f', 77, DEFAULT, DEFAULT), (457, '31f46313-391e-5a8c-a736-92eec4a9ba42', 76, DEFAULT, DEFAULT), (458, '4a739175-a270-58f5-ad61-27ddb24949a4', 77, DEFAULT, DEFAULT), (459, 'a540372d-b80a-55a8-b1b2-afb89be356a3', 76, DEFAULT, DEFAULT), (460, 'c57ac931-d567-5a74-aa01-847bc68d528d', 77, DEFAULT, DEFAULT), (461, '875f9f94-5278-52ed-84aa-5adf3e2f2030', 77, DEFAULT, DEFAULT), (462, '08275bd1-84d3-568c-b397-fb93653101e0', 76, DEFAULT, DEFAULT), (463, '5533b5c2-2482-5ecb-b3ab-6885ff46926e', 77, DEFAULT, DEFAULT), (464, '1403acc9-c389-5c4a-8dce-c183309a6b3b', 76, DEFAULT, DEFAULT), (465, 'd84c4bc8-7bd1-5480-a1b8-fa5f62994dec', 77, DEFAULT, DEFAULT), (466, '6eac6a61-bfaa-5dc9-9e3a-0840fbdc8fb9', 76, DEFAULT, DEFAULT), (467, '35c489e6-8cca-5c89-bb0e-3b797809c34e', 77, DEFAULT, DEFAULT), (468, 'fe87ad02-3028-5ed7-b175-a16be9bfe354', 77, DEFAULT, DEFAULT), (469, '7bcf1cb2-d6d2-5d60-aa9c-7307582df83a', 77, DEFAULT, DEFAULT), (470, '9505e53a-60e4-5c72-98b4-76343e7a5701', 76, DEFAULT, DEFAULT), (471, '076bfb8d-85a5-58e9-b586-6c41075e3a9b', 77, DEFAULT, DEFAULT), (472, '9db3112a-9345-59e3-acfc-999320898afc', 76, DEFAULT, DEFAULT), (473, '57a2ed55-e9d1-56f3-bd0a-be496ddaa535', 76, DEFAULT, DEFAULT), (474, '39ad94f8-6a01-5247-8505-529ec3e0359a', 76, DEFAULT, DEFAULT);
SELECT setval('"public"."members_id_seq"'::regclass, (SELECT MAX("id") FROM "public"."members"));
INSERT INTO public.intervals (id,reading_id,goal_page,created_at) VALUES (1, 131, 12, DEFAULT), (2, 126, 89, DEFAULT), (3, 131, 83, DEFAULT), (4, 125, 15, DEFAULT), (5, 130, 0, DEFAULT), (6, 131, 5, DEFAULT), (7, 126, 35, DEFAULT), (8, 127, 17, DEFAULT), (9, 132, 56, DEFAULT), (10, 125, 10, DEFAULT);
SELECT setval('"public"."intervals_id_seq"'::regclass, (SELECT MAX("id") FROM "public"."intervals"));
INSERT INTO public.member_interval_progresses (id,member_id,interval_id,is_complete) VALUES (1, 464, 8, 'f'), (2, 461, 3, 'f'), (3, 448, 5, 't'), (4, 469, 9, 't'), (5, 446, 2, 'f'), (6, 453, 5, 't'), (7, 451, 7, 't'), (8, 467, 7, 't'), (9, 455, 5, 'f'), (10, 474, 1, 't'), (11, 445, 3, 'f'), (12, 455, 2, 'f'), (13, 469, 10, 'f'), (14, 462, 10, 'f'), (15, 457, 10, 'f'), (16, 465, 7, 'f'), (17, 443, 9, 'f'), (18, 457, 5, 'f'), (19, 454, 1, 'f'), (20, 466, 4, 'f'), (21, 441, 7, 't'), (22, 452, 10, 't'), (23, 444, 4, 'f'), (24, 447, 4, 't'), (25, 441, 10, 'f'), (26, 467, 4, 'f'), (27, 470, 9, 'f'), (28, 472, 6, 't'), (29, 465, 7, 't'), (30, 443, 3, 't'), (31, 446, 2, 't'), (32, 465, 4, 'f'), (33, 470, 1, 'f'), (34, 441, 2, 'f'), (35, 444, 8, 't'), (36, 472, 9, 'f');
SELECT setval('"public"."member_interval_progresses_id_seq"'::regclass, (SELECT MAX("id") FROM "public"."member_interval_progresses"));
INSERT INTO public.posts (id,reading_id,author_member_id,title,content,likes_count,is_spoiler,created_at,updated_at,editor_member_id) VALUES (1, 131, NULL, 'The Joy of Reading Aloud with Family', 'What''s everyone''s favorite way to organize their bookshelves? I''m in need of some inspiration!', DEFAULT, 't', DEFAULT, '2020-12-08T11:51:47.000Z', NULL), (2, 129, NULL, 'The Joy of Reading with Family', 'I''m looking for a new fantasy series to get into. Anyone have any recommendations? #fantasyseries #bookrecommendations', DEFAULT, 'f', DEFAULT, '2020-02-26T13:45:56.000Z', NULL), (3, 129, NULL, 'Why I Love Fantasy Adventure Novels', 'I''m looking for a new sci-fi novel to read. Any suggestions? #scifinovel #bookrecommendations', DEFAULT, 't', DEFAULT, '2020-11-11T22:25:20.000Z', NULL), (4, 132, NULL, 'I''m So Grateful for Book Club Friends!', 'I''m doing a giveaway for a booklight and a copy of ''The Silent Patient''! To enter, just comment below with your favorite thriller.', DEFAULT, 't', DEFAULT, '2020-11-07T10:49:08.000Z', NULL), (5, 129, NULL, 'Why I Love Paranormal Romance Novels', 'Who else loves reading books with strong male protagonists? #strongmen #bookrecommendations', DEFAULT, 'f', DEFAULT, '2020-02-10T01:12:14.000Z', NULL), (6, 128, NULL, 'The Power of Book Clubs in Action!', 'Has anyone else read ''The Poppy War''? What did you think of the world-building?', DEFAULT, 't', DEFAULT, '2020-01-13T12:15:08.000Z', NULL), (7, 129, NULL, 'I''m So Grateful for Book Club Friends!', 'I''m looking for a new romance novel to read. Any suggestions? #romancenovel #bookrecommendations', DEFAULT, 'f', DEFAULT, '2020-04-20T03:17:33.000Z', NULL), (8, 130, NULL, 'I''m So Grateful for Book Clubs Forever!', 'Has anyone else read ''The Golem and the Jinni''? What did you think of the magical realism?', DEFAULT, 'f', DEFAULT, '2020-06-26T18:02:17.000Z', NULL), (9, 126, NULL, 'My Favorite Bookish Accessories Ever', 'I''m looking for a new historical fiction novel to read. Any suggestions? #historicalfiction #bookrecommendations', DEFAULT, 'f', DEFAULT, '2020-10-26T21:39:22.000Z', NULL), (10, 129, NULL, 'The Best Books for Mental Health Awareness', 'Has anyone else read ''The City of Brass''? What did you think of the historical fantasy elements?', DEFAULT, 'f', DEFAULT, '2020-07-03T18:46:42.000Z', NULL), (11, 130, NULL, 'I Love Reading on Rainy Days', 'Who else loves reading books with complex, morally ambiguous characters? #morallyambiguous #characterstudy', DEFAULT, 't', DEFAULT, '2020-10-26T21:23:11.000Z', NULL), (12, 130, NULL, 'The Best Books for Self-Care Routines', 'I''m looking for a new sci-fi novel to read. Any suggestions? #scifinovel #bookrecommendations', DEFAULT, 'f', DEFAULT, '2020-09-17T20:29:22.000Z', NULL), (13, 126, NULL, 'The Best Books for Self-Love Sundays', 'What''s everyone''s favorite way to keep track of their reading challenge? I''m using a spreadsheet and it''s been a game-changer!', DEFAULT, 't', DEFAULT, '2020-03-11T02:55:04.000Z', NULL), (14, 131, NULL, 'My Favorite Book Club Memories This Week', 'Who else loves reading books with diverse characters and perspectives? #diversebooks #representationmatters', DEFAULT, 'f', DEFAULT, '2020-05-09T04:18:57.000Z', NULL), (15, 127, NULL, 'My Favorite Book Club Laughter Moments', 'I''m looking for a new romance novel to read. Any suggestions? #romancenovel #bookrecommendations', DEFAULT, 't', DEFAULT, '2020-02-18T13:59:26.000Z', NULL), (16, 125, NULL, 'The Best Books for Mindful Living', 'I just finished reading ''The Power'' and I''m still reeling from the experience. What''s your favorite thriller?', DEFAULT, 'f', DEFAULT, '2020-03-23T02:30:28.000Z', NULL), (17, 129, NULL, 'The Best Books for Self-Love Sundays', 'I just started a book journal and I''m loving it! Has anyone else tried journaling about their reads? #bookjournal #readinglog', DEFAULT, 'f', DEFAULT, '2020-11-11T22:12:09.000Z', NULL), (18, 129, NULL, 'My Favorite Book Club Laughter Moments', 'I just finished reading ''The Hunger Games'' and I''m still reeling from the experience. What''s your favorite dystopian novel?', DEFAULT, 't', DEFAULT, '2020-03-23T14:36:45.000Z', NULL), (19, 132, NULL, 'The Joy of Reading with Family', 'Has anyone else read ''The Song of Achilles''? What did you think of the historical fiction elements?', DEFAULT, 't', DEFAULT, '2020-12-08T11:51:20.000Z', NULL), (20, 126, NULL, 'Why I Love Fantasy Adventure Novels', 'I''m doing a read-along of ''Pride and Prejudice'' and I''d love for you to join me! #prideandprejudice #readalong', DEFAULT, 't', DEFAULT, '2020-12-08T12:00:10.000Z', NULL), (21, 125, NULL, 'My Favorite Book Club Experiences Ever', 'I''m looking for a new historical fiction novel to read. Any suggestions? #historicalfiction #bookrecommendations', DEFAULT, 't', DEFAULT, '2020-05-09T16:41:32.000Z', NULL), (22, 133, NULL, 'The Best Books for Self-Care Routines', 'I just finished reading ''The Hunger Games'' and I''m still reeling from the experience. What''s your favorite dystopian novel?', DEFAULT, 't', DEFAULT, '2020-05-21T16:55:50.000Z', NULL), (23, 129, NULL, 'The Best Books for Mental Health Awareness', 'I''m doing a giveaway for a signed copy of ''The Hate U Give''! To enter, just comment below with your favorite YA novel.', DEFAULT, 't', DEFAULT, '2020-03-19T14:10:14.000Z', NULL), (24, 126, NULL, 'My Favorite Book Club Inside Jokes', 'I''m looking for a new mystery novel to read. Any suggestions? #mysterynovel #bookrecommendations', DEFAULT, 'f', DEFAULT, '2020-11-19T22:35:14.000Z', NULL), (25, 131, NULL, 'I''m So Ready for the Next Book Hangover!', 'Who else loves reading books with complex, morally ambiguous characters? #morallyambiguous #characterstudy', DEFAULT, 'f', DEFAULT, '2020-12-16T11:52:58.000Z', NULL);
UPDATE public.posts SET author_member_id = 472, editor_member_id = 445 WHERE id = 1;
UPDATE public.posts SET author_member_id = 466, editor_member_id = 452 WHERE id = 2;
UPDATE public.posts SET author_member_id = 463, editor_member_id = 464 WHERE id = 3;
UPDATE public.posts SET author_member_id = 446, editor_member_id = 454 WHERE id = 4;
UPDATE public.posts SET author_member_id = 445, editor_member_id = 458 WHERE id = 5;
UPDATE public.posts SET author_member_id = 455, editor_member_id = 464 WHERE id = 6;
UPDATE public.posts SET author_member_id = 445, editor_member_id = 451 WHERE id = 7;
UPDATE public.posts SET author_member_id = 448, editor_member_id = 452 WHERE id = 8;
UPDATE public.posts SET author_member_id = 447, editor_member_id = 471 WHERE id = 9;
UPDATE public.posts SET author_member_id = 452, editor_member_id = 470 WHERE id = 10;
UPDATE public.posts SET author_member_id = 464, editor_member_id = 464 WHERE id = 11;
UPDATE public.posts SET author_member_id = 447, editor_member_id = 466 WHERE id = 12;
UPDATE public.posts SET author_member_id = 447, editor_member_id = 450 WHERE id = 13;
UPDATE public.posts SET author_member_id = 462, editor_member_id = 459 WHERE id = 14;
UPDATE public.posts SET author_member_id = 469, editor_member_id = 441 WHERE id = 15;
UPDATE public.posts SET author_member_id = 451, editor_member_id = 465 WHERE id = 16;
UPDATE public.posts SET author_member_id = 451, editor_member_id = 472 WHERE id = 17;
UPDATE public.posts SET author_member_id = 441, editor_member_id = 444 WHERE id = 18;
UPDATE public.posts SET author_member_id = 447, editor_member_id = 448 WHERE id = 19;
UPDATE public.posts SET author_member_id = 449, editor_member_id = 463 WHERE id = 20;
UPDATE public.posts SET author_member_id = 450, editor_member_id = 453 WHERE id = 21;
UPDATE public.posts SET author_member_id = 455, editor_member_id = 466 WHERE id = 22;
UPDATE public.posts SET author_member_id = 443, editor_member_id = 442 WHERE id = 23;
UPDATE public.posts SET author_member_id = 462, editor_member_id = 469 WHERE id = 24;
UPDATE public.posts SET author_member_id = 472, editor_member_id = 440 WHERE id = 25;
SELECT setval('"public"."posts_id_seq"'::regclass, (SELECT MAX("id") FROM "public"."posts"));
INSERT INTO public.comments (id,content,author_member_id,post_id,likes_count,created_at,updated_at,root_comment_id,replying_to_comment_id) VALUES (1, 'Who else is planning on reading the next book in the series? ', NULL, 3, DEFAULT, DEFAULT, '2020-07-07T06:27:26.000Z', NULL, NULL), (2, 'I''m so excited to discuss the themes of love in this book! ', NULL, 10, DEFAULT, DEFAULT, '2020-01-21T12:51:43.000Z', NULL, NULL), (3, 'Does anyone have any favorite fan fiction recommendations for this series? ', NULL, 23, DEFAULT, DEFAULT, '2020-08-04T07:52:37.000Z', NULL, NULL), (4, 'I didn''t like the main character''s motivations, but the plot was engaging... ', NULL, 24, DEFAULT, DEFAULT, '2020-02-10T01:54:17.000Z', NULL, NULL), (5, 'Does anyone know if the author is planning on writing a spin-off series? ', NULL, 21, DEFAULT, DEFAULT, '2020-09-25T20:32:17.000Z', NULL, NULL), (6, 'I''m still trying to figure out the symbolism behind the book''s cover art... ', NULL, 4, DEFAULT, DEFAULT, '2020-02-10T01:42:38.000Z', NULL, NULL), (7, 'I loved the way the characters developed throughout the book! ', NULL, 6, DEFAULT, DEFAULT, '2020-12-24T11:51:36.000Z', NULL, NULL), (8, 'I''m still trying to wrap my head around the plot twist... anyone else feeling confused? ', NULL, 20, DEFAULT, DEFAULT, '2020-02-18T13:02:13.000Z', NULL, NULL), (9, 'Check out this amazing book-inspired art I found: https://www.deviantart.com/... ', NULL, 4, DEFAULT, DEFAULT, '2020-06-22T05:33:20.000Z', NULL, NULL), (10, 'Who else is planning on attending the author''s book tour? ', NULL, 9, DEFAULT, DEFAULT, '2020-11-15T22:51:15.000Z', NULL, NULL), (11, 'I loved the way the author explored the theme of power in this book! ', NULL, 9, DEFAULT, DEFAULT, '2020-02-26T01:15:38.000Z', NULL, NULL), (12, 'Does anyone have any favorite fan fiction recommendations for this series? ', NULL, 18, DEFAULT, DEFAULT, '2020-09-01T20:24:47.000Z', NULL, NULL), (13, 'Does anyone know if the author is planning on writing a companion novel? ', NULL, 25, DEFAULT, DEFAULT, '2020-09-09T08:13:30.000Z', NULL, NULL), (14, 'I just wanted to share my thoughts on the themes presented in chapter 5... ', NULL, 15, DEFAULT, DEFAULT, '2020-01-25T01:01:42.000Z', NULL, NULL), (15, 'Check out this amazing book-inspired art I found: https://www.deviantart.com/... ', NULL, 25, DEFAULT, DEFAULT, '2020-04-24T16:00:15.000Z', NULL, NULL), (16, 'Who else is planning on attending the author''s book tour? ', NULL, 24, DEFAULT, DEFAULT, '2020-03-15T14:20:32.000Z', NULL, NULL), (17, 'I''m still trying to wrap my head around the world-building in this book... ', NULL, 20, DEFAULT, DEFAULT, '2020-04-08T03:38:26.000Z', NULL, NULL), (18, 'I loved the way the author explored the theme of power in this book! ', NULL, 21, DEFAULT, DEFAULT, '2020-04-16T03:51:29.000Z', NULL, NULL), (19, 'I just wanted to share a related article I found: https://www.example.com', NULL, 8, DEFAULT, DEFAULT, '2020-12-12T11:30:04.000Z', NULL, NULL), (20, 'I''m still trying to figure out the symbolism behind the book''s cover art... ', NULL, 15, DEFAULT, DEFAULT, '2020-08-20T07:58:00.000Z', NULL, NULL), (21, 'I''m so excited to discuss the themes of morality in this book! ', NULL, 10, DEFAULT, DEFAULT, '2020-10-10T09:14:17.000Z', NULL, NULL), (22, 'Who else is planning on reading the next book in the series? ', NULL, 23, DEFAULT, DEFAULT, '2020-01-13T12:20:29.000Z', NULL, NULL), (23, 'Who else is planning on attending the book festival next month? ', NULL, 12, DEFAULT, DEFAULT, '2020-10-14T21:41:23.000Z', NULL, NULL), (24, 'I didn''t like the pacing of the book, but the characters were great... ', NULL, 22, DEFAULT, DEFAULT, '2020-02-26T01:35:06.000Z', NULL, NULL), (25, 'I''m still trying to process the themes of trauma in this book... ', NULL, 12, DEFAULT, DEFAULT, '2020-10-26T22:04:11.000Z', NULL, NULL), (26, 'Does anyone have any favorite quotes from the book? ', NULL, 25, DEFAULT, DEFAULT, '2020-11-19T22:34:04.000Z', NULL, NULL), (27, 'Who else is planning on attending the book signing event? ', NULL, 16, DEFAULT, DEFAULT, '2020-05-25T17:01:44.000Z', NULL, NULL), (28, 'I''m so frustrated with the love triangle in this book... ', NULL, 23, DEFAULT, DEFAULT, '2020-12-16T11:29:26.000Z', NULL, NULL), (29, 'Does anyone have any theories about the author''s inspiration for this series? ', NULL, 15, DEFAULT, DEFAULT, '2020-07-27T19:02:50.000Z', NULL, NULL), (30, 'Who else is planning on attending the book festival next month? ', NULL, 17, DEFAULT, DEFAULT, '2020-05-17T04:19:18.000Z', NULL, NULL), (31, 'I loved the way the author explored the theme of power in this book! ', NULL, 7, DEFAULT, DEFAULT, '2020-05-21T16:19:44.000Z', NULL, NULL), (32, 'I just wanted to share my thoughts on the themes presented in chapter 5... ', NULL, 9, DEFAULT, DEFAULT, '2020-10-10T22:06:01.000Z', NULL, NULL), (33, 'I''m so excited to discuss the themes of identity in this book! ', NULL, 15, DEFAULT, DEFAULT, '2020-08-08T19:41:09.000Z', NULL, NULL), (34, 'Does anyone have any favorite book clubs they''d recommend? ', NULL, 20, DEFAULT, DEFAULT, '2020-01-25T12:26:16.000Z', NULL, NULL), (35, 'I didn''t like the pacing of the book, but the characters were great... ', NULL, 17, DEFAULT, DEFAULT, '2020-07-15T18:50:45.000Z', NULL, NULL), (36, 'Does anyone know if the author is planning on writing a companion novel? ', NULL, 6, DEFAULT, DEFAULT, '2020-09-05T08:38:01.000Z', NULL, NULL), (37, 'I just wanted to share my thoughts on the themes presented in chapter 5... ', NULL, 15, DEFAULT, DEFAULT, '2020-01-21T12:15:08.000Z', NULL, NULL);
UPDATE public.comments SET author_member_id = 464 WHERE id = 1;
UPDATE public.comments SET author_member_id = 468 WHERE id = 2;
UPDATE public.comments SET author_member_id = 461 WHERE id = 3;
UPDATE public.comments SET author_member_id = 460 WHERE id = 4;
UPDATE public.comments SET author_member_id = 467 WHERE id = 5;
UPDATE public.comments SET author_member_id = 460 WHERE id = 6;
UPDATE public.comments SET author_member_id = 465 WHERE id = 7;
UPDATE public.comments SET author_member_id = 451 WHERE id = 8;
UPDATE public.comments SET author_member_id = 439 WHERE id = 9;
UPDATE public.comments SET author_member_id = 454 WHERE id = 10;
UPDATE public.comments SET author_member_id = 439 WHERE id = 11;
UPDATE public.comments SET author_member_id = 457 WHERE id = 12;
UPDATE public.comments SET author_member_id = 452 WHERE id = 13;
UPDATE public.comments SET author_member_id = 443 WHERE id = 14;
UPDATE public.comments SET author_member_id = 451 WHERE id = 15;
UPDATE public.comments SET author_member_id = 446 WHERE id = 16;
UPDATE public.comments SET author_member_id = 458 WHERE id = 17;
UPDATE public.comments SET author_member_id = 468 WHERE id = 18;
UPDATE public.comments SET author_member_id = 454 WHERE id = 19;
UPDATE public.comments SET author_member_id = 468 WHERE id = 20;
UPDATE public.comments SET author_member_id = 469 WHERE id = 21;
UPDATE public.comments SET author_member_id = 465 WHERE id = 22;
UPDATE public.comments SET author_member_id = 454 WHERE id = 23;
UPDATE public.comments SET author_member_id = 458 WHERE id = 24;
UPDATE public.comments SET author_member_id = 470 WHERE id = 25;
UPDATE public.comments SET author_member_id = 468 WHERE id = 26;
UPDATE public.comments SET author_member_id = 446 WHERE id = 27;
UPDATE public.comments SET author_member_id = 462 WHERE id = 28;
UPDATE public.comments SET author_member_id = 463 WHERE id = 29;
UPDATE public.comments SET author_member_id = 443 WHERE id = 30;
UPDATE public.comments SET author_member_id = 442 WHERE id = 31;
UPDATE public.comments SET author_member_id = 467 WHERE id = 32;
UPDATE public.comments SET author_member_id = 468 WHERE id = 33;
UPDATE public.comments SET author_member_id = 460 WHERE id = 34;
UPDATE public.comments SET author_member_id = 463 WHERE id = 35;
UPDATE public.comments SET author_member_id = 452 WHERE id = 36;
UPDATE public.comments SET author_member_id = 466 WHERE id = 37;
SELECT setval('"public"."comments_id_seq"'::regclass, (SELECT MAX("id") FROM "public"."comments"));
INSERT INTO public.likes (id,member_id,post_id,comment_id,created_at) VALUES (1, NULL, NULL, NULL, DEFAULT), (2, NULL, NULL, NULL, DEFAULT), (3, NULL, NULL, NULL, DEFAULT), (4, NULL, NULL, NULL, DEFAULT), (5, NULL, NULL, NULL, DEFAULT), (6, NULL, NULL, NULL, DEFAULT), (7, NULL, NULL, NULL, DEFAULT), (8, NULL, NULL, NULL, DEFAULT), (9, NULL, NULL, NULL, DEFAULT), (10, NULL, NULL, NULL, DEFAULT), (11, NULL, NULL, NULL, DEFAULT), (12, NULL, NULL, NULL, DEFAULT), (13, NULL, NULL, NULL, DEFAULT), (14, NULL, NULL, NULL, DEFAULT), (15, NULL, NULL, NULL, DEFAULT), (16, NULL, NULL, NULL, DEFAULT), (17, NULL, NULL, NULL, DEFAULT), (18, NULL, NULL, NULL, DEFAULT), (19, NULL, NULL, NULL, DEFAULT), (20, NULL, NULL, NULL, DEFAULT), (21, NULL, NULL, NULL, DEFAULT), (22, NULL, NULL, NULL, DEFAULT), (23, NULL, NULL, NULL, DEFAULT), (24, NULL, NULL, NULL, DEFAULT), (25, NULL, NULL, NULL, DEFAULT), (26, NULL, NULL, NULL, DEFAULT), (27, NULL, NULL, NULL, DEFAULT), (28, NULL, NULL, NULL, DEFAULT), (29, NULL, NULL, NULL, DEFAULT), (30, NULL, NULL, NULL, DEFAULT), (31, NULL, NULL, NULL, DEFAULT), (32, NULL, NULL, NULL, DEFAULT), (33, NULL, NULL, NULL, DEFAULT), (34, NULL, NULL, NULL, DEFAULT), (35, NULL, NULL, NULL, DEFAULT), (36, NULL, NULL, NULL, DEFAULT), (37, NULL, NULL, NULL, DEFAULT), (38, NULL, NULL, NULL, DEFAULT), (39, NULL, NULL, NULL, DEFAULT), (40, NULL, NULL, NULL, DEFAULT), (41, NULL, NULL, NULL, DEFAULT), (42, NULL, NULL, NULL, DEFAULT), (43, NULL, NULL, NULL, DEFAULT), (44, NULL, NULL, NULL, DEFAULT), (45, NULL, NULL, NULL, DEFAULT), (46, NULL, NULL, NULL, DEFAULT), (47, NULL, NULL, NULL, DEFAULT), (48, NULL, NULL, NULL, DEFAULT), (49, NULL, NULL, NULL, DEFAULT), (50, NULL, NULL, NULL, DEFAULT), (51, NULL, NULL, NULL, DEFAULT), (52, NULL, NULL, NULL, DEFAULT);
UPDATE public.likes SET member_id = 459, post_id = 12, comment_id = 25 WHERE id = 1;
UPDATE public.likes SET member_id = 460, post_id = 7, comment_id = 20 WHERE id = 2;
UPDATE public.likes SET member_id = 453, post_id = 10, comment_id = 16 WHERE id = 3;
UPDATE public.likes SET member_id = 453, post_id = 23, comment_id = 32 WHERE id = 4;
UPDATE public.likes SET member_id = 443, post_id = 12, comment_id = 17 WHERE id = 5;
UPDATE public.likes SET member_id = 460, post_id = 20, comment_id = 32 WHERE id = 6;
UPDATE public.likes SET member_id = 458, post_id = 23, comment_id = 27 WHERE id = 7;
UPDATE public.likes SET member_id = 467, post_id = 16, comment_id = 23 WHERE id = 8;
UPDATE public.likes SET member_id = 460, post_id = 15, comment_id = 12 WHERE id = 9;
UPDATE public.likes SET member_id = 455, post_id = 1, comment_id = 6 WHERE id = 10;
UPDATE public.likes SET member_id = 451, post_id = 23, comment_id = 6 WHERE id = 11;
UPDATE public.likes SET member_id = 448, post_id = 15, comment_id = 7 WHERE id = 12;
UPDATE public.likes SET member_id = 469, post_id = 23, comment_id = 21 WHERE id = 13;
UPDATE public.likes SET member_id = 462, post_id = 4, comment_id = 33 WHERE id = 14;
UPDATE public.likes SET member_id = 455, post_id = 3, comment_id = 13 WHERE id = 15;
UPDATE public.likes SET member_id = 445, post_id = 8, comment_id = 22 WHERE id = 16;
UPDATE public.likes SET member_id = 470, post_id = 22, comment_id = 28 WHERE id = 17;
UPDATE public.likes SET member_id = 441, post_id = 8, comment_id = 17 WHERE id = 18;
UPDATE public.likes SET member_id = 451, post_id = 23, comment_id = 36 WHERE id = 19;
UPDATE public.likes SET member_id = 443, post_id = 1, comment_id = 31 WHERE id = 20;
UPDATE public.likes SET member_id = 468, post_id = 25, comment_id = 37 WHERE id = 21;
UPDATE public.likes SET member_id = 452, post_id = 7, comment_id = 20 WHERE id = 22;
UPDATE public.likes SET member_id = 451, post_id = 3, comment_id = 8 WHERE id = 23;
UPDATE public.likes SET member_id = 462, post_id = 13, comment_id = 9 WHERE id = 24;
UPDATE public.likes SET member_id = 466, post_id = 4, comment_id = 25 WHERE id = 25;
UPDATE public.likes SET member_id = 468, post_id = 23, comment_id = 24 WHERE id = 26;
UPDATE public.likes SET member_id = 456, post_id = 16, comment_id = 8 WHERE id = 27;
UPDATE public.likes SET member_id = 470, post_id = 9, comment_id = 34 WHERE id = 28;
UPDATE public.likes SET member_id = 470, post_id = 19, comment_id = 28 WHERE id = 29;
UPDATE public.likes SET member_id = 462, post_id = 14, comment_id = 6 WHERE id = 30;
UPDATE public.likes SET member_id = 466, post_id = 14, comment_id = 22 WHERE id = 31;
UPDATE public.likes SET member_id = 468, post_id = 4, comment_id = 1 WHERE id = 32;
UPDATE public.likes SET member_id = 442, post_id = 18, comment_id = 18 WHERE id = 33;
UPDATE public.likes SET member_id = 439, post_id = 18, comment_id = 3 WHERE id = 34;
UPDATE public.likes SET member_id = 454, post_id = 8, comment_id = 18 WHERE id = 35;
UPDATE public.likes SET member_id = 441, post_id = 18, comment_id = 28 WHERE id = 36;
UPDATE public.likes SET member_id = 461, post_id = 13, comment_id = 36 WHERE id = 37;
UPDATE public.likes SET member_id = 455, post_id = 10, comment_id = 9 WHERE id = 38;
UPDATE public.likes SET member_id = 463, post_id = 17, comment_id = 28 WHERE id = 39;
UPDATE public.likes SET member_id = 445, post_id = 21, comment_id = 28 WHERE id = 40;
UPDATE public.likes SET member_id = 443, post_id = 18, comment_id = 6 WHERE id = 41;
UPDATE public.likes SET member_id = 462, post_id = 4, comment_id = 8 WHERE id = 42;
UPDATE public.likes SET member_id = 470, post_id = 21, comment_id = 16 WHERE id = 43;
UPDATE public.likes SET member_id = 474, post_id = 21, comment_id = 4 WHERE id = 44;
UPDATE public.likes SET member_id = 473, post_id = 7, comment_id = 14 WHERE id = 45;
UPDATE public.likes SET member_id = 471, post_id = 7, comment_id = 12 WHERE id = 46;
UPDATE public.likes SET member_id = 446, post_id = 4, comment_id = 33 WHERE id = 47;
UPDATE public.likes SET member_id = 470, post_id = 22, comment_id = 32 WHERE id = 48;
UPDATE public.likes SET member_id = 452, post_id = 13, comment_id = 34 WHERE id = 49;
UPDATE public.likes SET member_id = 473, post_id = 11, comment_id = 19 WHERE id = 50;
UPDATE public.likes SET member_id = 467, post_id = 19, comment_id = 13 WHERE id = 51;
UPDATE public.likes SET member_id = 469, post_id = 24, comment_id = 15 WHERE id = 52;
SELECT setval('"public"."likes_id_seq"'::regclass, (SELECT MAX("id") FROM "public"."likes"));

delete from public.club_permissions;

insert into
  public.club_permissions (role, permission)
values
  ('member', 'clubs.read'),
  ('member', 'club_invite_codes.read'),
  ('member', 'members.read'),
  ('member', 'members.delete.own'),
  ('member', 'member_roles.read'),
  ('member', 'readings.read'),
  ('member', 'intervals.read'),
  ('member', 'member_interval_progresses.read'),
  ('member', 'member_interval_progresses.update.own'),
  ('member', 'member_interval_progresses.delete.own'),
  ('member', 'likes.create'),
  ('member', 'likes.read'),
  ('member', 'likes.delete.own'),
  ('member', 'posts.create'),
  ('member', 'posts.read'),
  ('member', 'posts.update.own'),
  ('member', 'posts.delete.own'),
  ('member', 'comments.create'),
  ('member', 'comments.read'),
  ('member', 'comments.update.own'),
  ('member', 'comments.delete.own'),
  ('moderator', 'clubs.read'),
  ('moderator', 'club_invite_codes.read'),
  ('moderator', 'members.read'),
  ('moderator', 'members.delete'),
  ('moderator', 'members.delete.own'),
  ('moderator', 'member_roles.read'),
  ('moderator', 'readings.read'),
  ('moderator', 'intervals.read'),
  ('moderator', 'member_interval_progresses.read'),
  (
    'moderator',
    'member_interval_progresses.update.own'
  ),
  (
    'moderator',
    'member_interval_progresses.delete.own'
  ),
  ('moderator', 'likes.create'),
  ('moderator', 'likes.read'),
  ('moderator', 'likes.delete.own'),
  ('moderator', 'posts.create'),
  ('moderator', 'posts.read'),
  ('moderator', 'posts.update.own'),
  ('moderator', 'posts.delete.own'),
  ('moderator', 'posts.update'),
  ('moderator', 'posts.delete'),
  ('moderator', 'comments.create'),
  ('moderator', 'comments.read'),
  ('moderator', 'comments.update.own'),
  ('moderator', 'comments.delete.own'),
  ('moderator', 'comments.delete'),
  ('admin', 'clubs.read'),
  ('admin', 'clubs.update'),
  ('admin', 'club_invite_codes.create'),
  ('admin', 'club_invite_codes.read'),
  ('admin', 'club_invite_codes.delete'),
  ('admin', 'members.read'),
  ('admin', 'members.delete'),
  ('admin', 'members.delete.own'),
  ('admin', 'member_roles.read'),
  ('admin', 'member_roles.update'),
  ('admin', 'readings.create'),
  ('admin', 'readings.read'),
  ('admin', 'readings.read.all'),
  ('admin', 'readings.update'),
  ('admin', 'readings.delete'),
  ('admin', 'intervals.read'),
  ('admin', 'member_interval_progresses.read'),
  ('admin', 'member_interval_progresses.update.own'),
  ('admin', 'member_interval_progresses.delete.own'),
  ('admin', 'likes.create'),
  ('admin', 'likes.read'),
  ('admin', 'likes.delete.own'),
  ('admin', 'posts.create'),
  ('admin', 'posts.read'),
  ('admin', 'posts.update.own'),
  ('admin', 'posts.delete.own'),
  ('admin', 'posts.update'),
  ('admin', 'posts.delete'),
  ('admin', 'comments.create'),
  ('admin', 'comments.read'),
  ('admin', 'comments.update.own'),
  ('admin', 'comments.delete.own'),
  ('admin', 'comments.delete');
